qid,bench,focus,question,answer,distractors,url,input_modality,output_modality,category_1_split
aha_q_1,aha,"[""sound""]",What is the chronological order of the sound events in this audio?,"[""The cat meowed first, then the cowbell rang.""]","[""The cowbell rang first, then the cat meowed.""]","[""test500_duration/audio/syn_1""]","[""audio"", ""text""]",text,test
aha_q_2,aha,"[""sound""]",How many times does each sound event occur?,"[""The telephone rang once and the female sang once.""]","[""The telephone rang twice and the female sang once.""]","[""test500_duration/audio/syn_102""]","[""audio"", ""text""]",text,test
aha_q_3,aha,"[""sound""]",What is the chronological order of the sound events in this audio?,"[""The paper rustled first, then the whip cracked.""]","[""The whip cracked first, then the paper rustled.""]","[""test500_duration/audio/syn_103""]","[""audio"", ""text""]",text,test
aha_q_4,aha,"[""sound""]",Which sound event has the longest duration?,"[""Sanding has the longest duration.""]","[""Whip cracked has the longest duration.""]","[""test500_duration/audio/syn_104""]","[""audio"", ""text""]",text,test
aha_q_5,aha,"[""sound""]",Which sound event has the longest duration?,"[""The whistle has the longest duration.""]","[""The buzz has the longest duration.""]","[""test500_duration/audio/syn_105""]","[""audio"", ""text""]",text,test
aha_q_6,aha,"[""sound""]",How many distinct sound events occur in this sequence?,"[""Two sound events occur in this sequence.""]","[""Three sound events occur in this sequence.""]","[""test500_duration/audio/syn_107""]","[""audio"", ""text""]",text,test
aha_q_7,aha,"[""sound""]",What is the temporal structure of this audio clip?,"[""Person breathing, then a ding, then a whistle.""]","[""A person breathed, a whistle, then a ding.""]","[""test500_duration/audio/syn_109""]","[""audio"", ""text""]",text,test
aha_q_8,aha,"[""sound""]",What is the chronological order of the sound events in this audio?,"[""The squeak occurs first, followed by the quack.""]","[""The quack occurs first, followed by the squeak.""]","[""test500_duration/audio/syn_11""]","[""audio"", ""text""]",text,test
aha_q_9,aha,"[""sound""]",What is the chronological order of the sound events in this audio?,"[""Rustling then machine gun firing.""]","[""The machine gun fired first, then rustling occurred.""]","[""test500_duration/audio/syn_110""]","[""audio"", ""text""]",text,test
aha_q_10,aha,"[""sound""]",How many distinct sound events occur in this sequence?,"[""Three sound events occur.""]","[""Two sound events occur.""]","[""test500_duration/audio/syn_112""]","[""audio"", ""text""]",text,test
aha_q_11,aha,"[""sound""]",Which sound event has the longest duration?,"[""The civil defense siren wailed the longest.""]","[""The person groaned the longest.""]","[""test500_duration/audio/syn_113""]","[""audio"", ""text""]",text,test
aha_q_12,aha,"[""sound""]",What is the temporal structure of this audio clip?,"[""The ticking sound occurs first, then the sanding sound.""]","[""The sanding sound occurs first, then the ticking sound.""]","[""test500_duration/audio/syn_114""]","[""audio"", ""text""]",text,test
aha_q_13,aha,"[""sound""]",What is the chronological order of the sound events in this audio?,"[""The pig oinked first, then the telephone bell rang.""]","[""The telephone bell rang first, then the pig oinked.""]","[""test500_duration/audio/syn_115""]","[""audio"", ""text""]",text,test
aha_q_14,aha,"[""sound""]",How many distinct sound events occur in this sequence?,"[""Two sound events occur.""]","[""Three sound events occur: a yip, a gunshot, and a scream.""]","[""test500_duration/audio/syn_116""]","[""audio"", ""text""]",text,test
aha_q_15,aha,"[""sound""]",How many distinct sound events occur in this sequence?,"[""Two sound events occur.""]","[""Three sound events occur.""]","[""test500_duration/audio/syn_121""]","[""audio"", ""text""]",text,test
aha_q_16,aha,"[""sound""]",What is the temporal structure of this audio clip?,"[""Hammer strikes first, then music plays.""]","[""Music starts first, then hammer strikes.""]","[""test500_duration/audio/syn_124""]","[""audio"", ""text""]",text,test
aha_q_17,aha,"[""sound""]",What is the sequence of sounds from start to finish?,"[""The ship horn blared first, then the cough occurred.""]","[""The cough occurred before the ship horn.""]","[""test500_duration/audio/syn_127""]","[""audio"", ""text""]",text,test
aha_q_18,aha,"[""sound""]",What is the temporal structure of this audio clip?,"[""Yip occurs first, then paper rustles.""]","[""Paper rustles first, then a yip occurs.""]","[""test500_duration/audio/syn_128""]","[""audio"", ""text""]",text,test
aha_q_19,aha,"[""sound""]",How many distinct sound events occur in this sequence?,"[""Two sound events occur in this sequence.""]","[""Three sound events occur in this sequence.""]","[""test500_duration/audio/syn_130""]","[""audio"", ""text""]",text,test
aha_q_20,aha,"[""sound""]",What is the temporal structure of this audio clip?,"[""The whip cracked first, then the sawing occurred.""]","[""The sawing came first, then the whip cracked.""]","[""test500_duration/audio/syn_133""]","[""audio"", ""text""]",text,test
aha_q_21,aha,"[""sound""]",Which sound event has the longest duration?,"[""Glass shattering has the longest duration.""]","[""Gunshot has the longest duration.""]","[""test500_duration/audio/syn_134""]","[""audio"", ""text""]",text,test
aha_q_22,aha,"[""sound""]",What is the chronological order of the sound events in this audio?,"[""The doorbell rang first, then snoring.""]","[""Snoring occurred first, then the doorbell rang.""]","[""test500_duration/audio/syn_135""]","[""audio"", ""text""]",text,test
aha_q_23,aha,"[""sound""]",What is the temporal structure of this audio clip?,"[""The chirp and tweet occurred before the jet engine sound.""]","[""The jet engine sound occurs first, followed by the chirp and tweet.""]","[""test500_duration/audio/syn_137""]","[""audio"", ""text""]",text,test
aha_q_24,aha,"[""sound""]",What is the temporal structure of this audio clip?,"[""Person chuckled before the alarm sounded.""]","[""The alarm sounded before the person chuckled.""]","[""test500_duration/audio/syn_138""]","[""audio"", ""text""]",text,test
aha_q_25,aha,"[""sound""]",What is the sequence of sounds from start to finish?,"[""Static followed by a police car siren.""]","[""There was static then a siren, but the static lasted longer than 1.162 seconds.""]","[""test500_duration/audio/syn_139""]","[""audio"", ""text""]",text,test
aha_q_26,aha,"[""sound""]",What is the chronological order of the sound events in this audio?,"[""The whooshing sound occurs first, then the hiss, followed by the telephone dialing.""]","[""The telephone dialing occurs first, then the hiss, and finally the whooshing sound.""]","[""test500_duration/audio/syn_14""]","[""audio"", ""text""]",text,test
aha_q_27,aha,"[""sound""]",Which sound event has the longest duration?,"[""The grunt has the longest duration.""]","[""The plop has the longest duration.""]","[""test500_duration/audio/syn_142""]","[""audio"", ""text""]",text,test
aha_q_28,aha,"[""sound""]",Which sound event has the longest duration?,"[""The whistle has the longest duration.""]","[""The ticking sound has the longest duration.""]","[""test500_duration/audio/syn_143""]","[""audio"", ""text""]",text,test
aha_q_29,aha,"[""sound""]",Which sound event has the longest duration?,"[""The cock crowed has the longest duration.""]","[""The whistle sounded has the longest duration.""]","[""test500_duration/audio/syn_144""]","[""audio"", ""text""]",text,test
aha_q_30,aha,"[""sound""]",What is the temporal structure of this audio clip?,"[""The cricket chirped first, then the water tap ran.""]","[""The water tap ran first, then the cricket chirped.""]","[""test500_duration/audio/syn_145""]","[""audio"", ""text""]",text,test
aha_q_31,aha,"[""sound""]",What is the temporal structure of this audio clip?,"[""The growling occurs first, followed by the cap gun.""]","[""The cap gun occurs first, then the growling.""]","[""test500_duration/audio/syn_146""]","[""audio"", ""text""]",text,test
aha_q_32,aha,"[""sound""]",What is the temporal structure of this audio clip?,"[""Hiss occurs first, then thunder rumbling follows.""]","[""Thunder rumbling occurs first, then hiss.""]","[""test500_duration/audio/syn_150""]","[""audio"", ""text""]",text,test
aha_q_33,aha,"[""sound""]",What is the sequence of sounds from start to finish?,"[""Dial tone then car horn honk.""]","[""Car horn honked first, then the dial tone.""]","[""test500_duration/audio/syn_151""]","[""audio"", ""text""]",text,test
aha_q_34,aha,"[""sound""]",What is the chronological order of the sound events in this audio?,"[""The hum occurred first, followed by the liquid sound.""]","[""The liquid sound happened first, then the hum.""]","[""test500_duration/audio/syn_152""]","[""audio"", ""text""]",text,test
aha_q_35,aha,"[""sound""]",What is the temporal structure of this audio clip?,"[""The sanding noise occurs first, then the fart sound.""]","[""The fart sound occurs first, then the sanding noise.""]","[""test500_duration/audio/syn_153""]","[""audio"", ""text""]",text,test
aha_q_36,aha,"[""sound""]",Which sound event has the longest duration?,"[""The ship's horn has the longest duration.""]","[""The biting sound has the longest duration.""]","[""test500_duration/audio/syn_154""]","[""audio"", ""text""]",text,test
aha_q_37,aha,"[""sound""]",What is the chronological order of the sound events in this audio?,"[""The whistle occurs first, then someone breathes.""]","[""Someone breathes first, then a whistle occurs.""]","[""test500_duration/audio/syn_157""]","[""audio"", ""text""]",text,test
aha_q_38,aha,"[""sound""]",Which sound event has the longest duration?,"[""The fart has the longest duration.""]","[""The bird has the longest duration.""]","[""test500_duration/audio/syn_159""]","[""audio"", ""text""]",text,test
aha_q_39,aha,"[""sound""]",What is the temporal structure of this audio clip?,"[""The fireworks burst occurs first, followed by the emergency vehicle siren.""]","[""The emergency vehicle siren wails first, then the fireworks burst.""]","[""test500_duration/audio/syn_160""]","[""audio"", ""text""]",text,test
aha_q_40,aha,"[""sound""]",What is the sequence of sounds from start to finish?,"[""The dog barked first, then the fire alarm sounded.""]","[""The fire alarm sounded first, then the dog barked.""]","[""test500_duration/audio/syn_162""]","[""audio"", ""text""]",text,test
aha_q_41,aha,"[""sound""]",What is the temporal structure of this audio clip?,"[""The train horn sounds first, then a chirp and tweet, followed by a whistle.""]","[""The train horn sounds first, then a tweet, followed by a chirp and a whistle.""]","[""test500_duration/audio/syn_164""]","[""audio"", ""text""]",text,test
aha_q_42,aha,"[""sound""]",Which sound event has the longest duration?,"[""The engine knocking has the longest duration.""]","[""The bleat has the longest duration.""]","[""test500_duration/audio/syn_165""]","[""audio"", ""text""]",text,test
aha_q_43,aha,"[""sound""]",What is the temporal structure of this audio clip?,"[""Toilet flush followed by a mosquito buzz.""]","[""The mosquito buzz occurs first, then the toilet flush.""]","[""test500_duration/audio/syn_166""]","[""audio"", ""text""]",text,test
aha_q_44,aha,"[""sound""]",What is the chronological order of the sound events in this audio?,"[""Sanding noise occurred first, then the slap-smack sound.""]","[""The slap-smack sound occurred first, then the sanding noise.""]","[""test500_duration/audio/syn_167""]","[""audio"", ""text""]",text,test
aha_q_45,aha,"[""sound""]",What is the temporal structure of this audio clip?,"[""A person cleared their throat first, then hiccuped.""]","[""A person hiccuped first, then cleared their throat.""]","[""test500_duration/audio/syn_17""]","[""audio"", ""text""]",text,test
aha_q_46,aha,"[""sound""]",What is the chronological order of the sound events in this audio?,"[""The person burped first, then a growling sound followed.""]","[""The growling sound occurred before the person burped.""]","[""test500_duration/audio/syn_172""]","[""audio"", ""text""]",text,test
aha_q_47,aha,"[""sound""]",What is the temporal structure of this audio clip?,"[""The whistle sounds first, followed by laughter.""]","[""Laughter sounds first, then the whistle.""]","[""test500_duration/audio/syn_173""]","[""audio"", ""text""]",text,test
aha_q_48,aha,"[""sound""]",What is the chronological order of the sound events in this audio?,"[""A hum then a computer keyboard sound, in that order.""]","[""A computer keyboard sound then a hum, in that order.""]","[""test500_duration/audio/syn_174""]","[""audio"", ""text""]",text,test
aha_q_49,aha,"[""sound""]",What is the chronological order of the sound events in this audio?,"[""The mosquito buzzed first, then the medium engine ran.""]","[""The medium engine ran first, then the mosquito buzzed.""]","[""test500_duration/audio/syn_175""]","[""audio"", ""text""]",text,test
aha_q_50,aha,"[""sound""]",What is the chronological order of the sound events in this audio?,"[""The beep bleep sound occurs first, followed by the shout.""]","[""The shout occurs first, then the beep bleep sound.""]","[""test500_duration/audio/syn_177""]","[""audio"", ""text""]",text,test
aha_q_51,aha,"[""sound""]",What is the chronological order of the sound events in this audio?,"[""A person groaned first, then a sewing machine ran.""]","[""A sewing machine ran first, then a person groaned.""]","[""test500_duration/audio/syn_180""]","[""audio"", ""text""]",text,test
aha_q_52,aha,"[""sound""]",What is the chronological order of the sound events in this audio?,"[""Gurgling and bubbling, then rustling, then drilling.""]","[""Rustling, then gurgling and bubbling, then drilling.""]","[""test500_duration/audio/syn_181""]","[""audio"", ""text""]",text,test
aha_q_53,aha,"[""sound""]",What is the temporal structure of this audio clip?,"[""Mosquito buzzed first, then doorbell rang.""]","[""The doorbell rang first, then a mosquito buzzed.""]","[""test500_duration/audio/syn_182""]","[""audio"", ""text""]",text,test
aha_q_54,aha,"[""sound""]",What is the temporal structure of this audio clip?,"[""The person burped first, followed by laughter.""]","[""Laughter occurs first, then the person burped.""]","[""test500_duration/audio/syn_183""]","[""audio"", ""text""]",text,test
aha_q_55,aha,"[""sound""]",What is the chronological order of the sound events in this audio?,"[""A squeak, then hammering, then a bark.""]","[""The bark occurs first, followed by the squeak, then hammering.""]","[""test500_duration/audio/syn_185""]","[""audio"", ""text""]",text,test
aha_q_56,aha,"[""sound""]",What is the temporal structure of this audio clip?,"[""The whistle sounded first, followed by the paper rustling.""]","[""The paper rustled first, then the whistle sounded.""]","[""test500_duration/audio/syn_186""]","[""audio"", ""text""]",text,test
aha_q_57,aha,"[""sound""]",Which sound event has the longest duration?,"[""Bird calls have the longest duration.""]","[""Dog barking has the longest duration.""]","[""test500_duration/audio/syn_19""]","[""audio"", ""text""]",text,test
aha_q_58,aha,"[""sound""]",What is the temporal structure of this audio clip?,"[""The door slammed first, then the frog croaked.""]","[""The frog croaked first, then the door slammed.""]","[""test500_duration/audio/syn_191""]","[""audio"", ""text""]",text,test
aha_q_59,aha,"[""sound""]",How many distinct sound events occur in this sequence?,"[""Two sound events occur.""]","[""Three sound events occur.""]","[""test500_duration/audio/syn_193""]","[""audio"", ""text""]",text,test
aha_q_60,aha,"[""sound""]",Which sound event has the longest duration?,"[""The tearing noise has the longest duration.""]","[""The tearing noise has the shortest duration.""]","[""test500_duration/audio/syn_195""]","[""audio"", ""text""]",text,test
aha_q_61,aha,"[""sound""]",What is the chronological order of the sound events in this audio?,"[""The hiss occurs first, then the train whistle.""]","[""The train whistle occurs before the hiss.""]","[""test500_duration/audio/syn_196""]","[""audio"", ""text""]",text,test
aha_q_62,aha,"[""sound""]",What is the chronological order of the sound events in this audio?,"[""A crunch occurred first, followed by the sound of waves and surf.""]","[""The sound of waves and surf occurred first, then a crunch.""]","[""test500_duration/audio/syn_197""]","[""audio"", ""text""]",text,test
aha_q_63,aha,"[""sound""]",What is the chronological order of the sound events in this audio?,"[""The growling occurs first, followed by the ambulance siren.""]","[""The ambulance siren occurs before the growling.""]","[""test500_duration/audio/syn_198""]","[""audio"", ""text""]",text,test
aha_q_64,aha,"[""sound""]",What is the temporal structure of this audio clip?,"[""The bite was taken first, followed by throat clearing.""]","[""Throat clearing occurs before the bite, and it lasts longer.""]","[""test500_duration/audio/syn_199""]","[""audio"", ""text""]",text,test
aha_q_65,aha,"[""sound""]",What is the temporal structure of this audio clip?,"[""The train whistle sounds first, then the doorbell rings.""]","[""The doorbell rings first, then the train whistle sounds.""]","[""test500_duration/audio/syn_200""]","[""audio"", ""text""]",text,test
aha_q_66,aha,"[""sound""]",What is the temporal structure of this audio clip?,"[""The object broke first, then glass shattered.""]","[""Glass shattered first, then something broke.""]","[""test500_duration/audio/syn_202""]","[""audio"", ""text""]",text,test
aha_q_67,aha,"[""sound""]",What is the temporal structure of this audio clip?,"[""Throat clearing occurs first, followed by the bathtub sound.""]","[""The bathtub sound occurs first, then the person clears their throat.""]","[""test500_duration/audio/syn_203""]","[""audio"", ""text""]",text,test
aha_q_68,aha,"[""sound""]",What is the sequence of sounds from start to finish?,"[""Car acceleration then hammer""]","[""Hammer then car acceleration""]","[""test500_duration/audio/syn_204""]","[""audio"", ""text""]",text,test
aha_q_69,aha,"[""sound""]",What is the chronological order of the sound events in this audio?,"[""The bird vocalized first, followed by the shout.""]","[""The shout occurred first, then the bird vocalized.""]","[""test500_duration/audio/syn_206""]","[""audio"", ""text""]",text,test
aha_q_70,aha,"[""sound""]",What is the chronological order of the sound events in this audio?,"[""Dishes, pots, and pans clanked, then a squeak, followed by a sound effect.""]","[""A squeak occurred first, then dishes, pots, and pans clanked, followed by a sound effect.""]","[""test500_duration/audio/syn_207""]","[""audio"", ""text""]",text,test
aha_q_71,aha,"[""sound""]",What is the temporal structure of this audio clip?,"[""The machine gun fire occurred before the ambulance siren.""]","[""The ambulance siren started first, then the machine gun fired.""]","[""test500_duration/audio/syn_209""]","[""audio"", ""text""]",text,test
aha_q_72,aha,"[""sound""]",What is the temporal structure of this audio clip?,"[""The drill was played first, then the fireworks erupted afterward.""]","[""The fireworks occurred first, then the drill operated afterward.""]","[""test500_duration/audio/syn_21""]","[""audio"", ""text""]",text,test
aha_q_73,aha,"[""sound""]",How many distinct sound events occur in this sequence?,"[""Three sound events occur.""]","[""Two sound events occur.""]","[""test500_duration/audio/syn_210""]","[""audio"", ""text""]",text,test
aha_q_74,aha,"[""sound""]",What is the temporal structure of this audio clip?,"[""The vehicle horn is heard first, followed by the fireworks.""]","[""The fireworks are heard first, then the vehicle horn.""]","[""test500_duration/audio/syn_211""]","[""audio"", ""text""]",text,test
aha_q_75,aha,"[""sound""]",What is the temporal structure of this audio clip?,"[""The rooster crowed first, then there was screaming.""]","[""The screaming occurred before the rooster crowed.""]","[""test500_duration/audio/syn_212""]","[""audio"", ""text""]",text,test
aha_q_76,aha,"[""sound""]",What is the temporal structure of this audio clip?,"[""The cricket chirped first, then the steam whistle blew afterward.""]","[""The steam whistle blew first, then the cricket chirped.""]","[""test500_duration/audio/syn_214""]","[""audio"", ""text""]",text,test
aha_q_77,aha,"[""sound""]",What is the temporal structure of this audio clip?,"[""The train whistle occurs before the fireworks explosion.""]","[""The fireworks explode before the train whistle.""]","[""test500_duration/audio/syn_217""]","[""audio"", ""text""]",text,test
aha_q_78,aha,"[""sound""]",How many distinct sound events occur in this sequence?,"[""Two sound events occur: silence and dishes, pots, and pans.""]","[""Three sound events: silence, dishes, and a dog barking.""]","[""test500_duration/audio/syn_218""]","[""audio"", ""text""]",text,test
aha_q_79,aha,"[""sound""]",What is the chronological order of the sound events in this audio?,"[""The train horn blared first, then the shout occurred.""]","[""The shout happened before the train horn blared.""]","[""test500_duration/audio/syn_219""]","[""audio"", ""text""]",text,test
aha_q_80,aha,"[""sound""]",What is the chronological order of the sound events in this audio?,"[""Someone spoke first, then a clock ticked.""]","[""The clock ticked first, then someone spoke.""]","[""test500_duration/audio/syn_22""]","[""audio"", ""text""]",text,test
aha_q_81,aha,"[""sound""]",What is the chronological order of the sound events in this audio?,"[""The woman sang, then gurgled and bubbled, then a slam occurred.""]","[""The woman sang, then a slam, then gurgled and bubbled.""]","[""test500_duration/audio/syn_220""]","[""audio"", ""text""]",text,test
aha_q_82,aha,"[""sound""]",What is the chronological order of the sound events in this audio?,"[""The clock ticked first, then the helicopter was heard.""]","[""The helicopter was heard first, then the clock ticked.""]","[""test500_duration/audio/syn_222""]","[""audio"", ""text""]",text,test
aha_q_83,aha,"[""sound""]",What is the temporal structure of this audio clip?,"[""Baby crying then keys jangling.""]","[""Keys jangled then the baby cried.""]","[""test500_duration/audio/syn_224""]","[""audio"", ""text""]",text,test
aha_q_84,aha,"[""sound""]",Which sound event has the longest duration?,"[""The clock ticking has the longest duration.""]","[""The dog whimpered has the longest duration.""]","[""test500_duration/audio/syn_225""]","[""audio"", ""text""]",text,test
aha_q_85,aha,"[""sound""]",Which sound event has the longest duration?,"[""The siren wailed for the longest duration.""]","[""The mosquito buzzed for the longest duration.""]","[""test500_duration/audio/syn_226""]","[""audio"", ""text""]",text,test
aha_q_86,aha,"[""sound""]",What is the temporal structure of this audio clip?,"[""Keys jangled first, then an oink.""]","[""Oink is heard first, followed by keys jangled.""]","[""test500_duration/audio/syn_227""]","[""audio"", ""text""]",text,test
aha_q_87,aha,"[""sound""]",Which sound event has the longest duration?,"[""The bathtub filling or washing has the longest duration.""]","[""The police car siren has the longest duration.""]","[""test500_duration/audio/syn_228""]","[""audio"", ""text""]",text,test
aha_q_88,aha,"[""sound""]",What is the temporal structure of this audio clip?,"[""The ship horn sounded first, then laughter followed.""]","[""Laughter sounded first, then the ship horn.""]","[""test500_duration/audio/syn_229""]","[""audio"", ""text""]",text,test
aha_q_89,aha,"[""sound""]",What is the chronological order of the sound events in this audio?,"[""The glass shattered first, then a shout occurred.""]","[""The shout occurred first, then the glass shattered.""]","[""test500_duration/audio/syn_232""]","[""audio"", ""text""]",text,test
aha_q_90,aha,"[""sound""]",Which sound event has the longest duration?,"[""The sawing sound has the longest duration.""]","[""The train horn has the longest duration.""]","[""test500_duration/audio/syn_234""]","[""audio"", ""text""]",text,test
aha_q_91,aha,"[""sound""]",How many distinct sound events occur in this sequence?,"[""Two sound events occur.""]","[""Three sound events occur.""]","[""test500_duration/audio/syn_236""]","[""audio"", ""text""]",text,test
aha_q_92,aha,"[""sound""]",Which sound event has the longest duration?,"[""The foghorn has the longest duration.""]","[""The slap or smack has the longest duration.""]","[""test500_duration/audio/syn_238""]","[""audio"", ""text""]",text,test
aha_q_93,aha,"[""sound""]",What is the chronological order of the sound events in this audio?,"[""The cat meowed first, then the whip cracked, and finally, the typewriter keys clacked.""]","[""The whip cracked first, then the typewriter keys clacked, followed by the cat meowed.""]","[""test500_duration/audio/syn_24""]","[""audio"", ""text""]",text,test
aha_q_94,aha,"[""sound""]",Which sound event has the longest duration?,"[""The spraying sound has the longest duration.""]","[""The alarm sound has the longest duration.""]","[""test500_duration/audio/syn_241""]","[""audio"", ""text""]",text,test
aha_q_95,aha,"[""sound""]",What is the temporal structure of this audio clip?,"[""Liquid poured first, then an explosion occurred.""]","[""The explosion happened first, then the liquid poured.""]","[""test500_duration/audio/syn_243""]","[""audio"", ""text""]",text,test
aha_q_96,aha,"[""sound""]",What is the chronological order of the sound events in this audio?,"[""The yip occurred first, then the sawing, followed by the mosquito buzzing.""]","[""The mosquito buzzing occurred first, then the yip, followed by the sawing.""]","[""test500_duration/audio/syn_244""]","[""audio"", ""text""]",text,test
aha_q_97,aha,"[""sound""]",What is the chronological order of the sound events in this audio?,"[""The horse neighed first, then the paper rustled.""]","[""The paper rustled first, then the horse neighed.""]","[""test500_duration/audio/syn_245""]","[""audio"", ""text""]",text,test
aha_q_98,aha,"[""sound""]",What is the temporal structure of this audio clip?,"[""The buzzer sounded first, then the sneeze.""]","[""The sneeze sounded first, then the buzzer.""]","[""test500_duration/audio/syn_248""]","[""audio"", ""text""]",text,test
aha_q_99,aha,"[""sound""]",What is the chronological order of the sound events in this audio?,"[""The air horn from a truck blared first, then the police car siren wailed.""]","[""The police car siren wailed first, then the air horn from the truck blared.""]","[""test500_duration/audio/syn_250""]","[""audio"", ""text""]",text,test
aha_q_100,aha,"[""sound""]",What is the chronological order of the sound events in this audio?,"[""The machine gun firing occurred first, followed by the fire engine siren.""]","[""The fire engine siren occurred first, then the machine gun fired.""]","[""test500_duration/audio/syn_251""]","[""audio"", ""text""]",text,test
aha_q_101,aha,"[""sound""]",Which sound event has the longest duration?,"[""The person crying and sobbing has the longest duration.""]","[""The ticking sound has the longest duration.""]","[""test500_duration/audio/syn_256""]","[""audio"", ""text""]",text,test
aha_q_102,aha,"[""sound""]",Which sound event has the longest duration?,"[""Paper rustled for 2.924 seconds.""]","[""The alarm sounded for 0.249 seconds.""]","[""test500_duration/audio/syn_260""]","[""audio"", ""text""]",text,test
aha_q_103,aha,"[""sound""]",What is the chronological order of the sound events in this audio?,"[""The spray occurs first, followed by the cat's sound.""]","[""The cat's sound occurs first, followed by the spray.""]","[""test500_duration/audio/syn_261""]","[""audio"", ""text""]",text,test
aha_q_104,aha,"[""sound""]",What is the chronological order of the sound events in this audio?,"[""The filing rasp occurs first, followed by the growling sound.""]","[""The growling sound occurs first, then the filing rasp.""]","[""test500_duration/audio/syn_262""]","[""audio"", ""text""]",text,test
aha_q_105,aha,"[""sound""]",How many distinct sound events occur in this sequence?,"[""Three sound events occur in this sequence.""]","[""Two sound events occur: the squeak and bird calls.""]","[""test500_duration/audio/syn_263""]","[""audio"", ""text""]",text,test
aha_q_106,aha,"[""sound""]",How many distinct sound events occur in this sequence?,"[""Two sound events occur in this sequence.""]","[""Three sound events occur in this sequence.""]","[""test500_duration/audio/syn_264""]","[""audio"", ""text""]",text,test
aha_q_107,aha,"[""sound""]",How many times does each sound event occur?,"[""There is one howl and one keys jangled sound.""]","[""There are two howls and two keys jingled sounds.""]","[""test500_duration/audio/syn_265""]","[""audio"", ""text""]",text,test
aha_q_108,aha,"[""sound""]",Which sound event has the longest duration?,"[""The emergency vehicle siren has the longest duration.""]","[""The crunching sound has the longest duration.""]","[""test500_duration/audio/syn_266""]","[""audio"", ""text""]",text,test
aha_q_109,aha,"[""sound""]",What is the chronological order of the sound events in this audio?,"[""The squeak occurs first, then the waterfall.""]","[""The waterfall occurs first, then the squeak.""]","[""test500_duration/audio/syn_27""]","[""audio"", ""text""]",text,test
aha_q_110,aha,"[""sound""]",What is the chronological order of the sound events in this audio?,"[""The bird vocalized first, followed by the spray sound.""]","[""The spray sound occurred before the bird vocalization.""]","[""test500_duration/audio/syn_270""]","[""audio"", ""text""]",text,test
aha_q_111,aha,"[""sound""]",How many distinct sound events occur in this sequence?,"[""Two sound events occur.""]","[""Three sound events occur.""]","[""test500_duration/audio/syn_271""]","[""audio"", ""text""]",text,test
aha_q_112,aha,"[""sound""]",What is the temporal structure of this audio clip?,"[""The electric shaver buzzed first, then the gurgling sound occurred.""]","[""The gurgling sound occurred first, then the electric shaver buzzed.""]","[""test500_duration/audio/syn_273""]","[""audio"", ""text""]",text,test
aha_q_113,aha,"[""sound""]",How many distinct sound events occur in this sequence?,"[""There are two distinct sound events.""]","[""There is only one sound event in the sequence.""]","[""test500_duration/audio/syn_274""]","[""audio"", ""text""]",text,test
aha_q_114,aha,"[""sound""]",What is the chronological order of the sound events in this audio?,"[""The person whistled first, then chuckled and chortled.""]","[""The person chuckled first, then whistled.""]","[""test500_duration/audio/syn_275""]","[""audio"", ""text""]",text,test
aha_q_115,aha,"[""sound""]",How many distinct sound events occur in this sequence?,"[""Two sound events occur: door opening and waterfall.""]","[""Three sound events occur: door opening, waterfall, and footsteps.""]","[""test500_duration/audio/syn_276""]","[""audio"", ""text""]",text,test
aha_q_116,aha,"[""sound""]",What is the temporal structure of this audio clip?,"[""Gurgling occurs before the telephone ringing.""]","[""The telephone ringing occurs before the gurgling sound.""]","[""test500_duration/audio/syn_277""]","[""audio"", ""text""]",text,test
aha_q_117,aha,"[""sound""]",What is the temporal structure of this audio clip?,"[""Knocking occurs first, followed by inhalation, then cap gun firing.""]","[""The cap gun fires first, then knocking, then inhaling.""]","[""test500_duration/audio/syn_279""]","[""audio"", ""text""]",text,test
aha_q_118,aha,"[""sound""]",Which sound event has the longest duration?,"[""Sanding has the longest duration.""]","[""The beep sound has the longest duration.""]","[""test500_duration/audio/syn_28""]","[""audio"", ""text""]",text,test
aha_q_119,aha,"[""sound""]",What is the temporal structure of this audio clip?,"[""The gunshot is heard first, followed by aircraft noise.""]","[""Aircraft noise was heard before the gunshot.""]","[""test500_duration/audio/syn_281""]","[""audio"", ""text""]",text,test
aha_q_120,aha,"[""sound""]",What is the chronological order of the sound events in this audio?,"[""Someone knocked first, then there was a grunt.""]","[""The grunt occurred first, followed by someone knocking.""]","[""test500_duration/audio/syn_282""]","[""audio"", ""text""]",text,test
aha_q_121,aha,"[""sound""]",What is the temporal structure of this audio clip?,"[""The hammer sound occurs before the ship sound.""]","[""The ship sound occurs before the hammer sound.""]","[""test500_duration/audio/syn_283""]","[""audio"", ""text""]",text,test
aha_q_122,aha,"[""sound""]",What is the temporal structure of this audio clip?,"[""The growling noise is heard before the drill.""]","[""The drill is heard before the growling noise.""]","[""test500_duration/audio/syn_286""]","[""audio"", ""text""]",text,test
aha_q_123,aha,"[""sound""]",What is the temporal structure of this audio clip?,"[""Sanding occurs first, then toilet flushing.""]","[""Toilet flushing occurs first, then sanding.""]","[""test500_duration/audio/syn_288""]","[""audio"", ""text""]",text,test
aha_q_124,aha,"[""sound""]",What is the order of sound events in this audio?,"[""A person spoke first, then static followed.""]","[""Static occurs before the person spoke.""]","[""test500_duration/audio/syn_29""]","[""audio"", ""text""]",text,test
aha_q_125,aha,"[""sound""]",What is the chronological order of the sound events in this audio?,"[""The person snored first, then the vehicle accelerated and revved.""]","[""The vehicle accelerated first, then the person snored.""]","[""test500_duration/audio/syn_292""]","[""audio"", ""text""]",text,test
aha_q_126,aha,"[""sound""]",Which sound event has the longest duration?,"[""The truck horn has the longest duration.""]","[""The person snored for the longest time.""]","[""test500_duration/audio/syn_293""]","[""audio"", ""text""]",text,test
aha_q_127,aha,"[""sound""]",What is the chronological order of the sound events in this audio?,"[""The buzzer sounded first, then the jet engine roared.""]","[""The jet engine roared first, then the buzzer sounded.""]","[""test500_duration/audio/syn_294""]","[""audio"", ""text""]",text,test
aha_q_128,aha,"[""sound""]",What is the temporal structure of this audio clip?,"[""A knock occurred first, then a jet engine was heard afterward.""]","[""A jet engine was heard first, then a knock occurred.""]","[""test500_duration/audio/syn_295""]","[""audio"", ""text""]",text,test
aha_q_129,aha,"[""sound""]",What is the chronological order of the sound events in this audio?,"[""Knocking occurs first, then the insect sound.""]","[""The insect sound occurs first, followed by knocking.""]","[""test500_duration/audio/syn_296""]","[""audio"", ""text""]",text,test
aha_q_130,aha,"[""sound""]",What is the chronological order of the sound events in this audio?,"[""Silence followed by a buzz.""]","[""Buzz followed by silence.""]","[""test500_duration/audio/syn_298""]","[""audio"", ""text""]",text,test
aha_q_131,aha,"[""sound""]",What is the temporal structure of this audio clip?,"[""The door opens first, then slams shut.""]","[""The door slams shut first, then opens.""]","[""test500_duration/audio/syn_299""]","[""audio"", ""text""]",text,test
aha_q_132,aha,"[""sound""]",What is the chronological order of the sound events in this audio?,"[""The air horn blared first, then the gurgling, bubbling sound followed.""]","[""The gurgling, bubbling sound occurred first, followed by the air horn.""]","[""test500_duration/audio/syn_300""]","[""audio"", ""text""]",text,test
aha_q_133,aha,"[""sound""]",How many distinct sound events occur in this sequence?,"[""Two sound events occur: giggling and sanding.""]","[""Three sound events occur: giggling, sanding, and coughing.""]","[""test500_duration/audio/syn_301""]","[""audio"", ""text""]",text,test
aha_q_134,aha,"[""sound""]",How many distinct sound events occur in this sequence?,"[""Two sound events occur: a hiss and a cap gun shot.""]","[""Three sound events occur: a hiss, a cap gun, and a scream.""]","[""test500_duration/audio/syn_302""]","[""audio"", ""text""]",text,test
aha_q_135,aha,"[""sound""]",What is the temporal structure of this audio clip?,"[""Thump and thud, then whip crack, then bark.""]","[""The whip crack occurs before the thump and thud, followed by a bark.""]","[""test500_duration/audio/syn_303""]","[""audio"", ""text""]",text,test
aha_q_136,aha,"[""sound""]",How many distinct sound events occur in this sequence?,"[""Two sound events occur: tire squeal and truck horn.""]","[""Three sound events occur: tire squeal, truck horn, and siren.""]","[""test500_duration/audio/syn_304""]","[""audio"", ""text""]",text,test
aha_q_137,aha,"[""sound""]",Which sound event has the longest duration?,"[""The ambulance siren has the longest duration.""]","[""The dishes clattered has the longest duration.""]","[""test500_duration/audio/syn_308""]","[""audio"", ""text""]",text,test
aha_q_138,aha,"[""sound""]",What is the temporal structure of this audio clip?,"[""The busy signal beeped first, then the civil defense siren wailed.""]","[""The civil defense siren wailed first, then the busy signal beeped.""]","[""test500_duration/audio/syn_31""]","[""audio"", ""text""]",text,test
aha_q_139,aha,"[""sound""]",Which sound event has the longest duration?,"[""The aircraft engine has the longest duration.""]","[""The spray has the longest duration.""]","[""test500_duration/audio/syn_310""]","[""audio"", ""text""]",text,test
aha_q_140,aha,"[""sound""]",What is the temporal structure of this audio clip?,"[""The person cleared their throat first, then the foghorn sounded.""]","[""The foghorn blared first, followed by the person clearing their throat.""]","[""test500_duration/audio/syn_311""]","[""audio"", ""text""]",text,test
aha_q_141,aha,"[""sound""]",What is the chronological order of the sound events in this audio?,"[""The ship's horn sounded first, followed by the buzzer.""]","[""The buzzer sounded first, then the ship's horn.""]","[""test500_duration/audio/syn_312""]","[""audio"", ""text""]",text,test
aha_q_142,aha,"[""sound""]",Which sound event has the longest duration?,"[""The groan has the longest duration.""]","[""The bird vocalized longer than the groan.""]","[""test500_duration/audio/syn_313""]","[""audio"", ""text""]",text,test
aha_q_143,aha,"[""sound""]",Which sound event has the longest duration?,"[""The burping sound has the longest duration.""]","[""The thump has the longest duration.""]","[""test500_duration/audio/syn_316""]","[""audio"", ""text""]",text,test
aha_q_144,aha,"[""sound""]",How many distinct sound events occur in this sequence?,"[""Three sound events occur: burping, throat clearing, and a sound effect.""]","[""Two sound events happen: burping and a sound effect.""]","[""test500_duration/audio/syn_317""]","[""audio"", ""text""]",text,test
aha_q_145,aha,"[""sound""]",What is the chronological order of the sound events in this audio?,"[""The person screamed first, then the mosquito buzzed.""]","[""The mosquito buzzed first, then the person screamed.""]","[""test500_duration/audio/syn_318""]","[""audio"", ""text""]",text,test
aha_q_146,aha,"[""sound""]",Which sound event has the longest duration?,"[""The groan has the longest duration.""]","[""The giggle has the longest duration.""]","[""test500_duration/audio/syn_319""]","[""audio"", ""text""]",text,test
aha_q_147,aha,"[""sound""]",What is the chronological order of the sound events in this audio?,"[""The bathtub filling or washing occurs first, followed by the engine knocking.""]","[""The engine knocking occurs first, then the bathtub filling or washing.""]","[""test500_duration/audio/syn_32""]","[""audio"", ""text""]",text,test
aha_q_148,aha,"[""sound""]",What is the temporal structure of this audio clip?,"[""The rustling sound occurs before the static noise.""]","[""The static noise occurs before the rustling sound.""]","[""test500_duration/audio/syn_320""]","[""audio"", ""text""]",text,test
aha_q_149,aha,"[""sound""]",What is the temporal structure of this audio clip?,"[""The train horn sounds first, then the sewing machine runs afterward.""]","[""The sewing machine sounds first, then the train horn sounds afterward.""]","[""test500_duration/audio/syn_322""]","[""audio"", ""text""]",text,test
aha_q_150,aha,"[""sound""]",Which sound event has the longest duration?,"[""The waterfall has the longest duration.""]","[""The busy signal has the longest duration.""]","[""test500_duration/audio/syn_327""]","[""audio"", ""text""]",text,test
aha_q_151,aha,"[""sound""]",How many distinct sound events occur in this sequence?,"[""Two sound events occur.""]","[""Three sound events occur.""]","[""test500_duration/audio/syn_328""]","[""audio"", ""text""]",text,test
aha_q_152,aha,"[""sound""]",Which sound event has the longest duration?,"[""The bell ringing has the longest duration.""]","[""The telephone dialing using DTMF tones has the longest duration.""]","[""test500_duration/audio/syn_33""]","[""audio"", ""text""]",text,test
aha_q_153,aha,"[""sound""]",Which sound event has the longest duration?,"[""The vacuum cleaner has the longest duration.""]","[""The bell dinged for 0.291 seconds, then a vacuum cleaner ran for 4.348 seconds.""]","[""test500_duration/audio/syn_332""]","[""audio"", ""text""]",text,test
aha_q_154,aha,"[""sound""]",Which sound event has the longest duration?,"[""The person spoke has the longest duration.""]","[""The static has the longest duration.""]","[""test500_duration/audio/syn_334""]","[""audio"", ""text""]",text,test
aha_q_155,aha,"[""sound""]",What is the temporal structure of this audio clip?,"[""Glass shattering occurs before the dog whimpering.""]","[""The dog whimpering happens before the glass shattering.""]","[""test500_duration/audio/syn_335""]","[""audio"", ""text""]",text,test
aha_q_156,aha,"[""sound""]",What is the chronological order of the sound events in this audio?,"[""The clock ticked, then rustled, then a car passed by.""]","[""The rustling occurred first, then the clock ticked, and later a car passed by.""]","[""test500_duration/audio/syn_336""]","[""audio"", ""text""]",text,test
aha_q_157,aha,"[""sound""]",Which sound event has the longest duration?,"[""The electric shaver buzzed the longest.""]","[""The sanding sound lasted longer than the shaver.""]","[""test500_duration/audio/syn_337""]","[""audio"", ""text""]",text,test
aha_q_158,aha,"[""sound""]",How many distinct sound events occur in this sequence?,"[""Two sound events occur.""]","[""Three sound events occur.""]","[""test500_duration/audio/syn_339""]","[""audio"", ""text""]",text,test
aha_q_159,aha,"[""sound""]",What is the chronological order of the sound events in this audio?,"[""The growling sound occurs first, followed by the helicopter noise.""]","[""The helicopter noise occurs first, followed by the growling sound.""]","[""test500_duration/audio/syn_340""]","[""audio"", ""text""]",text,test
aha_q_160,aha,"[""sound""]",What is the chronological order of the sound events in this audio?,"[""The ticking sound occurs first, followed by screaming.""]","[""The screaming occurs first, then the ticking sound.""]","[""test500_duration/audio/syn_341""]","[""audio"", ""text""]",text,test
aha_q_161,aha,"[""sound""]",What is the sequence of sounds from start to finish?,"[""A buzz occurred first, then a doorbell ring.""]","[""The doorbell ring occurred first, followed by a buzz.""]","[""test500_duration/audio/syn_342""]","[""audio"", ""text""]",text,test
aha_q_162,aha,"[""sound""]",Which sound event has the longest duration?,"[""Rain on a surface has the longest duration.""]","[""The beep sound has the longest duration.""]","[""test500_duration/audio/syn_343""]","[""audio"", ""text""]",text,test
aha_q_163,aha,"[""sound""]",What is the chronological order of the sound events in this audio?,"[""The person coughed first, then there was a buzzing sound.""]","[""The buzzing sound occurred before the person coughed.""]","[""test500_duration/audio/syn_345""]","[""audio"", ""text""]",text,test
aha_q_164,aha,"[""sound""]",How many distinct sound events occur in this sequence?,"[""Two sound events occur in this sequence.""]","[""Three sound events occur in this sequence.""]","[""test500_duration/audio/syn_347""]","[""audio"", ""text""]",text,test
aha_q_165,aha,"[""sound""]",What is the temporal structure of this audio clip?,"[""The air horn sounded first, then the ding followed.""]","[""The ding sounded first, then the air horn followed.""]","[""test500_duration/audio/syn_348""]","[""audio"", ""text""]",text,test
aha_q_166,aha,"[""sound""]",What is the temporal structure of this audio clip?,"[""Liquid poured then a burp.""]","[""A burp then liquid poured.""]","[""test500_duration/audio/syn_349""]","[""audio"", ""text""]",text,test
aha_q_167,aha,"[""sound""]",How many distinct sound events occur in this sequence?,"[""There are two distinct sound events: a cough and a machine gun fire.""]","[""There are three distinct sound events: a cough, a machine gun fire, and a siren.""]","[""test500_duration/audio/syn_35""]","[""audio"", ""text""]",text,test
aha_q_168,aha,"[""sound""]",Which sound event has the longest duration?,"[""The engine revving has the longest duration.""]","[""The engine revving has the shortest duration.""]","[""test500_duration/audio/syn_350""]","[""audio"", ""text""]",text,test
aha_q_169,aha,"[""sound""]",What is the temporal structure of this audio clip?,"[""The hum occurs first, followed by the busy signal.""]","[""The busy signal occurs first, then the hum.""]","[""test500_duration/audio/syn_351""]","[""audio"", ""text""]",text,test
aha_q_170,aha,"[""sound""]",What is the temporal structure of this audio clip?,"[""The pig oinked first, then the swooshing sound followed.""]","[""The swooshing sound occurred first, then the pig oinked.""]","[""test500_duration/audio/syn_352""]","[""audio"", ""text""]",text,test
aha_q_171,aha,"[""sound""]",What is the temporal structure of this audio clip?,"[""The doorbell rings first, then crumpling occurs.""]","[""The crumpling sounds before the doorbell rings.""]","[""test500_duration/audio/syn_353""]","[""audio"", ""text""]",text,test
aha_q_172,aha,"[""sound""]",What is the temporal structure of this audio clip?,"[""The grunt occurs before the slap.""]","[""The slap occurs before the grunt.""]","[""test500_duration/audio/syn_355""]","[""audio"", ""text""]",text,test
aha_q_173,aha,"[""sound""]",What is the temporal structure of this audio clip?,"[""A person shouted first, then coughed.""]","[""The person coughed first, then shouted.""]","[""test500_duration/audio/syn_356""]","[""audio"", ""text""]",text,test
aha_q_174,aha,"[""sound""]",Which sound event has the longest duration?,"[""Thunder rumbled for the longest duration.""]","[""The air horn sounded for the longest time.""]","[""test500_duration/audio/syn_358""]","[""audio"", ""text""]",text,test
aha_q_175,aha,"[""sound""]",How many distinct sound events occur in this sequence?,"[""Two sound events occur.""]","[""Three sound events occur in the sequence.""]","[""test500_duration/audio/syn_36""]","[""audio"", ""text""]",text,test
aha_q_176,aha,"[""sound""]",Which sound event has the longest duration?,"[""The howl has the longest duration.""]","[""The bell dinged has the longest duration.""]","[""test500_duration/audio/syn_360""]","[""audio"", ""text""]",text,test
aha_q_177,aha,"[""sound""]",What is the temporal structure of this audio clip?,"[""Throat clearing occurs first, then a hiss follows.""]","[""The hiss occurs before the throat clearing in the audio.""]","[""test500_duration/audio/syn_361""]","[""audio"", ""text""]",text,test
aha_q_178,aha,"[""sound""]",What is the temporal structure of this audio clip?,"[""The slap occurs first, then the engine runs.""]","[""The engine runs first, then the slap occurs.""]","[""test500_duration/audio/syn_363""]","[""audio"", ""text""]",text,test
aha_q_179,aha,"[""sound""]",What is the chronological order of the sound events in this audio?,"[""A person spoke first, then a telephone rang.""]","[""The telephone rang first, then a person spoke.""]","[""test500_duration/audio/syn_364""]","[""audio"", ""text""]",text,test
aha_q_180,aha,"[""sound""]",What is the temporal structure of this audio clip?,"[""The cowbell sounded first, followed by a brief dog bark.""]","[""The dog barked first, then the cowbell rang.""]","[""test500_duration/audio/syn_365""]","[""audio"", ""text""]",text,test
aha_q_181,aha,"[""sound""]",What is the chronological order of the sound events in this audio?,"[""Water gurgled and bubbled first, then a bark.""]","[""A bark occurred first, then water gurgled and bubbled.""]","[""test500_duration/audio/syn_367""]","[""audio"", ""text""]",text,test
aha_q_182,aha,"[""sound""]",What is the chronological order of the sound events in this audio?,"[""The buzz occurs first, then the power saw operates afterwards.""]","[""The power saw occurs first, then the buzz.""]","[""test500_duration/audio/syn_368""]","[""audio"", ""text""]",text,test
aha_q_183,aha,"[""sound""]",What is the temporal structure of this audio clip?,"[""The chirp and tweet occurred first, followed by silence.""]","[""The tweet occurred first, followed by the chirp, then silence.""]","[""test500_duration/audio/syn_37""]","[""audio"", ""text""]",text,test
aha_q_184,aha,"[""sound""]",What is the temporal structure of this audio clip?,"[""The child sang first, then there was a fart sound.""]","[""The fart sound occurred first, then the child sang.""]","[""test500_duration/audio/syn_370""]","[""audio"", ""text""]",text,test
aha_q_185,aha,"[""sound""]",Which sound event has the longest duration?,"[""The aircraft engine has the longest duration.""]","[""The cock crowed has the longest duration.""]","[""test500_duration/audio/syn_371""]","[""audio"", ""text""]",text,test
aha_q_186,aha,"[""sound""]",What is the temporal structure of this audio clip?,"[""The pig oinked first, then the whooshing sound.""]","[""The whooshing sound happened before the pig oinked.""]","[""test500_duration/audio/syn_372""]","[""audio"", ""text""]",text,test
aha_q_187,aha,"[""sound""]",What is the chronological order of the sound events in this audio?,"[""The female sang first, then a slap or smack.""]","[""A slap or smack occurred first, then the female sang.""]","[""test500_duration/audio/syn_373""]","[""audio"", ""text""]",text,test
aha_q_188,aha,"[""sound""]",Which sound event has the longest duration?,"[""The engine knocked has the longest duration.""]","[""The duck quacked has the longest duration.""]","[""test500_duration/audio/syn_374""]","[""audio"", ""text""]",text,test
aha_q_189,aha,"[""sound""]",What is the temporal structure of this audio clip?,"[""The beep bleeped first, then the dog whimpered.""]","[""The dog whimpered first, then the beep bleeped.""]","[""test500_duration/audio/syn_375""]","[""audio"", ""text""]",text,test
aha_q_190,aha,"[""sound""]",What is the chronological order of the sound events in this audio?,"[""The telephone rang first, then there was a grunt.""]","[""The grunt occurred before the telephone rang.""]","[""test500_duration/audio/syn_376""]","[""audio"", ""text""]",text,test
aha_q_191,aha,"[""sound""]",What is the temporal structure of this audio clip?,"[""The clock ticked first, then someone grunted.""]","[""Someone grunted first, then the clock ticked.""]","[""test500_duration/audio/syn_377""]","[""audio"", ""text""]",text,test
aha_q_192,aha,"[""sound""]",How many distinct sound events occur in this sequence?,"[""There are two sound events: a baby crying and an oink.""]","[""There is only one sound event, the baby crying.""]","[""test500_duration/audio/syn_382""]","[""audio"", ""text""]",text,test
aha_q_193,aha,"[""sound""]",What is the chronological order of the sound events in this audio?,"[""The person sneezed first, then the mosquito buzzed.""]","[""The mosquito buzzed first, then the person sneezed.""]","[""test500_duration/audio/syn_383""]","[""audio"", ""text""]",text,test
aha_q_194,aha,"[""sound""]",What is the temporal structure of this audio clip?,"[""The chuckle or chortle is heard before the laughter.""]","[""The laughter occurs before the chuckle or chortle.""]","[""test500_duration/audio/syn_385""]","[""audio"", ""text""]",text,test
aha_q_195,aha,"[""sound""]",Which sound event has the longest duration?,"[""The yip has the longest duration.""]","[""The grunt has the longest duration.""]","[""test500_duration/audio/syn_386""]","[""audio"", ""text""]",text,test
aha_q_196,aha,"[""sound""]",What is the temporal structure of this audio clip?,"[""The gunshot occurs before the child sings.""]","[""The child sings before the gunshot.""]","[""test500_duration/audio/syn_387""]","[""audio"", ""text""]",text,test
aha_q_197,aha,"[""sound""]",What is the chronological order of the sound events in this audio?,"[""The knock occurs first, then the sewing machine runs.""]","[""The sewing machine runs first, then the knock occurs.""]","[""test500_duration/audio/syn_388""]","[""audio"", ""text""]",text,test
aha_q_198,aha,"[""sound""]",What is the temporal structure of this audio clip?,"[""The baby laughed first, then someone cleared their throat.""]","[""Someone cleared their throat first, then the baby laughed.""]","[""test500_duration/audio/syn_390""]","[""audio"", ""text""]",text,test
aha_q_199,aha,"[""sound""]",How many distinct sound events occur in this sequence?,"[""Three sound events occur: door opening, gunshot, and bird call.""]","[""Two sound events occur: door opening and gunshot.""]","[""test500_duration/audio/syn_391""]","[""audio"", ""text""]",text,test
aha_q_200,aha,"[""sound""]",Which sound event has the longest duration?,"[""The jet engine sound has the longest duration.""]","[""The spray sound has the longest duration.""]","[""test500_duration/audio/syn_395""]","[""audio"", ""text""]",text,test
aha_q_201,aha,"[""sound""]",What is the temporal structure of this audio clip?,"[""The rustle occurs first, then the knock.""]","[""The knock occurs before the rustle.""]","[""test500_duration/audio/syn_396""]","[""audio"", ""text""]",text,test
aha_q_202,aha,"[""sound""]",What is the chronological order of the sound events in this audio?,"[""The fart occurred first, then the biting sound came afterward.""]","[""The biting sound occurred first, followed by the fart.""]","[""test500_duration/audio/syn_397""]","[""audio"", ""text""]",text,test
aha_q_203,aha,"[""sound""]",How many distinct sound events occur in this sequence?,"[""There are two distinct sound events.""]","[""There are three distinct sound events in the sequence.""]","[""test500_duration/audio/syn_398""]","[""audio"", ""text""]",text,test
aha_q_204,aha,"[""sound""]",What is the chronological order of the sound events in this audio?,"[""The person spoke first, then the aircraft sound occurred.""]","[""The aircraft sound happened before the person spoke.""]","[""test500_duration/audio/syn_399""]","[""audio"", ""text""]",text,test
aha_q_205,aha,"[""sound""]",How many distinct sound events occur in this sequence?,"[""Two sound events occur: a dial tone and a busy signal.""]","[""Three sound events occur: a dial tone, a busy signal, and a ringing sound.""]","[""test500_duration/audio/syn_40""]","[""audio"", ""text""]",text,test
aha_q_206,aha,"[""sound""]",How many distinct sound events occur in this sequence?,"[""Two sound events occur.""]","[""Three sound events occur.""]","[""test500_duration/audio/syn_401""]","[""audio"", ""text""]",text,test
aha_q_207,aha,"[""sound""]",What is the temporal structure of this audio clip?,"[""The person chuckled and chortled first, then groaned.""]","[""The person groaned first, then chuckled and chortled.""]","[""test500_duration/audio/syn_402""]","[""audio"", ""text""]",text,test
aha_q_208,aha,"[""sound""]",What is the chronological order of the sound events in this audio?,"[""The doorbell rang first, then a grunt was heard.""]","[""The grunt was heard first, then the doorbell rang.""]","[""test500_duration/audio/syn_403""]","[""audio"", ""text""]",text,test
aha_q_209,aha,"[""sound""]",What is the temporal structure of this audio clip?,"[""Sawing occurs before paper rustling.""]","[""Paper rustling occurs before sawing.""]","[""test500_duration/audio/syn_405""]","[""audio"", ""text""]",text,test
aha_q_210,aha,"[""sound""]",What is the temporal structure of this audio clip?,"[""The busy signal beeped first, then the cricket chirped.""]","[""The cricket chirped first, then the busy signal beeped.""]","[""test500_duration/audio/syn_406""]","[""audio"", ""text""]",text,test
aha_q_211,aha,"[""sound""]",Which sound event has the longest duration?,"[""The person laughing has the longest duration.""]","[""The plop sound has the longest duration.""]","[""test500_duration/audio/syn_407""]","[""audio"", ""text""]",text,test
aha_q_212,aha,"[""sound""]",What is the temporal structure of this audio clip?,"[""The person cried and sobbed first, followed by a squeak.""]","[""The squeak occurred before the person cried and sobbed.""]","[""test500_duration/audio/syn_408""]","[""audio"", ""text""]",text,test
aha_q_213,aha,"[""sound""]",What is the chronological order of the sound events in this audio?,"[""The cat meowed first, then there was the sound of something breaking.""]","[""The sound of something breaking occurred first, followed by the cat meowing.""]","[""test500_duration/audio/syn_41""]","[""audio"", ""text""]",text,test
aha_q_214,aha,"[""sound""]",Which sound event has the longest duration?,"[""The snoring has the longest duration.""]","[""The person breathed has the longest duration.""]","[""test500_duration/audio/syn_410""]","[""audio"", ""text""]",text,test
aha_q_215,aha,"[""sound""]",What is the temporal structure of this audio clip?,"[""The shouting occurs first, then the whip crack.""]","[""The whip crack occurs first, then the shouting.""]","[""test500_duration/audio/syn_411""]","[""audio"", ""text""]",text,test
aha_q_216,aha,"[""sound""]",What is the temporal structure of this audio clip?,"[""The door creaked first, then the duck quacked, followed by silence.""]","[""The duck quacked first, then the door creaked, and there was no silence afterward.""]","[""test500_duration/audio/syn_412""]","[""audio"", ""text""]",text,test
aha_q_217,aha,"[""sound""]",What is the chronological order of the sound events in this audio?,"[""The growling occurred first, then the sound effect followed.""]","[""The sound effect occurred first, then the growling.""]","[""test500_duration/audio/syn_413""]","[""audio"", ""text""]",text,test
aha_q_218,aha,"[""sound""]",Which sound event has the longest duration?,"[""The gunshot has the longest duration.""]","[""The clang has the longest duration.""]","[""test500_duration/audio/syn_414""]","[""audio"", ""text""]",text,test
aha_q_219,aha,"[""sound""]",What is the temporal structure of this audio clip?,"[""The alarm sounded first, followed by the waterfall.""]","[""The waterfall sounded first, then the alarm.""]","[""test500_duration/audio/syn_415""]","[""audio"", ""text""]",text,test
aha_q_220,aha,"[""sound""]",How many distinct sound events occur in this sequence?,"[""Two sound events occur.""]","[""Three sound events occur.""]","[""test500_duration/audio/syn_416""]","[""audio"", ""text""]",text,test
aha_q_221,aha,"[""sound""]",What is the chronological order of the sound events in this audio?,"[""The growling occurred first, followed by the waterfall.""]","[""The waterfall occurred first, then the growling.""]","[""test500_duration/audio/syn_417""]","[""audio"", ""text""]",text,test
aha_q_222,aha,"[""sound""]",How many distinct sound events occur in this sequence?,"[""There are two sound events: a whip cracking and a sneeze.""]","[""There is only one sound event: a sneeze.""]","[""test500_duration/audio/syn_419""]","[""audio"", ""text""]",text,test
aha_q_223,aha,"[""sound""]",What is the temporal structure of this audio clip?,"[""The squeak occurs first, followed by the whistling.""]","[""The whistle occurs first, then the squeak.""]","[""test500_duration/audio/syn_42""]","[""audio"", ""text""]",text,test
aha_q_224,aha,"[""sound""]",Which sound event has the longest duration?,"[""The electric shaver has the longest duration.""]","[""The crunching sound has the longest duration.""]","[""test500_duration/audio/syn_422""]","[""audio"", ""text""]",text,test
aha_q_225,aha,"[""sound""]",What is the temporal structure of this audio clip?,"[""The fire alarm sounded first, followed by the beep bleep noise.""]","[""The beep bleep noise occurred before the fire alarm.""]","[""test500_duration/audio/syn_423""]","[""audio"", ""text""]",text,test
aha_q_226,aha,"[""sound""]",What is the chronological order of the sound events in this audio?,"[""The mosquito buzzed first, then the cricket chirped.""]","[""The cricket chirped first, then the mosquito buzzed.""]","[""test500_duration/audio/syn_424""]","[""audio"", ""text""]",text,test
aha_q_227,aha,"[""sound""]",What is the temporal structure of this audio clip?,"[""The tire squealed and skidded first, then a brief squeak.""]","[""The brief squeak occurs first, followed by the tire skidding sound.""]","[""test500_duration/audio/syn_428""]","[""audio"", ""text""]",text,test
aha_q_228,aha,"[""sound""]",What is the chronological order of the sound events in this audio?,"[""The filing rasp sound occurred first, followed by the belly laugh.""]","[""The belly laugh occurred first, then the filing rasp sound.""]","[""test500_duration/audio/syn_43""]","[""audio"", ""text""]",text,test
aha_q_229,aha,"[""sound""]",What is the temporal structure of this audio clip?,"[""Hum then aircraft engine.""]","[""Aircraft engine then hum.""]","[""test500_duration/audio/syn_430""]","[""audio"", ""text""]",text,test
aha_q_230,aha,"[""sound""]",What is the first sound event in this audio?,"[""The first sound event is a buzz.""]","[""The first sound event is a cowbell.""]","[""test500_duration/audio/syn_431""]","[""audio"", ""text""]",text,test
aha_q_231,aha,"[""sound""]",Which sound event has the longest duration?,"[""The person chuckled has the longest duration.""]","[""The rooster crowed has the longest duration.""]","[""test500_duration/audio/syn_432""]","[""audio"", ""text""]",text,test
aha_q_232,aha,"[""sound""]",How many distinct sound events occur in this sequence?,"[""Two sound events occur: hiss and laughter.""]","[""There is only one sound event: hiss.""]","[""test500_duration/audio/syn_433""]","[""audio"", ""text""]",text,test
aha_q_233,aha,"[""sound""]",Which sound event has the longest duration?,"[""The steam whistle has the longest duration.""]","[""The whistle sounded for the longest duration, followed by the steam whistle.""]","[""test500_duration/audio/syn_435""]","[""audio"", ""text""]",text,test
aha_q_234,aha,"[""sound""]",What is the temporal structure of this audio clip?,"[""The pig oinked first, followed by the sound of liquid.""]","[""The sound of liquid occurs before the pig oinked.""]","[""test500_duration/audio/syn_437""]","[""audio"", ""text""]",text,test
aha_q_235,aha,"[""sound""]",How many distinct sound events occur in this sequence?,"[""Two sound events occur: a whistle and a dental drill.""]","[""Three sound events occur: a whistle, a dental drill, and a siren.""]","[""test500_duration/audio/syn_438""]","[""audio"", ""text""]",text,test
aha_q_236,aha,"[""sound""]",Which sound event has the longest duration?,"[""The medium engine sound has the longest duration.""]","[""The spray sound has the longest duration.""]","[""test500_duration/audio/syn_44""]","[""audio"", ""text""]",text,test
aha_q_237,aha,"[""sound""]",What is the temporal structure of this audio clip?,"[""Hiss occurs first, followed by the combined thump and thud.""]","[""The combined thump and thud sound occurs first, then the hiss.""]","[""test500_duration/audio/syn_441""]","[""audio"", ""text""]",text,test
aha_q_238,aha,"[""sound""]",Which sound event has the longest duration?,"[""The person speaking has the longest duration.""]","[""The static noise has the longest duration.""]","[""test500_duration/audio/syn_442""]","[""audio"", ""text""]",text,test
aha_q_239,aha,"[""sound""]",Which sound event has the longest duration?,"[""The dental drill has the longest duration.""]","[""The goat bleated the longest.""]","[""test500_duration/audio/syn_443""]","[""audio"", ""text""]",text,test
aha_q_240,aha,"[""sound""]",What is the chronological order of the sound events in this audio?,"[""The yip occurs before the busy signal.""]","[""The busy signal occurs before the yip.""]","[""test500_duration/audio/syn_444""]","[""audio"", ""text""]",text,test
aha_q_241,aha,"[""sound""]",What is the chronological order of the sound events in this audio?,"[""The spray occurred first, then the bird chirped.""]","[""The bird chirped first, then the spray occurred.""]","[""test500_duration/audio/syn_445""]","[""audio"", ""text""]",text,test
aha_q_242,aha,"[""sound""]",What is the chronological order of the sound events in this audio?,"[""The dog whimpered first, then the clang sounded.""]","[""The clang sounded first, then the dog whimpered.""]","[""test500_duration/audio/syn_446""]","[""audio"", ""text""]",text,test
aha_q_243,aha,"[""sound""]",What is the chronological order of the sound events in this audio?,"[""First, there is a burst of static, then a toilet flush.""]","[""The toilet flush occurs first, followed by a burst of static.""]","[""test500_duration/audio/syn_448""]","[""audio"", ""text""]",text,test
aha_q_244,aha,"[""sound""]",How many distinct sound events occur in this sequence?,"[""There are two distinct sound events.""]","[""There are three distinct sound events.""]","[""test500_duration/audio/syn_449""]","[""audio"", ""text""]",text,test
aha_q_245,aha,"[""sound""]",What is the temporal structure of this audio clip?,"[""The whistle sounds first, followed by the thunder.""]","[""The thunder sounds first, then the whistle.""]","[""test500_duration/audio/syn_45""]","[""audio"", ""text""]",text,test
aha_q_246,aha,"[""sound""]",What is the chronological order of the sound events in this audio?,"[""The duck quacked first, then the telephone rang.""]","[""The telephone rang first, then the duck quacked.""]","[""test500_duration/audio/syn_453""]","[""audio"", ""text""]",text,test
aha_q_247,aha,"[""sound""]",How many distinct sound events occur in this sequence?,"[""Two sound events occur: clock ticking and biting.""]","[""Three sound events occur: clock ticking, biting, and a ringing sound.""]","[""test500_duration/audio/syn_454""]","[""audio"", ""text""]",text,test
aha_q_248,aha,"[""sound""]",Which sound event has the longest duration?,"[""The cock crowed for the longest duration.""]","[""The person cleared their throat for the longest duration.""]","[""test500_duration/audio/syn_455""]","[""audio"", ""text""]",text,test
aha_q_249,aha,"[""sound""]",Which sound event has the longest duration?,"[""The sound of rain on a surface has the longest duration.""]","[""The person sneezed has the longest duration.""]","[""test500_duration/audio/syn_457""]","[""audio"", ""text""]",text,test
aha_q_250,aha,"[""sound""]",What is the temporal structure of this audio clip?,"[""The slam occurred first, then the drill.""]","[""The drill occurred first, then the slam.""]","[""test500_duration/audio/syn_459""]","[""audio"", ""text""]",text,test
aha_q_251,aha,"[""sound""]",What is the chronological order of the sound events in this audio?,"[""The liquid poured first, then music played.""]","[""Music played first, then the liquid was poured.""]","[""test500_duration/audio/syn_460""]","[""audio"", ""text""]",text,test
aha_q_252,aha,"[""sound""]",What is the chronological order of the sound events in this audio?,"[""The toilet flushed first, followed by the chirping and tweeting sound.""]","[""The chirping and tweeting sound occurred first, then the toilet flushed.""]","[""test500_duration/audio/syn_461""]","[""audio"", ""text""]",text,test
aha_q_253,aha,"[""sound""]",Which sound event has the longest duration?,"[""The burp has the longest duration.""]","[""The silence has the longest duration.""]","[""test500_duration/audio/syn_463""]","[""audio"", ""text""]",text,test
aha_q_254,aha,"[""sound""]",What is the temporal structure of this audio clip?,"[""The whooshing sound occurs first, then the mosquito buzzing.""]","[""The mosquito buzzing occurs first, then the whooshing sound.""]","[""test500_duration/audio/syn_464""]","[""audio"", ""text""]",text,test
aha_q_255,aha,"[""sound""]",What is the chronological order of the sound events in this audio?,"[""The shout occurs first, followed by baby laughter.""]","[""Baby laughter occurs before the shout.""]","[""test500_duration/audio/syn_465""]","[""audio"", ""text""]",text,test
aha_q_256,aha,"[""sound""]",Which sound event has the longest duration?,"[""The cowbell has the longest duration.""]","[""The breath has the longest duration.""]","[""test500_duration/audio/syn_466""]","[""audio"", ""text""]",text,test
aha_q_257,aha,"[""sound""]",Which sound event has the longest duration?,"[""The chuckle or chortle has the longest duration.""]","[""The neigh or whinny has the longest duration.""]","[""test500_duration/audio/syn_468""]","[""audio"", ""text""]",text,test
aha_q_258,aha,"[""sound""]",What is the temporal structure of this audio clip?,"[""The mosquito buzzed first, then the emergency vehicle siren wailed.""]","[""The emergency vehicle siren wailed before the mosquito buzzed.""]","[""test500_duration/audio/syn_47""]","[""audio"", ""text""]",text,test
aha_q_259,aha,"[""sound""]",What is the temporal structure of this audio clip?,"[""The pig oinked first, followed by a hissing sound.""]","[""The hissing sound occurs before the pig oinked.""]","[""test500_duration/audio/syn_470""]","[""audio"", ""text""]",text,test
aha_q_260,aha,"[""sound""]",What is the temporal structure of this audio clip?,"[""The drill occurs first, followed by the doorbell ringing.""]","[""The doorbell rings first, then the drill operates.""]","[""test500_duration/audio/syn_471""]","[""audio"", ""text""]",text,test
aha_q_261,aha,"[""sound""]",Which sound event has the longest duration?,"[""The train whistle has the longest duration.""]","[""The rumble has the longest duration.""]","[""test500_duration/audio/syn_473""]","[""audio"", ""text""]",text,test
aha_q_262,aha,"[""sound""]",What is the chronological order of the sound events in this audio?,"[""A door slammed shut, then an explosion occurred.""]","[""An explosion occurred first, followed by a door slamming.""]","[""test500_duration/audio/syn_475""]","[""audio"", ""text""]",text,test
aha_q_263,aha,"[""sound""]",Which sound event has the longest duration?,"[""The slam has the longest duration.""]","[""The slam has the shortest duration.""]","[""test500_duration/audio/syn_476""]","[""audio"", ""text""]",text,test
aha_q_264,aha,"[""sound""]",What is the temporal structure of this audio clip?,"[""The horse neighs first, followed by static noise.""]","[""The static noise occurs before the horse neighs.""]","[""test500_duration/audio/syn_477""]","[""audio"", ""text""]",text,test
aha_q_265,aha,"[""sound""]",How many distinct sound events occur in this sequence?,"[""Three distinct sound events occur: ticking, thump and thud, and plop.""]","[""Two sounds occur: ticking and thump, with no plop.""]","[""test500_duration/audio/syn_478""]","[""audio"", ""text""]",text,test
aha_q_266,aha,"[""sound""]",What is the chronological order of the sound events in this audio?,"[""The pig oinked first, then someone belly laughed.""]","[""Someone belly laughed first, then a pig oinked.""]","[""test500_duration/audio/syn_479""]","[""audio"", ""text""]",text,test
aha_q_267,aha,"[""sound""]",How many distinct sound events occur in this sequence?,"[""Three sound events occur.""]","[""Two sound events occur in the sequence.""]","[""test500_duration/audio/syn_480""]","[""audio"", ""text""]",text,test
aha_q_268,aha,"[""sound""]",What is the temporal structure of this audio clip?,"[""Crunching then lawn mower.""]","[""Lawn mower then crunching.""]","[""test500_duration/audio/syn_481""]","[""audio"", ""text""]",text,test
aha_q_269,aha,"[""sound""]",What is the chronological order of the sound events in this audio?,"[""The buzzer sounds first, then the quack.""]","[""The quack sounds first, then the buzzer.""]","[""test500_duration/audio/syn_482""]","[""audio"", ""text""]",text,test
aha_q_270,aha,"[""sound""]",Which sound event has the longest duration?,"[""Water has the longest duration.""]","[""The fart has the longest duration.""]","[""test500_duration/audio/syn_484""]","[""audio"", ""text""]",text,test
aha_q_271,aha,"[""sound""]",What is the temporal structure of this audio clip?,"[""Paper rustled first, then the sewing machine ran.""]","[""The sewing machine ran first, then paper rustled.""]","[""test500_duration/audio/syn_485""]","[""audio"", ""text""]",text,test
aha_q_272,aha,"[""sound""]",Which sound event has the longest duration?,"[""The power tool has the longest duration.""]","[""The dog has the longest duration.""]","[""test500_duration/audio/syn_486""]","[""audio"", ""text""]",text,test
aha_q_273,aha,"[""sound""]",How many distinct sound events occur in this sequence?,"[""Two sound events occur.""]","[""Three sound events occur.""]","[""test500_duration/audio/syn_488""]","[""audio"", ""text""]",text,test
aha_q_274,aha,"[""sound""]",What is the chronological order of the sound events in this audio?,"[""The telephone rang first, followed by the train whistle.""]","[""The train whistle happened first, then the telephone rang.""]","[""test500_duration/audio/syn_49""]","[""audio"", ""text""]",text,test
aha_q_275,aha,"[""sound""]",How many distinct sound events occur in this sequence?,"[""Two sound events occur.""]","[""Three sound events occur.""]","[""test500_duration/audio/syn_490""]","[""audio"", ""text""]",text,test
aha_q_276,aha,"[""sound""]",What is the temporal structure of this audio clip?,"[""A crunch sound occurs first, then silence follows.""]","[""Silence occurs first, then a crunch sound.""]","[""test500_duration/audio/syn_491""]","[""audio"", ""text""]",text,test
aha_q_277,aha,"[""sound""]",What is the temporal structure of this audio clip?,"[""The hammer sounds first, followed by the dog bark.""]","[""The dog barked first, then the hammer struck.""]","[""test500_duration/audio/syn_492""]","[""audio"", ""text""]",text,test
aha_q_278,aha,"[""sound""]",What is the chronological order of the sound events in this audio?,"[""The hissing sound occurred first, followed by the whistle.""]","[""The whistle occurred first, then the hissing sound.""]","[""test500_duration/audio/syn_493""]","[""audio"", ""text""]",text,test
aha_q_279,aha,"[""sound""]",What is the temporal structure of this audio clip?,"[""The cat meowed first, then the rooster crowed.""]","[""The rooster crowed first, then the cat meowed.""]","[""test500_duration/audio/syn_497""]","[""audio"", ""text""]",text,test
aha_q_280,aha,"[""sound""]",What is the sequence of sounds from start to finish?,"[""Someone bit into something first, then a mosquito buzzed.""]","[""A mosquito buzzed first, then someone bit into something.""]","[""test500_duration/audio/syn_498""]","[""audio"", ""text""]",text,test
aha_q_281,aha,"[""sound""]",What is the temporal structure of this audio clip?,"[""The cock crowed first, then the machine gun fired.""]","[""The machine gun fired first, then the cock crowed.""]","[""test500_duration/audio/syn_499""]","[""audio"", ""text""]",text,test
aha_q_282,aha,"[""sound""]",Which sound event has the longest duration?,"[""The train whistle has the longest duration.""]","[""The neigh has the longest duration.""]","[""test500_duration/audio/syn_5""]","[""audio"", ""text""]",text,test
aha_q_283,aha,"[""sound""]",Which sound event has the longest duration?,"[""The gurgling, bubbling sound has the longest duration.""]","[""The paper rustling sound has the longest duration.""]","[""test500_duration/audio/syn_500""]","[""audio"", ""text""]",text,test
aha_q_284,aha,"[""sound""]",How many distinct sound events occur in this sequence?,"[""There are two sound events: a vehicle horn and a fire alarm.""]","[""There are three sound events: a vehicle horn, a fire alarm, and a siren.""]","[""test500_duration/audio/syn_51""]","[""audio"", ""text""]",text,test
aha_q_285,aha,"[""sound""]",What is the chronological order of the sound events in this audio?,"[""The air horn or truck horn sounds first, then the rain hits a surface.""]","[""The rain hits a surface first, then the air horn or truck horn sounds.""]","[""test500_duration/audio/syn_52""]","[""audio"", ""text""]",text,test
aha_q_286,aha,"[""sound""]",Which sound event has the longest duration?,"[""The civil defense siren has the longest duration.""]","[""The howl has the longest duration.""]","[""test500_duration/audio/syn_55""]","[""audio"", ""text""]",text,test
aha_q_287,aha,"[""sound""]",What is the temporal structure of this audio clip?,"[""The whooshing sound occurs first, followed by the crowing noise.""]","[""The crowing noise occurs first, then the whooshing sound.""]","[""test500_duration/audio/syn_56""]","[""audio"", ""text""]",text,test
aha_q_288,aha,"[""sound""]",What is the temporal structure of this audio clip?,"[""The sound effect was heard before the emergency vehicle.""]","[""The emergency vehicle was heard before the sound effect.""]","[""test500_duration/audio/syn_57""]","[""audio"", ""text""]",text,test
aha_q_289,aha,"[""sound""]",How many distinct sound events occur in this sequence?,"[""Two sound events occur: a cat meow and an explosion.""]","[""Three sound events occur: a meow, a ringing, and an explosion.""]","[""test500_duration/audio/syn_59""]","[""audio"", ""text""]",text,test
aha_q_290,aha,"[""sound""]",Which sound event has the longest duration?,"[""The toilet flushed has the longest duration.""]","[""The ding has the longest duration.""]","[""test500_duration/audio/syn_63""]","[""audio"", ""text""]",text,test
aha_q_291,aha,"[""sound""]",What is the chronological order of the sound events in this audio?,"[""The air horn from a truck blared first, then the sound of accelerating with revving followed.""]","[""The sound of accelerating with revving occurred first, then the air horn from the truck blared.""]","[""test500_duration/audio/syn_64""]","[""audio"", ""text""]",text,test
aha_q_292,aha,"[""sound""]",What is the sequence of sounds from start to finish?,"[""Rustle, spray, sawing.""]","[""Rustle, sawing, spray.""]","[""test500_duration/audio/syn_65""]","[""audio"", ""text""]",text,test
aha_q_293,aha,"[""sound""]",What is the temporal structure of this audio clip?,"[""The rustle occurs before the typewriter.""]","[""The typewriter occurs before the rustle.""]","[""test500_duration/audio/syn_66""]","[""audio"", ""text""]",text,test
aha_q_294,aha,"[""sound""]",Which sound event has the longest duration?,"[""The aircraft noise has the longest duration.""]","[""The spray has the longest duration.""]","[""test500_duration/audio/syn_67""]","[""audio"", ""text""]",text,test
aha_q_295,aha,"[""sound""]",What is the chronological order of the sound events in this audio?,"[""The sound effect occurred first, followed by the thump and thud.""]","[""The thump and thud occurred first, then the sound effect.""]","[""test500_duration/audio/syn_69""]","[""audio"", ""text""]",text,test
aha_q_296,aha,"[""sound""]",What is the temporal structure of this audio clip?,"[""Thump and thud occurred first, followed by a sneeze.""]","[""Sneeze occurred first, followed by the thump.""]","[""test500_duration/audio/syn_70""]","[""audio"", ""text""]",text,test
aha_q_297,aha,"[""sound""]",How many times does each sound event occur?,"[""The person grunted once and the emergency vehicle was heard once.""]","[""The person grunted twice and the emergency vehicle was heard twice.""]","[""test500_duration/audio/syn_71""]","[""audio"", ""text""]",text,test
aha_q_298,aha,"[""sound""]",Which sound event has the longest duration?,"[""The medium engine humming has the longest duration.""]","[""The baby laughed has the longest duration.""]","[""test500_duration/audio/syn_74""]","[""audio"", ""text""]",text,test
aha_q_299,aha,"[""sound""]",What is the chronological order of the sound events in this audio?,"[""The keyboard was tapped first, then the whip cracked.""]","[""The whip cracked first, then the keyboard was tapped.""]","[""test500_duration/audio/syn_78""]","[""audio"", ""text""]",text,test
aha_q_300,aha,"[""sound""]",What is the temporal structure of this audio clip?,"[""Laughing occurs before the fart.""]","[""The fart occurs before the person laughs.""]","[""test500_duration/audio/syn_79""]","[""audio"", ""text""]",text,test
aha_q_301,aha,"[""sound""]",What is the temporal structure of this audio clip?,"[""Sneezing occurs before the electric shaver noise.""]","[""The electric shaver noise happens before the person sneezes.""]","[""test500_duration/audio/syn_8""]","[""audio"", ""text""]",text,test
aha_q_302,aha,"[""sound""]",What is the order of the sound events in this audio?,"[""The clock ticked first, then the mosquito buzzed.""]","[""The mosquito buzzed first, then the clock ticked.""]","[""test500_duration/audio/syn_82""]","[""audio"", ""text""]",text,test
aha_q_303,aha,"[""sound""]",What is the temporal structure of this audio clip?,"[""The person groaned first, then snored.""]","[""The person snored first, then groaned.""]","[""test500_duration/audio/syn_83""]","[""audio"", ""text""]",text,test
aha_q_304,aha,"[""sound""]",Which sound event has the longest duration?,"[""The rooster crowed has the longest duration.""]","[""The dog barked has the longest duration.""]","[""test500_duration/audio/syn_86""]","[""audio"", ""text""]",text,test
aha_q_305,aha,"[""sound""]",What is the temporal structure of this audio clip?,"[""The cat meowed first, then the rumble.""]","[""The rumble occurs before the cat meowed.""]","[""test500_duration/audio/syn_87""]","[""audio"", ""text""]",text,test
aha_q_306,aha,"[""sound""]",What is the chronological order of the sound events in this audio?,"[""Someone tore something then water was heard.""]","[""The water was heard first, then someone tore something.""]","[""test500_duration/audio/syn_9""]","[""audio"", ""text""]",text,test
aha_q_307,aha,"[""sound""]",What is the temporal structure of this audio clip?,"[""The child sang first, then there was a cough.""]","[""The cough occurred before the child sang.""]","[""test500_duration/audio/syn_90""]","[""audio"", ""text""]",text,test
aha_q_308,aha,"[""sound""]",What is the order of the sound events in this audio?,"[""The croak occurs first, followed by the telephone bell.""]","[""The telephone bell rings first, then the croak occurs.""]","[""test500_duration/audio/syn_91""]","[""audio"", ""text""]",text,test
aha_q_309,aha,"[""sound""]",Which sound event has the longest duration?,"[""The tearing sound has the longest duration.""]","[""The knocking sound has the longest duration.""]","[""test500_duration/audio/syn_95""]","[""audio"", ""text""]",text,test
aha_q_310,aha,"[""sound""]",What is the temporal structure of this audio clip?,"[""The person screamed first, then sanding.""]","[""The sanding sound occurs before the scream.""]","[""test500_duration/audio/syn_96""]","[""audio"", ""text""]",text,test
aha_q_311,aha,"[""sound""]",What is the temporal structure of this audio clip?,"[""Fireworks then gurgling and bubbling.""]","[""Gurgling and bubbling then fireworks.""]","[""test500_duration/audio/syn_97""]","[""audio"", ""text""]",text,test
aha_q_312,aha,"[""sound""]",What is the chronological order of the sound events in this audio?,"[""The slap or smack occurred first, followed by the female singing.""]","[""The female singing occurred first, then the slap or smack.""]","[""test500_duration/audio/syn_98""]","[""audio"", ""text""]",text,test
aha_q_313,aha,"[""sound""]",What is the temporal structure of this audio clip?,"[""Whip cracks, then a whoosh, then a slam.""]","[""The slam occurs before the whip cracks, with a single whip crack, a slam, and a whoosh.""]","[""test500_frequency/audio/syn_10""]","[""audio"", ""text""]",text,test
aha_q_314,aha,"[""sound""]",How many distinct sound events occur in this sequence?,"[""Three sound events occur: machine gun shot, whip crack, and engine start.""]","[""Two sound events occur: machine gun shot and whip crack.""]","[""test500_frequency/audio/syn_101""]","[""audio"", ""text""]",text,test
aha_q_315,aha,"[""sound""]",What is the temporal structure of this audio clip?,"[""Dog bark then person screams twice.""]","[""Person screams twice then dog barks.""]","[""test500_frequency/audio/syn_105""]","[""audio"", ""text""]",text,test
aha_q_316,aha,"[""sound""]",How many times does each sound event occur?,"[""Waves crashed once, rumbling sound once.""]","[""Waves crashed twice, rumbling sound twice.""]","[""test500_frequency/audio/syn_106""]","[""audio"", ""text""]",text,test
aha_q_317,aha,"[""sound""]",How many distinct sound events occur in this sequence?,"[""Two distinct sound events occur: something breaks and a ship sound.""]","[""Three distinct sound events occur: something breaks, a ship sound, and a siren.""]","[""test500_frequency/audio/syn_107""]","[""audio"", ""text""]",text,test
aha_q_318,aha,"[""sound""]",How many distinct sound events occur in this sequence?,"[""Two sound events occur: a bell ding and thunder.""]","[""Three sound events occur: a bell ding, thunder, and rain.""]","[""test500_frequency/audio/syn_109""]","[""audio"", ""text""]",text,test
aha_q_319,aha,"[""sound""]",What is the temporal structure of this audio clip?,"[""Sanding occurs first, then throat clearing happens twice.""]","[""Throat clearing occurs first, then sanding.""]","[""test500_frequency/audio/syn_11""]","[""audio"", ""text""]",text,test
aha_q_320,aha,"[""sound""]",How many instances of sound events occur in this sequence?,"[""There are two sound events: static and lawn mower.""]","[""There is only one sound event, the lawn mower.""]","[""test500_frequency/audio/syn_110""]","[""audio"", ""text""]",text,test
aha_q_321,aha,"[""sound""]",How many times does each sound event occur?,"[""Spray occurs twice; barking occurs once.""]","[""Spray occurs once; barking occurs twice.""]","[""test500_frequency/audio/syn_111""]","[""audio"", ""text""]",text,test
aha_q_322,aha,"[""sound""]",What is the chronological order of the sound events in this audio?,"[""The rooster crowed first, then a gunshot occurred.""]","[""The gunshot happened first, then the rooster crowed.""]","[""test500_frequency/audio/syn_112""]","[""audio"", ""text""]",text,test
aha_q_323,aha,"[""sound""]",What is the temporal structure of this audio clip?,"[""Someone laughed once, then there was the sound of tearing twice.""]","[""The sound of tearing occurred before someone laughed.""]","[""test500_frequency/audio/syn_113""]","[""audio"", ""text""]",text,test
aha_q_324,aha,"[""sound""]",What is the temporal structure of this audio clip?,"[""Hiss occurred twice, then a dial tone.""]","[""A dial tone occurred twice, followed by a hiss.""]","[""test500_frequency/audio/syn_116""]","[""audio"", ""text""]",text,test
aha_q_325,aha,"[""sound""]",What is the temporal structure of this audio clip?,"[""Keyboard typing occurs first, then waterflow.""]","[""Keyboard typing occurs twice, then a waterfall.""]","[""test500_frequency/audio/syn_117""]","[""audio"", ""text""]",text,test
aha_q_326,aha,"[""sound""]",What is the temporal structure of this audio clip?,"[""Alarm sounds twice, then the power saw activates once.""]","[""The power saw sounds twice, then the alarm activates once.""]","[""test500_frequency/audio/syn_119""]","[""audio"", ""text""]",text,test
aha_q_327,aha,"[""sound""]",What is the temporal structure of this audio clip?,"[""Whip crack, then hum, then dental drill.""]","[""The dental drill sounds before the whip crack, followed by a hum.""]","[""test500_frequency/audio/syn_120""]","[""audio"", ""text""]",text,test
aha_q_328,aha,"[""sound""]",What is the chronological order of the sound events in this audio?,"[""The dog barked three times first, then it howled once.""]","[""The dog howled first, then barked three times.""]","[""test500_frequency/audio/syn_123""]","[""audio"", ""text""]",text,test
aha_q_329,aha,"[""sound""]",How many times does each sound event occur?,"[""The sound effect occurred once, followed by sanding twice.""]","[""The sound effect occurred twice, followed by sanding once.""]","[""test500_frequency/audio/syn_124""]","[""audio"", ""text""]",text,test
aha_q_330,aha,"[""sound""]",How many distinct sound events occur in this sequence?,"[""Two sound events occur.""]","[""Three sound events occur.""]","[""test500_frequency/audio/syn_127""]","[""audio"", ""text""]",text,test
aha_q_331,aha,"[""sound""]",How many times does each sound event occur?,"[""The clock ticked three times and the rustle occurred three times.""]","[""The clock ticked once and the rustle occurred twice.""]","[""test500_frequency/audio/syn_128""]","[""audio"", ""text""]",text,test
aha_q_332,aha,"[""sound""]",How many times does each sound event occur?,"[""Someone screamed three times, and a power tool occurs once.""]","[""Someone screamed twice, followed by a power tool twice.""]","[""test500_frequency/audio/syn_133""]","[""audio"", ""text""]",text,test
aha_q_333,aha,"[""sound""]",How many times does each sound event occur?,"[""The belly laugh occurs twice; water occurs once.""]","[""The belly laugh occurs once; water occurs twice.""]","[""test500_frequency/audio/syn_14""]","[""audio"", ""text""]",text,test
aha_q_334,aha,"[""sound""]",What is the temporal structure of this audio clip?,"[""The duck quacks three times, then music plays once.""]","[""Music plays first, then the duck quacks three times.""]","[""test500_frequency/audio/syn_140""]","[""audio"", ""text""]",text,test
aha_q_335,aha,"[""sound""]",What is the chronological order of the sound events in this audio?,"[""The cock crowed twice first, then the two ticking sounds followed.""]","[""The ticking sounds occurred before the cock crowed twice.""]","[""test500_frequency/audio/syn_141""]","[""audio"", ""text""]",text,test
aha_q_336,aha,"[""sound""]",What is the order of the sound events in this audio?,"[""The foghorn sounded first, followed by two slaps or smacks.""]","[""The slaps sounded first, then the foghorn.""]","[""test500_frequency/audio/syn_142""]","[""audio"", ""text""]",text,test
aha_q_337,aha,"[""sound""]",What is the temporal structure of this audio clip?,"[""The thump and thud sounds occurred twice, then the ship sound followed.""]","[""The ship sound occurred twice, then the thump and thud sounds.""]","[""test500_frequency/audio/syn_143""]","[""audio"", ""text""]",text,test
aha_q_338,aha,"[""sound""]",What is the temporal structure of this audio clip?,"[""Giggling twice, then drilling, then croaking twice.""]","[""Giggling twice, then croaking twice, then drilling.""]","[""test500_frequency/audio/syn_146""]","[""audio"", ""text""]",text,test
aha_q_339,aha,"[""sound""]",What is the chronological order of the sound events in this audio?,"[""The frog croaked twice first, then the tearing sound occurred.""]","[""The tearing sound happened first, then the frog croaked twice.""]","[""test500_frequency/audio/syn_148""]","[""audio"", ""text""]",text,test
aha_q_340,aha,"[""sound""]",What is the temporal structure of this audio clip?,"[""Paper rustled then toilet flushed.""]","[""Toilet flushed then paper rustled.""]","[""test500_frequency/audio/syn_149""]","[""audio"", ""text""]",text,test
aha_q_341,aha,"[""sound""]",What is the sequence of sounds from start to finish?,"[""Dial tone, dial tone, then child singing.""]","[""Child singing first, then dial tone twice.""]","[""test500_frequency/audio/syn_152""]","[""audio"", ""text""]",text,test
aha_q_342,aha,"[""sound""]",What is the order of the sound events in this audio?,"[""Someone shouted twice, then three quacks.""]","[""Three quacks occur first, followed by someone shouting twice.""]","[""test500_frequency/audio/syn_153""]","[""audio"", ""text""]",text,test
aha_q_343,aha,"[""sound""]",Which sound event has the longest duration?,"[""The sound effect has the longest duration.""]","[""The telephone rang the most.""]","[""test500_frequency/audio/syn_154""]","[""audio"", ""text""]",text,test
aha_q_344,aha,"[""sound""]",What is the chronological order of the sound events in this audio?,"[""Gurgling and bubbling then crumpling and crinkling.""]","[""Gurgling and bubbling occurred after crumpling and crinkling.""]","[""test500_frequency/audio/syn_156""]","[""audio"", ""text""]",text,test
aha_q_345,aha,"[""sound""]",How many times does each sound event occur?,"[""Cat meowed twice, mosquito buzzed once, baby laughed once.""]","[""Cat meowed once, mosquito buzzed twice, baby laughed once.""]","[""test500_frequency/audio/syn_165""]","[""audio"", ""text""]",text,test
aha_q_346,aha,"[""sound""]",How many times does each sound event occur?,"[""The door slammed twice, and there is a moment of silence afterward.""]","[""The door slammed twice and there was a single moment of silence.""]","[""test500_frequency/audio/syn_167""]","[""audio"", ""text""]",text,test
aha_q_347,aha,"[""sound""]",What is the temporal structure of this audio clip?,"[""Screaming occurred three times, then breaking.""]","[""Breaking occurred multiple times, then screaming.""]","[""test500_frequency/audio/syn_168""]","[""audio"", ""text""]",text,test
aha_q_348,aha,"[""sound""]",What is the chronological order of the sound events in this audio?,"[""The bell rang first, then the waves sounded afterward.""]","[""The waves rang first, then the bell sounded afterward.""]","[""test500_frequency/audio/syn_169""]","[""audio"", ""text""]",text,test
aha_q_349,aha,"[""sound""]",How many times does each sound event occur?,"[""Sanding occurs once, and typewriting occurs once.""]","[""Sanding occurs twice, and typewriting occurs once.""]","[""test500_frequency/audio/syn_170""]","[""audio"", ""text""]",text,test
aha_q_350,aha,"[""sound""]",How many distinct sound events occur in this sequence?,"[""There are two sound events: a door slam and a fire alarm.""]","[""There is only one sound event: a fire alarm.""]","[""test500_frequency/audio/syn_174""]","[""audio"", ""text""]",text,test
aha_q_351,aha,"[""sound""]",How many times does each sound event occur?,"[""The dog whimpered twice, and the water tap occurs once.""]","[""The dog whimpered once, and the water tap occurs twice.""]","[""test500_frequency/audio/syn_175""]","[""audio"", ""text""]",text,test
aha_q_352,aha,"[""sound""]",How many times does each sound event occur?,"[""Squeak occurs once; gurgling occurs twice.""]","[""Squeak occurs twice; gurgling occurs once.""]","[""test500_frequency/audio/syn_176""]","[""audio"", ""text""]",text,test
aha_q_353,aha,"[""sound""]",What is the temporal structure of this audio clip?,"[""The telephone dial occurs first, followed by two sneezes.""]","[""The sneeze occurs first, then the telephone dial.""]","[""test500_frequency/audio/syn_177""]","[""audio"", ""text""]",text,test
aha_q_354,aha,"[""sound""]",How many distinct sound events occur in this sequence?,"[""Two distinct sound events occur: a duck quack and a clock tick.""]","[""Three distinct sound events occur: a duck quack, a clock tick, and a dog barking.""]","[""test500_frequency/audio/syn_179""]","[""audio"", ""text""]",text,test
aha_q_355,aha,"[""sound""]",What is the temporal structure of this audio clip?,"[""Water sounds occur first, then a spray sound.""]","[""The spray sound occurs before the water sounds.""]","[""test500_frequency/audio/syn_181""]","[""audio"", ""text""]",text,test
aha_q_356,aha,"[""sound""]",What is the temporal structure of this audio clip?,"[""Breaking occurred twice, then one oink.""]","[""Oink occurred twice, followed by two breaking sounds.""]","[""test500_frequency/audio/syn_182""]","[""audio"", ""text""]",text,test
aha_q_357,aha,"[""sound""]",Which sound event has the longest duration?,"[""The foghorn has the longest duration.""]","[""The croak has the longest duration.""]","[""test500_frequency/audio/syn_185""]","[""audio"", ""text""]",text,test
aha_q_358,aha,"[""sound""]",How many times does each sound event occur?,"[""Someone sneezed twice and then there were two silences.""]","[""Someone sneezed once and there was only one silence.""]","[""test500_frequency/audio/syn_186""]","[""audio"", ""text""]",text,test
aha_q_359,aha,"[""sound""]",What is the temporal structure of this audio clip?,"[""The engine revved first, then a shout occurred.""]","[""The shout occurred first, then the engine revved.""]","[""test500_frequency/audio/syn_188""]","[""audio"", ""text""]",text,test
aha_q_360,aha,"[""sound""]",What is the chronological order of the sound events in this audio?,"[""Someone snored first, then there was a single instance of engine knocking.""]","[""Engine knocking occurred first, then someone snored.""]","[""test500_frequency/audio/syn_189""]","[""audio"", ""text""]",text,test
aha_q_361,aha,"[""sound""]",What is the chronological order of the sound events in this audio?,"[""Dishes, pots, and pans clashed twice, then a ship's horn sounded once.""]","[""The sound events are dishes, pots, and pans clashing once, followed by a ship's horn sounding twice.""]","[""test500_frequency/audio/syn_19""]","[""audio"", ""text""]",text,test
aha_q_362,aha,"[""sound""]",What is the temporal structure of this audio clip?,"[""The doorbell rang twice, then an aircraft sound occurred.""]","[""The aircraft sound rang before the doorbell.""]","[""test500_frequency/audio/syn_190""]","[""audio"", ""text""]",text,test
aha_q_363,aha,"[""sound""]",How many distinct sound events occur in this sequence?,"[""Three sound events occur.""]","[""Four sound events occur.""]","[""test500_frequency/audio/syn_191""]","[""audio"", ""text""]",text,test
aha_q_364,aha,"[""sound""]",What is the first sound event in this audio?,"[""The first sound event is a whip cracking twice.""]","[""The first sound event is a clock ticking once.""]","[""test500_frequency/audio/syn_193""]","[""audio"", ""text""]",text,test
aha_q_365,aha,"[""sound""]",What is the temporal structure of this audio clip?,"[""Hammer strikes then thunder.""]","[""Thunder occurs before the hammer strikes.""]","[""test500_frequency/audio/syn_194""]","[""audio"", ""text""]",text,test
aha_q_366,aha,"[""sound""]",What is the chronological order of the sound events in this audio?,"[""The yip occurs first, followed by the helicopter.""]","[""The helicopter occurs first, then the yip.""]","[""test500_frequency/audio/syn_195""]","[""audio"", ""text""]",text,test
aha_q_367,aha,"[""sound""]",What is the temporal structure of this audio clip?,"[""The goat bleated first and then bleated again later.""]","[""The goat bleated twice, with a dog barking in between.""]","[""test500_frequency/audio/syn_198""]","[""audio"", ""text""]",text,test
aha_q_368,aha,"[""sound""]",What is the sequence of sounds from start to finish?,"[""The goat bleated first, then the crunching sound occurred twice.""]","[""The goat bleated first, followed by a single crunching sound, then another goat bleated.""]","[""test500_frequency/audio/syn_199""]","[""audio"", ""text""]",text,test
aha_q_369,aha,"[""sound""]",What is the temporal structure of this audio clip?,"[""Dishes, pots, and pans clattered twice, then a chuckle.""]","[""The chuckle happens before the dishes and pans clattered.""]","[""test500_frequency/audio/syn_20""]","[""audio"", ""text""]",text,test
aha_q_370,aha,"[""sound""]",What is the temporal structure of this audio clip?,"[""The tire squealed and skidded first, then water was heard.""]","[""Water was heard first, then the tire squealed and skidded.""]","[""test500_frequency/audio/syn_200""]","[""audio"", ""text""]",text,test
aha_q_371,aha,"[""sound""]",How many times does each sound event occur?,"[""Mosquito buzzed once, cowbell rang twice.""]","[""Mosquito buzzed twice, cowbell rang once.""]","[""test500_frequency/audio/syn_203""]","[""audio"", ""text""]",text,test
aha_q_372,aha,"[""sound""]",What is the order of the sound events in this audio?,"[""Someone chuckled once, then hiccupped twice, then burped twice.""]","[""Someone hiccupped twice, then chuckled once, then burped twice.""]","[""test500_frequency/audio/syn_206""]","[""audio"", ""text""]",text,test
aha_q_373,aha,"[""sound""]",What is the sequence of sounds from start to finish?,"[""A gunshot is followed by a baby crying, then again baby crying.""]","[""The audio starts with a baby crying, then a gunshot occurs.""]","[""test500_frequency/audio/syn_207""]","[""audio"", ""text""]",text,test
aha_q_374,aha,"[""sound""]",What is the temporal structure of this audio clip?,"[""The train whistle blew first, then the shouts occurred.""]","[""The shouts came first, followed by the train whistle.""]","[""test500_frequency/audio/syn_208""]","[""audio"", ""text""]",text,test
aha_q_375,aha,"[""sound""]",What is the temporal structure of this audio clip?,"[""Static occurs first, followed by a single jackhammer.""]","[""The jackhammer starts first, then static.""]","[""test500_frequency/audio/syn_21""]","[""audio"", ""text""]",text,test
aha_q_376,aha,"[""sound""]",What is the chronological order of the sound events in this audio?,"[""The clock ticks first, then the rooster crows.""]","[""The rooster crows first, then the clock ticks.""]","[""test500_frequency/audio/syn_211""]","[""audio"", ""text""]",text,test
aha_q_377,aha,"[""sound""]",What is the temporal structure of this audio clip?,"[""The cap gun fires twice, then two coughs, then a siren sounds once.""]","[""The siren sounds first, followed by a cap gun firing twice, then coughs.""]","[""test500_frequency/audio/syn_212""]","[""audio"", ""text""]",text,test
aha_q_378,aha,"[""sound""]",What is the temporal structure of this audio clip?,"[""Screaming occurs first, followed by a mosquito sound.""]","[""The mosquito sound occurs first, followed by screaming.""]","[""test500_frequency/audio/syn_214""]","[""audio"", ""text""]",text,test
aha_q_379,aha,"[""sound""]",How many distinct sound events occur in this sequence?,"[""There are four distinct sound events: liquid sounds, liquid sounds, knocks, and knocks.""]","[""There are three distinct sound events: liquid sounds, knocks, and a ringing noise.""]","[""test500_frequency/audio/syn_215""]","[""audio"", ""text""]",text,test
aha_q_380,aha,"[""sound""]",What is the chronological order of the sound events in this audio?,"[""Paper was crumpled, then an electric shaver was used.""]","[""An electric shaver was used first, then paper was crumpled.""]","[""test500_frequency/audio/syn_216""]","[""audio"", ""text""]",text,test
aha_q_381,aha,"[""sound""]",How many distinct sound events occur in this sequence?,"[""There are three distinct sound events.""]","[""There are two distinct sound events: rustle and machine gun.""]","[""test500_frequency/audio/syn_217""]","[""audio"", ""text""]",text,test
aha_q_382,aha,"[""sound""]",How many times does each sound event occur?,"[""The frog croaked twice and the keys jangled once.""]","[""The frog croaked once and the keys jangled twice.""]","[""test500_frequency/audio/syn_218""]","[""audio"", ""text""]",text,test
aha_q_383,aha,"[""sound""]",How many times does each sound event occur?,"[""The power tool, glass shattering, and the tick each occur once.""]","[""The power tool, glass shattering, and the duck quacking each occur once.""]","[""test500_frequency/audio/syn_220""]","[""audio"", ""text""]",text,test
aha_q_384,aha,"[""sound""]",What is the chronological order of the sound events in this audio?,"[""Static, then three burps, then a beep.""]","[""Static, then a beep, then three burps.""]","[""test500_frequency/audio/syn_223""]","[""audio"", ""text""]",text,test
aha_q_385,aha,"[""sound""]",What is the chronological order of the sound events in this audio?,"[""A fart occurred first, followed by an emergency vehicle sound.""]","[""The emergency vehicle sound occurred first, then the fart.""]","[""test500_frequency/audio/syn_225""]","[""audio"", ""text""]",text,test
aha_q_386,aha,"[""sound""]",How many times does each sound event occur?,"[""Gurgling and bubbling occurred once; liquid sounds occurred twice.""]","[""Gurgling occurred twice; bubbling occurred once; liquid sounds occurred once.""]","[""test500_frequency/audio/syn_226""]","[""audio"", ""text""]",text,test
aha_q_387,aha,"[""sound""]",What is the chronological order of the sound events in this audio?,"[""Water flows twice, then a cap gun fires three bullets, followed by a person speaking once.""]","[""Water flows twice, then a person speaks, followed by a cap gun firing bullets.""]","[""test500_frequency/audio/syn_227""]","[""audio"", ""text""]",text,test
aha_q_388,aha,"[""sound""]",How many times does each sound event occur?,"[""Laughter occurs twice, electric shaver once.""]","[""Laughter occurs once, electric shaver twice.""]","[""test500_frequency/audio/syn_228""]","[""audio"", ""text""]",text,test
aha_q_389,aha,"[""sound""]",What is the chronological order of the sound events in this audio?,"[""Tearing occurs first, then a yip.""]","[""The yip happens first, followed by tearing.""]","[""test500_frequency/audio/syn_23""]","[""audio"", ""text""]",text,test
aha_q_390,aha,"[""sound""]",What is the temporal structure of this audio clip?,"[""The train whistled twice, then a rumble occurred.""]","[""The train whistled once, then a rumble, and finally the train whistled twice.""]","[""test500_frequency/audio/syn_231""]","[""audio"", ""text""]",text,test
aha_q_391,aha,"[""sound""]",What is the chronological order of the sound events in this audio?,"[""An alarm goes off, then the buzzer sounds twice, followed by the duck quacking twice.""]","[""The alarm goes off, the duck quacks twice, then the buzzer sounds twice.""]","[""test500_frequency/audio/syn_233""]","[""audio"", ""text""]",text,test
aha_q_392,aha,"[""sound""]",What is the chronological order of the sound events in this audio?,"[""The sequence is bell dinged twice, hammer struck three times, then a single tick.""]","[""The order is hammer struck three times, bell dinged twice, then a single tick.""]","[""test500_frequency/audio/syn_243""]","[""audio"", ""text""]",text,test
aha_q_393,aha,"[""sound""]",How many times does each sound event occur?,"[""Static occurs once, shouting occurs twice.""]","[""Static occurs three times, shouting occurs once.""]","[""test500_frequency/audio/syn_244""]","[""audio"", ""text""]",text,test
aha_q_394,aha,"[""sound""]",How many times does each sound event occur?,"[""Grunt occurs twice, sanding once, tick once.""]","[""Grunt occurs twice, sanding twice, tick once.""]","[""test500_frequency/audio/syn_245""]","[""audio"", ""text""]",text,test
aha_q_395,aha,"[""sound""]",How many times does each sound event occur?,"[""The dog barks twice; the gunshots occur twice.""]","[""The dog barks once and the gunshots occur three times.""]","[""test500_frequency/audio/syn_246""]","[""audio"", ""text""]",text,test
aha_q_396,aha,"[""sound""]",What is the temporal structure of this audio clip?,"[""Steam whistle sounded first, then mosquito buzzed twice.""]","[""Mosquito buzzed first, then the steam whistle sounded.""]","[""test500_frequency/audio/syn_25""]","[""audio"", ""text""]",text,test
aha_q_397,aha,"[""sound""]",How many distinct sound events occur in this sequence?,"[""Two sound events occur: a pig oink and an aircraft sound.""]","[""Three sound events occur: a pig oink, an aircraft sound, and a dog barking.""]","[""test500_frequency/audio/syn_250""]","[""audio"", ""text""]",text,test
aha_q_398,aha,"[""sound""]",How many times does each sound event occur?,"[""Spray occurs twice, helicopter once, clang once.""]","[""Spray occurs once, helicopter twice, clang once.""]","[""test500_frequency/audio/syn_251""]","[""audio"", ""text""]",text,test
aha_q_399,aha,"[""sound""]",What is the temporal structure of this audio clip?,"[""The tire squealed first, then the hammer was struck three times.""]","[""The hammer was struck first, then the tire squealed.""]","[""test500_frequency/audio/syn_252""]","[""audio"", ""text""]",text,test
aha_q_400,aha,"[""sound""]",What is the temporal structure of this audio clip?,"[""The whistle occurs first, then the engine knocking.""]","[""The engine knocking occurs before the whistle.""]","[""test500_frequency/audio/syn_253""]","[""audio"", ""text""]",text,test
aha_q_401,aha,"[""sound""]",What is the temporal structure of this audio clip?,"[""Rustling occurred first, then the dial tone three times.""]","[""The dial tone occurs first, then rustling, with multiple rustles.""]","[""test500_frequency/audio/syn_254""]","[""audio"", ""text""]",text,test
aha_q_402,aha,"[""sound""]",How many times does each sound event occur?,"[""The whistle sounds three times and the bell rings twice.""]","[""The whistle sounds twice and the bell rings three times.""]","[""test500_frequency/audio/syn_256""]","[""audio"", ""text""]",text,test
aha_q_403,aha,"[""sound""]",How many distinct sound events occur in this sequence?,"[""Two sound events occur: a clock tick-tock and an engine revving.""]","[""Three sound events occur: a clock tick-tock, an engine revving, and a horn honking.""]","[""test500_frequency/audio/syn_257""]","[""audio"", ""text""]",text,test
aha_q_404,aha,"[""sound""]",How many times does each sound event occur?,"[""Hiccup occurs once, alarm sounds three times, buzzer goes off twice.""]","[""Hiccup occurs twice, alarm sounds three times, buzzer goes off once.""]","[""test500_frequency/audio/syn_259""]","[""audio"", ""text""]",text,test
aha_q_405,aha,"[""sound""]",What is the temporal structure of this audio clip?,"[""Bird chirped three times, then a person laughed twice.""]","[""A person laughed twice, followed by the bird chirping three times.""]","[""test500_frequency/audio/syn_26""]","[""audio"", ""text""]",text,test
aha_q_406,aha,"[""sound""]",Which sound event has the longest duration?,"[""The typewriter has the longest duration.""]","[""The buzzer has the longest duration.""]","[""test500_frequency/audio/syn_260""]","[""audio"", ""text""]",text,test
aha_q_407,aha,"[""sound""]",What is the temporal structure of this audio clip?,"[""The buzzer sounds three times, then a shout occurs.""]","[""The shout happens first, then the buzzer sounds three times.""]","[""test500_frequency/audio/syn_261""]","[""audio"", ""text""]",text,test
aha_q_408,aha,"[""sound""]",Does the baby cry more than once?,"[""Yes, the baby cried twice.""]","[""No, the baby cried only once.""]","[""test500_frequency/audio/syn_262""]","[""audio"", ""text""]",text,test
aha_q_409,aha,"[""sound""]",What is the chronological order of the sound events in this audio?,"[""Two grunts occur first, followed by an engine sound.""]","[""A single grunt occurs first, then an engine sound, with no other sounds.""]","[""test500_frequency/audio/syn_264""]","[""audio"", ""text""]",text,test
aha_q_410,aha,"[""sound""]",How many times does each sound event occur?,"[""The bell rang twice, the cricket sounds occurred twice.""]","[""The bell rang once, and the cricket sounds occurred twice.""]","[""test500_frequency/audio/syn_266""]","[""audio"", ""text""]",text,test
aha_q_411,aha,"[""sound""]",What is the temporal structure of this audio clip?,"[""The cat meowed three times, then the horse neighed once.""]","[""The horse neighed first, then the cat meowed three times.""]","[""test500_frequency/audio/syn_269""]","[""audio"", ""text""]",text,test
aha_q_412,aha,"[""sound""]",What is the sequence of sounds from start to finish?,"[""Mosquito buzzed three times, then sanding noise.""]","[""Mosquito buzzed once, followed by sanding noise.""]","[""test500_frequency/audio/syn_27""]","[""audio"", ""text""]",text,test
aha_q_413,aha,"[""sound""]",How many times does each sound event occur?,"[""The goat bleated twice, and the water sound occurred twice.""]","[""The goat bleated once, and the water sound occurred three times.""]","[""test500_frequency/audio/syn_270""]","[""audio"", ""text""]",text,test
aha_q_414,aha,"[""sound""]",What is the chronological order of the sound events in this audio?,"[""Tire squeal and skid followed by two shouts.""]","[""The two shouts occurred first, then the tire squeal and skid.""]","[""test500_frequency/audio/syn_271""]","[""audio"", ""text""]",text,test
aha_q_415,aha,"[""sound""]",What is the chronological order of the sound events in this audio?,"[""The doorbell rang twice first, then a single crowing of a cock-a-doodle-doo.""]","[""The single crowing of a cock-a-doodle-doo occurred first, followed by the doorbell ringing twice.""]","[""test500_frequency/audio/syn_275""]","[""audio"", ""text""]",text,test
aha_q_416,aha,"[""sound""]",What is the temporal structure of this audio clip?,"[""A break occurs first, then keys jangle twice.""]","[""Keys jangle twice first, then something breaks.""]","[""test500_frequency/audio/syn_280""]","[""audio"", ""text""]",text,test
aha_q_417,aha,"[""sound""]",What is the chronological order of the sound events in this audio?,"[""The telephone was dialed twice, then a helicopter passed by.""]","[""The helicopter passed by first, then the telephone was dialed twice.""]","[""test500_frequency/audio/syn_288""]","[""audio"", ""text""]",text,test
aha_q_418,aha,"[""sound""]",What is the chronological order of the sound events in this audio?,"[""The computer keyboard was used first, then the sewing machine ran.""]","[""The sewing machine was used before the computer keyboard.""]","[""test500_frequency/audio/syn_29""]","[""audio"", ""text""]",text,test
aha_q_419,aha,"[""sound""]",Which sound event has the longest duration?,"[""The waterfall has the longest duration.""]","[""The waterfall has the shortest duration.""]","[""test500_frequency/audio/syn_290""]","[""audio"", ""text""]",text,test
aha_q_420,aha,"[""sound""]",What is the sequence of sounds from start to finish?,"[""Sawing, then throat clearing.""]","[""Throat clearing first, followed by three instances of sawing.""]","[""test500_frequency/audio/syn_291""]","[""audio"", ""text""]",text,test
aha_q_421,aha,"[""sound""]",What is the chronological order of the sound events in this audio?,"[""Gunshot followed by two slamming noises.""]","[""Two slamming noises followed by a gunshot.""]","[""test500_frequency/audio/syn_292""]","[""audio"", ""text""]",text,test
aha_q_422,aha,"[""sound""]",What is the temporal structure of this audio clip?,"[""The drill occurred three times before the crumpling or crinkling.""]","[""The crumpling or crinkling occurred three times before the drill.""]","[""test500_frequency/audio/syn_293""]","[""audio"", ""text""]",text,test
aha_q_423,aha,"[""sound""]",What is the temporal structure of this audio clip?,"[""The telephone was dialed twice, then a helicopter passed by once.""]","[""A helicopter passed by twice, followed by the telephone being dialed once.""]","[""test500_frequency/audio/syn_294""]","[""audio"", ""text""]",text,test
aha_q_424,aha,"[""sound""]",How many times does each sound event occur?,"[""Someone laughed once, and the bird chirped twice.""]","[""Someone laughed twice, and the bird chirped once.""]","[""test500_frequency/audio/syn_295""]","[""audio"", ""text""]",text,test
aha_q_425,aha,"[""sound""]",What is the temporal structure of this audio clip?,"[""The hums occurred first, then the rasp sound followed.""]","[""The rasp sound happened before the hums, and there were three hums in total.""]","[""test500_frequency/audio/syn_298""]","[""audio"", ""text""]",text,test
aha_q_426,aha,"[""sound""]",What is the sequence of sounds from start to finish?,"[""The cat meowed three times, then the telephone rang once.""]","[""The telephone rang once, then the cat meowed three times.""]","[""test500_frequency/audio/syn_299""]","[""audio"", ""text""]",text,test
aha_q_427,aha,"[""sound""]",What is the sequence of sounds from start to finish?,"[""Fart, then cock crowing, then whistling.""]","[""Fart, then whistling, then cock crowing.""]","[""test500_frequency/audio/syn_30""]","[""audio"", ""text""]",text,test
aha_q_428,aha,"[""sound""]",What is the temporal structure of this audio clip?,"[""Coughing occurs before the woman sings.""]","[""The woman sings before any coughing occurs.""]","[""test500_frequency/audio/syn_302""]","[""audio"", ""text""]",text,test
aha_q_429,aha,"[""sound""]",What is the temporal structure of this audio clip?,"[""The squeak occurs before the power tool.""]","[""The power tool occurs before the squeak.""]","[""test500_frequency/audio/syn_304""]","[""audio"", ""text""]",text,test
aha_q_430,aha,"[""sound""]",What is the temporal structure of this audio clip?,"[""Water gurgled and bubbled once, then a ship sound occurred twice.""]","[""The ship sound happened first, followed by water gurgling and bubbling.""]","[""test500_frequency/audio/syn_305""]","[""audio"", ""text""]",text,test
aha_q_431,aha,"[""sound""]",What is the first sound event in this audio?,"[""The first sound event is a cricket chirping.""]","[""The first sound event is a police car siren.""]","[""test500_frequency/audio/syn_307""]","[""audio"", ""text""]",text,test
aha_q_432,aha,"[""sound""]",What is the sequence of sounds from start to finish?,"[""Thump thud, then growling, then cough.""]","[""Growling occurs first, followed by a thump sound, then a cough.""]","[""test500_frequency/audio/syn_308""]","[""audio"", ""text""]",text,test
aha_q_433,aha,"[""sound""]",How many times does each sound event occur?,"[""Air horn and truck horn each sounded twice; crunch sounded once.""]","[""Air horn sounded once, truck horn twice, and crunch three times.""]","[""test500_frequency/audio/syn_31""]","[""audio"", ""text""]",text,test
aha_q_434,aha,"[""sound""]",What is the temporal structure of this audio clip?,"[""Gunshot followed by tearing sounds twice.""]","[""Tearing sounds occur before the gunshot.""]","[""test500_frequency/audio/syn_310""]","[""audio"", ""text""]",text,test
aha_q_435,aha,"[""sound""]",What is the temporal structure of this audio clip?,"[""Buzzes, then a clang, then a mosquito.""]","[""A mosquito sound occurred twice, followed by a clang and a buzz.""]","[""test500_frequency/audio/syn_311""]","[""audio"", ""text""]",text,test
aha_q_436,aha,"[""sound""]",What is the temporal structure of this audio clip?,"[""Farting occurred twice, then a biting sound, followed by a whoosh and swoosh noise.""]","[""Farting occurred once, then a biting sound, followed by a loud explosion.""]","[""test500_frequency/audio/syn_312""]","[""audio"", ""text""]",text,test
aha_q_437,aha,"[""sound""]",What is the chronological order of the sound events in this audio?,"[""Tearing occurs twice, then a tick-tock follows.""]","[""There was tearing once, followed by a tick-tock and then tearing again.""]","[""test500_frequency/audio/syn_313""]","[""audio"", ""text""]",text,test
aha_q_438,aha,"[""sound""]",How many distinct sound events occur in this sequence?,"[""There are three sound events: fart, buzz, and ambulance siren.""]","[""There are two sound events: fart and ambulance siren.""]","[""test500_frequency/audio/syn_316""]","[""audio"", ""text""]",text,test
aha_q_439,aha,"[""sound""]",What is the temporal structure of this audio clip?,"[""The fire alarm goes off first, then breathing occurs.""]","[""Breathing occurs before the fire alarm goes off.""]","[""test500_frequency/audio/syn_317""]","[""audio"", ""text""]",text,test
aha_q_440,aha,"[""sound""]",What is the sequence of sounds from start to finish?,"[""Someone bit twice, then an aircraft engine runs once.""]","[""An aircraft engine runs once, then someone bit twice.""]","[""test500_frequency/audio/syn_318""]","[""audio"", ""text""]",text,test
aha_q_441,aha,"[""sound""]",What is the chronological order of the sound events in this audio?,"[""The frog croaked three times first, then the engine knocked once.""]","[""The engine knocked once before the frog croaked three times.""]","[""test500_frequency/audio/syn_32""]","[""audio"", ""text""]",text,test
aha_q_442,aha,"[""sound""]",How many distinct sound events occur in this sequence?,"[""There are three sound events: static, singing, crying and sobbing.""]","[""There are four sound events: static, singing, crying, sobbing, and shouting.""]","[""test500_frequency/audio/syn_322""]","[""audio"", ""text""]",text,test
aha_q_443,aha,"[""sound""]",What is the sequence of sounds from start to finish?,"[""A whooshing sound was followed by two bell rings.""]","[""A bell ringing twice occurred first, then a whooshing sound.""]","[""test500_frequency/audio/syn_323""]","[""audio"", ""text""]",text,test
aha_q_444,aha,"[""sound""]",What is the temporal structure of this audio clip?,"[""Door slammed, then knocked, then dog barked.""]","[""Dog barked first, then door slammed, then knocked.""]","[""test500_frequency/audio/syn_324""]","[""audio"", ""text""]",text,test
aha_q_445,aha,"[""sound""]",What is the temporal structure of this audio clip?,"[""The train horn blared first, followed by crumpling or crinkling noises.""]","[""The crumpling noises occurred first, then the train horn blared.""]","[""test500_frequency/audio/syn_325""]","[""audio"", ""text""]",text,test
aha_q_446,aha,"[""sound""]",What is the order of the sound events in this audio?,"[""The dog barked first, then the car horn honked, and finally the telephone rang.""]","[""The dog barked last, the telephone rang first, and the car horn honked second.""]","[""test500_frequency/audio/syn_326""]","[""audio"", ""text""]",text,test
aha_q_447,aha,"[""sound""]",What is the chronological order of the sound events in this audio?,"[""Whistling, then hiccup, then buzzing three times.""]","[""Whistling occurs once, followed by a hiccup, then buzzing two times.""]","[""test500_frequency/audio/syn_327""]","[""audio"", ""text""]",text,test
aha_q_448,aha,"[""sound""]",What is the chronological order of the sound events in this audio?,"[""The mosquito buzzed first, then something broke.""]","[""The mosquito buzzed after something broke.""]","[""test500_frequency/audio/syn_329""]","[""audio"", ""text""]",text,test
aha_q_449,aha,"[""sound""]",What is the sequence of sounds from start to finish?,"[""Growling, then growling again, followed by a cap gun firing.""]","[""Growling once, then a cap gun firing, followed by another growling.""]","[""test500_frequency/audio/syn_33""]","[""audio"", ""text""]",text,test
aha_q_450,aha,"[""sound""]",What is the temporal structure of this audio clip?,"[""The baby cried first, then someone sobbed.""]","[""Someone sobbed first, then the baby cried.""]","[""test500_frequency/audio/syn_330""]","[""audio"", ""text""]",text,test
aha_q_451,aha,"[""sound""]",What is the temporal structure of this audio clip?,"[""The frog croaked first, then the foghorn sounded.""]","[""The foghorn sounded first, then the frog croaked.""]","[""test500_frequency/audio/syn_331""]","[""audio"", ""text""]",text,test
aha_q_452,aha,"[""sound""]",What is the chronological order of the sound events in this audio?,"[""The train horn sounded first, then the rooster crowed twice.""]","[""The rooster crowed first, then the train horn sounded.""]","[""test500_frequency/audio/syn_334""]","[""audio"", ""text""]",text,test
aha_q_453,aha,"[""sound""]",What is the chronological order of the sound events in this audio?,"[""The fire alarm goes off first, then a slap or smack sound occurs.""]","[""The slap or smack sound occurs first, followed by the fire alarm.""]","[""test500_frequency/audio/syn_335""]","[""audio"", ""text""]",text,test
aha_q_454,aha,"[""sound""]",What is the chronological order of the sound events in this audio?,"[""The horse neighed first, then there were two knocks.""]","[""There were two knocks first, then the horse neighed.""]","[""test500_frequency/audio/syn_337""]","[""audio"", ""text""]",text,test
aha_q_455,aha,"[""sound""]",How many distinct sound events occur in this sequence?,"[""Two sound events occur: the water tap turning on and the growling.""]","[""Three sound events occur: water tap turning on, growling, and a dog barking.""]","[""test500_frequency/audio/syn_34""]","[""audio"", ""text""]",text,test
aha_q_456,aha,"[""sound""]",What is the sequence of sounds from start to finish?,"[""Dishes, pots, and pans clashed twice, then a belly laugh twice.""]","[""Dishes, pots, and pans clashed twice, followed by a belly laugh twice.""]","[""test500_frequency/audio/syn_340""]","[""audio"", ""text""]",text,test
aha_q_457,aha,"[""sound""]",What is the chronological order of the sound events in this audio?,"[""A clang sounded first, then water was heard twice.""]","[""Water was heard twice first, then a clang sounded.""]","[""test500_frequency/audio/syn_343""]","[""audio"", ""text""]",text,test
aha_q_458,aha,"[""sound""]",What is the chronological order of the sound events in this audio?,"[""Someone snored first, then a civil defense siren sounded afterward.""]","[""A civil defense siren sounded first, then someone snored afterward.""]","[""test500_frequency/audio/syn_344""]","[""audio"", ""text""]",text,test
aha_q_459,aha,"[""sound""]",What is the temporal structure of this audio clip?,"[""Someone groaned three times then whistled.""]","[""Someone groaned twice followed by a single instance of whistling.""]","[""test500_frequency/audio/syn_347""]","[""audio"", ""text""]",text,test
aha_q_460,aha,"[""sound""]",How many distinct sound events occur in this sequence?,"[""Two sound events occur: something broke and a busy signal.""]","[""Three sound events occur: something broke, a busy signal, and a ringing tone.""]","[""test500_frequency/audio/syn_348""]","[""audio"", ""text""]",text,test
aha_q_461,aha,"[""sound""]",How many times does each sound event occur?,"[""The telephone rings three times, and the pig oinks once.""]","[""The telephone rings twice, and the pig oinks twice.""]","[""test500_frequency/audio/syn_35""]","[""audio"", ""text""]",text,test
aha_q_462,aha,"[""sound""]",How many distinct sound events occur in this sequence?,"[""Two sound events occur.""]","[""Three sound events occur.""]","[""test500_frequency/audio/syn_351""]","[""audio"", ""text""]",text,test
aha_q_463,aha,"[""sound""]",What is the order of sound events in this audio?,"[""The hiss occurred twice first, then the civil defense siren sounded once.""]","[""The civil defense siren occurred before the hiss sound.""]","[""test500_frequency/audio/syn_352""]","[""audio"", ""text""]",text,test
aha_q_464,aha,"[""sound""]",What is the sequence of sounds from start to finish?,"[""The jackhammer is heard first, then the breaking sound.""]","[""The breaking sound occurs first, followed by the jackhammer.""]","[""test500_frequency/audio/syn_353""]","[""audio"", ""text""]",text,test
aha_q_465,aha,"[""sound""]",How many times does each sound event occur?,"[""The paper rustled once; the telephone was dialed twice.""]","[""The paper rustled twice; the telephone was dialed once.""]","[""test500_frequency/audio/syn_355""]","[""audio"", ""text""]",text,test
aha_q_466,aha,"[""sound""]",What is the first sound event in this audio?,"[""The first sound event is an air horn.""]","[""The first sound event is a truck horn followed by an emergency vehicle siren.""]","[""test500_frequency/audio/syn_356""]","[""audio"", ""text""]",text,test
aha_q_467,aha,"[""sound""]",What is the temporal structure of this audio clip?,"[""The sound effect occurs twice, then silence.""]","[""The sound effect happens once, then silence.""]","[""test500_frequency/audio/syn_357""]","[""audio"", ""text""]",text,test
aha_q_468,aha,"[""sound""]",What is the chronological order of the sound events in this audio?,"[""The jet engine sound occurs first, followed by the filing sound.""]","[""The filing sound occurs first, followed by the jet engine.""]","[""test500_frequency/audio/syn_358""]","[""audio"", ""text""]",text,test
aha_q_469,aha,"[""sound""]",How many distinct sound events occur in this sequence?,"[""Two sound events occur.""]","[""Three sound events occur.""]","[""test500_frequency/audio/syn_36""]","[""audio"", ""text""]",text,test
aha_q_470,aha,"[""sound""]",How many times does each sound event occur?,"[""The whip cracks twice.""]","[""The whip cracks once, followed by silence.""]","[""test500_frequency/audio/syn_363""]","[""audio"", ""text""]",text,test
aha_q_471,aha,"[""sound""]",What is the temporal structure of this audio clip?,"[""Pig oinks then the engine starts.""]","[""The engine starts then the pig oinks.""]","[""test500_frequency/audio/syn_364""]","[""audio"", ""text""]",text,test
aha_q_472,aha,"[""sound""]",What is the temporal structure of this audio clip?,"[""The typewriter clicks first, then the bird calls, followed by the steam whistle.""]","[""The steam whistle starts first, then the bird calls, and the typewriter clicks last.""]","[""test500_frequency/audio/syn_37""]","[""audio"", ""text""]",text,test
aha_q_473,aha,"[""sound""]",How many times does each sound event occur?,"[""Coughing occurs twice, shaver occurs once.""]","[""Coughing occurs once, shaver occurs twice.""]","[""test500_frequency/audio/syn_370""]","[""audio"", ""text""]",text,test
aha_q_474,aha,"[""sound""]",What is the temporal structure of this audio clip?,"[""The toilet flushed twice first, then someone giggled.""]","[""The giggle occurred before the toilet flushed.""]","[""test500_frequency/audio/syn_372""]","[""audio"", ""text""]",text,test
aha_q_475,aha,"[""sound""]",What is the order of the sound events in this audio?,"[""The howl occurs first, followed by the paper rustling.""]","[""The paper rustling occurs first, then the howl.""]","[""test500_frequency/audio/syn_374""]","[""audio"", ""text""]",text,test
aha_q_476,aha,"[""sound""]",What is the temporal structure of this audio clip?,"[""Water noises occurred twice, followed by an ambulance siren once.""]","[""Water noises occurred once, followed by an ambulance siren twice.""]","[""test500_frequency/audio/syn_377""]","[""audio"", ""text""]",text,test
aha_q_477,aha,"[""sound""]",What is the chronological order of the sound events in this audio?,"[""Gurgling and bubbling, then jackhammer.""]","[""Gurgling and bubbling occurred twice, followed by a jackhammer once.""]","[""test500_frequency/audio/syn_379""]","[""audio"", ""text""]",text,test
aha_q_478,aha,"[""sound""]",What is the sequence of sounds from start to finish?,"[""A telephone was dialed twice, then two gunshots.""]","[""A telephone was dialed twice, followed by two separate gunshots.""]","[""test500_frequency/audio/syn_38""]","[""audio"", ""text""]",text,test
aha_q_479,aha,"[""sound""]",What is the temporal structure of this audio clip?,"[""Wind occurs twice, then a vehicle accelerates.""]","[""The vehicle accelerates first, then wind occurs twice.""]","[""test500_frequency/audio/syn_380""]","[""audio"", ""text""]",text,test
aha_q_480,aha,"[""sound""]",What is the temporal structure of this audio clip?,"[""Someone sneezed twice, then an engine started once.""]","[""An engine started twice, then someone sneezed once.""]","[""test500_frequency/audio/syn_381""]","[""audio"", ""text""]",text,test
aha_q_481,aha,"[""sound""]",What is the sequence of sounds from start to finish?,"[""A groan, then speech, then a hum.""]","[""A speech, then a groan, then a hum.""]","[""test500_frequency/audio/syn_384""]","[""audio"", ""text""]",text,test
aha_q_482,aha,"[""sound""]",What is the temporal structure of this audio clip?,"[""The dog yipped first, followed by the toilet flushing twice.""]","[""The toilet flushed first, then the dog yipped.""]","[""test500_frequency/audio/syn_386""]","[""audio"", ""text""]",text,test
aha_q_483,aha,"[""sound""]",How many times does each sound event occur?,"[""Pig oinks three times, water sounds occur twice.""]","[""Pig oinks twice, water sounds occur three times.""]","[""test500_frequency/audio/syn_388""]","[""audio"", ""text""]",text,test
aha_q_484,aha,"[""sound""]",What is the temporal structure of this audio clip?,"[""Dog barking twice, then drill happening twice.""]","[""The drill occurs before the dog barking.""]","[""test500_frequency/audio/syn_39""]","[""audio"", ""text""]",text,test
aha_q_485,aha,"[""sound""]",What is the temporal structure of this audio clip?,"[""The dog barks three times, then whimpers three times.""]","[""The dog whimpers three times, then barks three times.""]","[""test500_frequency/audio/syn_391""]","[""audio"", ""text""]",text,test
aha_q_486,aha,"[""sound""]",What is the first sound event in this audio?,"[""The first sound is static.""]","[""The first sound event is a waterfall, followed by static.""]","[""test500_frequency/audio/syn_392""]","[""audio"", ""text""]",text,test
aha_q_487,aha,"[""sound""]",What is the temporal structure of this audio clip?,"[""The filing rasp occurs first, followed by the alarm.""]","[""The alarm sounds before the filing rasp.""]","[""test500_frequency/audio/syn_393""]","[""audio"", ""text""]",text,test
aha_q_488,aha,"[""sound""]",What is the chronological order of the sound events in this audio?,"[""The frog croaked first, then the cricket chirped.""]","[""The cricket chirped first, then the frog croaked three times.""]","[""test500_frequency/audio/syn_394""]","[""audio"", ""text""]",text,test
aha_q_489,aha,"[""sound""]",How many times does each sound event occur?,"[""The telephone bell rings once, and the train horn sounds twice.""]","[""The telephone bell rings twice, and the train horn sounds once.""]","[""test500_frequency/audio/syn_396""]","[""audio"", ""text""]",text,test
aha_q_490,aha,"[""sound""]",What is the temporal structure of this audio clip?,"[""Snoring then a tire squeal and skid.""]","[""The tire squeal and skid happen before the snoring.""]","[""test500_frequency/audio/syn_401""]","[""audio"", ""text""]",text,test
aha_q_491,aha,"[""sound""]",What is the temporal structure of this audio clip?,"[""Pig oinks then rain falls.""]","[""Rain falls then pig oinks.""]","[""test500_frequency/audio/syn_403""]","[""audio"", ""text""]",text,test
aha_q_492,aha,"[""sound""]",What is the sequence of sounds from start to finish?,"[""The train horn sounds first, then the waterfall noise starts.""]","[""The waterfall noise sounds first, followed by the train horn.""]","[""test500_frequency/audio/syn_404""]","[""audio"", ""text""]",text,test
aha_q_493,aha,"[""sound""]",How many times does each sound event occur?,"[""Snoring once, belly laughing once, waves surf once.""]","[""Snoring twice, belly laughing once, waves surf twice.""]","[""test500_frequency/audio/syn_407""]","[""audio"", ""text""]",text,test
aha_q_494,aha,"[""sound""]",What is the temporal structure of this audio clip?,"[""Someone sneezed twice then there was the sound of crunching twice.""]","[""The sound of crunching occurred before the sneezing, with each sound happening only once.""]","[""test500_frequency/audio/syn_408""]","[""audio"", ""text""]",text,test
aha_q_495,aha,"[""sound""]",What is the temporal structure of this audio clip?,"[""Clock ticked once, then a foghorn sounded twice.""]","[""The foghorn sounded once, then the clock ticked twice.""]","[""test500_frequency/audio/syn_414""]","[""audio"", ""text""]",text,test
aha_q_496,aha,"[""sound""]",How many times does each sound event occur?,"[""Sawing occurs twice; water tap occurs once.""]","[""Sawing occurs once; water tap occurs twice.""]","[""test500_frequency/audio/syn_415""]","[""audio"", ""text""]",text,test
aha_q_497,aha,"[""sound""]",How many times does each sound event occur?,"[""Rustle occurs once; dog barks twice.""]","[""Rustle occurs twice; dog barks once.""]","[""test500_frequency/audio/syn_416""]","[""audio"", ""text""]",text,test
aha_q_498,aha,"[""sound""]",What is the temporal structure of this audio clip?,"[""The bell rang twice, then the bathtub filling or washing occurred.""]","[""The bathtub filling or washing occurred before the bell rang twice.""]","[""test500_frequency/audio/syn_417""]","[""audio"", ""text""]",text,test
aha_q_499,aha,"[""sound""]",What is the chronological order of the sound events in this audio?,"[""The doorbell rang first, then the clock ticked twice, followed by two tick sounds.""]","[""The clock ticked twice first, then the doorbell rang, followed by the tick sounds.""]","[""test500_frequency/audio/syn_418""]","[""audio"", ""text""]",text,test
aha_q_500,aha,"[""sound""]",What is the chronological order of the sound events in this audio?,"[""Duck quacked twice, goat bleated once, whistle sounded.""]","[""Duck quacked once, goat bleated twice, whistle sounded.""]","[""test500_frequency/audio/syn_419""]","[""audio"", ""text""]",text,test
aha_q_501,aha,"[""sound""]",What is the temporal structure of this audio clip?,"[""The doorbell rang first, then the rain sound followed.""]","[""The rain sound occurred before the doorbell rang.""]","[""test500_frequency/audio/syn_42""]","[""audio"", ""text""]",text,test
aha_q_502,aha,"[""sound""]",How many distinct sound events occur in this sequence?,"[""Two distinct sound events occur.""]","[""Three different sounds occur in the sequence.""]","[""test500_frequency/audio/syn_420""]","[""audio"", ""text""]",text,test
aha_q_503,aha,"[""sound""]",What is the chronological order of the sound events in this audio?,"[""Liquid sounds occur first, followed by tick-tock noises.""]","[""Tick-tock noises occur first, then liquid sounds.""]","[""test500_frequency/audio/syn_421""]","[""audio"", ""text""]",text,test
aha_q_504,aha,"[""sound""]",What is the chronological order of the sound events in this audio?,"[""Dial tone, then liquid sound, then music.""]","[""Liquid sound, then music, then dial tone.""]","[""test500_frequency/audio/syn_422""]","[""audio"", ""text""]",text,test
aha_q_505,aha,"[""sound""]",What is the temporal structure of this audio clip?,"[""The buzzer sounded three times before the alarm went off twice.""]","[""The alarm went off twice before the buzzer sounded three times.""]","[""test500_frequency/audio/syn_426""]","[""audio"", ""text""]",text,test
aha_q_506,aha,"[""sound""]",What is the chronological order of the sound events in this audio?,"[""A pig oinked twice before a cap gun fired twice.""]","[""The cap gun fired twice before the pig oinked twice.""]","[""test500_frequency/audio/syn_427""]","[""audio"", ""text""]",text,test
aha_q_507,aha,"[""sound""]",How many times does each sound event occur?,"[""The power tool was used twice, and the cap gun was fired once.""]","[""The power tool was used three times, and the cap gun was fired twice.""]","[""test500_frequency/audio/syn_428""]","[""audio"", ""text""]",text,test
aha_q_508,aha,"[""sound""]",How many times does each sound event occur?,"[""A bell rang once, and a jet engine started once.""]","[""A bell rang twice, and a jet engine started twice.""]","[""test500_frequency/audio/syn_429""]","[""audio"", ""text""]",text,test
aha_q_509,aha,"[""sound""]",What is the temporal structure of this audio clip?,"[""Baby cried twice, then the cat meowed.""]","[""The cat meowed, then the baby cried twice.""]","[""test500_frequency/audio/syn_432""]","[""audio"", ""text""]",text,test
aha_q_510,aha,"[""sound""]",What is the order of the sound events in this audio?,"[""Water occurs first, followed by spray twice.""]","[""Spray occurs first, then water, with only one spray event.""]","[""test500_frequency/audio/syn_435""]","[""audio"", ""text""]",text,test
aha_q_511,aha,"[""sound""]",What is the temporal structure of this audio clip?,"[""Hammer sounds occurred twice, then the power saw was activated once.""]","[""The power saw was activated first, then the hammer sounds occurred twice.""]","[""test500_frequency/audio/syn_436""]","[""audio"", ""text""]",text,test
aha_q_512,aha,"[""sound""]",Which sound event has the longest duration?,"[""The jet engine starting has the longest duration.""]","[""The doorbell ringing has the longest duration.""]","[""test500_frequency/audio/syn_437""]","[""audio"", ""text""]",text,test
aha_q_513,aha,"[""sound""]",What is the temporal structure of this audio clip?,"[""The buzzer goes off first, then crumpling sounds occur three times afterward.""]","[""The crumpling sounds occur before the buzzer. The sounds happen simultaneously.""]","[""test500_frequency/audio/syn_438""]","[""audio"", ""text""]",text,test
aha_q_514,aha,"[""sound""]",What is the temporal structure of this audio clip?,"[""The siren sounds twice, then the rooster crows once.""]","[""The rooster crows twice before the siren sounds once.""]","[""test500_frequency/audio/syn_439""]","[""audio"", ""text""]",text,test
aha_q_515,aha,"[""sound""]",What is the temporal structure of this audio clip?,"[""A busy signal occurs twice, then a buzzer sounds three times.""]","[""The buzzer sounds twice, followed by a busy signal.""]","[""test500_frequency/audio/syn_441""]","[""audio"", ""text""]",text,test
aha_q_516,aha,"[""sound""]",What is the temporal structure of this audio clip?,"[""Someone spoke first, then a car horn sounded afterwards.""]","[""A car horn sounded first, then someone spoke.""]","[""test500_frequency/audio/syn_443""]","[""audio"", ""text""]",text,test
aha_q_517,aha,"[""sound""]",How many times does each sound event occur?,"[""Bell dings twice; sound effect occurs twice.""]","[""Bell dings once; sound effect occurs three times.""]","[""test500_frequency/audio/syn_444""]","[""audio"", ""text""]",text,test
aha_q_518,aha,"[""sound""]",Which sound event has the longest duration?,"[""The ship has the longest duration.""]","[""The horse has the longest duration.""]","[""test500_frequency/audio/syn_445""]","[""audio"", ""text""]",text,test
aha_q_519,aha,"[""sound""]",How many distinct sound events occur in this sequence?,"[""Two sound events occur.""]","[""Three sound events occur.""]","[""test500_frequency/audio/syn_447""]","[""audio"", ""text""]",text,test
aha_q_520,aha,"[""sound""]",List the sound events in the exact order they appear.,"[""Biting occurs three times, then oinking three times.""]","[""Oinking occurs three times, followed by biting three times.""]","[""test500_frequency/audio/syn_448""]","[""audio"", ""text""]",text,test
aha_q_521,aha,"[""sound""]",What is the temporal structure of this audio clip?,"[""Tearing occurred first, then three plopping sounds.""]","[""The three plopping sounds occurred first, followed by tearing.""]","[""test500_frequency/audio/syn_449""]","[""audio"", ""text""]",text,test
aha_q_522,aha,"[""sound""]",What is the temporal structure of this audio clip?,"[""Thump and thud, then water, then a bell sound.""]","[""Water, then thump and thud, followed by a bell sound.""]","[""test500_frequency/audio/syn_45""]","[""audio"", ""text""]",text,test
aha_q_523,aha,"[""sound""]",What is the sequence of sounds from start to finish?,"[""Someone laughs once, a pig oinks twice, then a belly laugh once.""]","[""Someone laughs once, followed by a woman shouting, then a pig oinks twice.""]","[""test500_frequency/audio/syn_450""]","[""audio"", ""text""]",text,test
aha_q_524,aha,"[""sound""]",What is the temporal structure of this audio clip?,"[""The frog croaked first, then the cat meowed twice.""]","[""The cat meowed first, then the frog croaked once.""]","[""test500_frequency/audio/syn_451""]","[""audio"", ""text""]",text,test
aha_q_525,aha,"[""sound""]",How many times does each sound event occur in this sequence?,"[""Glass shatters once; tearing occurs twice.""]","[""Glass shatters twice; tearing occurs once.""]","[""test500_frequency/audio/syn_452""]","[""audio"", ""text""]",text,test
aha_q_526,aha,"[""sound""]",How many times does each sound event occur?,"[""The cap gun fired three times, the slam occurred once, and the crumpling occurred once.""]","[""The cap gun fired twice, the slam occurred twice, and the crumpling happened twice.""]","[""test500_frequency/audio/syn_453""]","[""audio"", ""text""]",text,test
aha_q_527,aha,"[""sound""]",How many times does each sound event occur?,"[""Fireworks exploded three times, and the cat meowed once.""]","[""Fireworks exploded once, then a dog barked.""]","[""test500_frequency/audio/syn_456""]","[""audio"", ""text""]",text,test
aha_q_528,aha,"[""sound""]",How many times does each sound event occur?,"[""Buzzer sounds twice; ding occurs three times.""]","[""The buzzer sounds once; the ding occurs twice.""]","[""test500_frequency/audio/syn_458""]","[""audio"", ""text""]",text,test
aha_q_529,aha,"[""sound""]",What is the temporal structure of this audio clip?,"[""A slap or smack occurs first, then two burps, and finally a bark.""]","[""The bark occurs first, then a slap and multiple burps.""]","[""test500_frequency/audio/syn_460""]","[""audio"", ""text""]",text,test
aha_q_530,aha,"[""sound""]",What is the chronological order of the sound events in this audio?,"[""Coughing occurs first, followed by slapping or smacking sounds.""]","[""The slapping sounds occur before the coughing.""]","[""test500_frequency/audio/syn_461""]","[""audio"", ""text""]",text,test
aha_q_531,aha,"[""sound""]",What is the temporal structure of this audio clip?,"[""The tire squealed first, then the bathtub was filled or washed.""]","[""The bathtub was filled or washed first, then the tire squealed.""]","[""test500_frequency/audio/syn_463""]","[""audio"", ""text""]",text,test
aha_q_532,aha,"[""sound""]",How many times does each sound event occur?,"[""Mosquito buzzed twice, keyboard typed on three times.""]","[""Mosquito buzzed twice, keyboard typed on two times.""]","[""test500_frequency/audio/syn_464""]","[""audio"", ""text""]",text,test
aha_q_533,aha,"[""sound""]",What is the sequence of sounds from start to finish?,"[""Clang occurs first, then static.""]","[""Clang happens after static, with static first.""]","[""test500_frequency/audio/syn_465""]","[""audio"", ""text""]",text,test
aha_q_534,aha,"[""sound""]",What is the chronological order of the sound events in this audio?,"[""Fireworks exploded twice, then a horse neighing, then someone breathing.""]","[""Fireworks exploded twice, then someone breathing, then a horse neighing.""]","[""test500_frequency/audio/syn_469""]","[""audio"", ""text""]",text,test
aha_q_535,aha,"[""sound""]",What is the temporal structure of this audio clip?,"[""Biting occurs twice, then a ding, then a whoosh sound.""]","[""The audio starts with a ding, followed by a swoosh and biting sounds.""]","[""test500_frequency/audio/syn_472""]","[""audio"", ""text""]",text,test
aha_q_536,aha,"[""sound""]",How many times does each sound event occur?,"[""Glass shattered twice, dental drill once.""]","[""Glass shattered twice, dental drill twice.""]","[""test500_frequency/audio/syn_473""]","[""audio"", ""text""]",text,test
aha_q_537,aha,"[""sound""]",What is the temporal structure of this audio clip?,"[""Door knocks first, then speech, followed by two plopping sounds.""]","[""Speech occurs at the beginning, then door knocks, and finally a single plopping sound.""]","[""test500_frequency/audio/syn_474""]","[""audio"", ""text""]",text,test
aha_q_538,aha,"[""sound""]",What is the temporal structure of this audio clip?,"[""Bird chirped, then a plop, then a gunshot.""]","[""The gunshot occurred first, then a bird chirped, followed by a plop.""]","[""test500_frequency/audio/syn_477""]","[""audio"", ""text""]",text,test
aha_q_539,aha,"[""sound""]",What is the temporal structure of this audio clip?,"[""The jackhammer is heard first, then the dishes, pots, and pans occur twice.""]","[""The dishes, pots, and pans are heard first, followed by the jackhammer.""]","[""test500_frequency/audio/syn_48""]","[""audio"", ""text""]",text,test
aha_q_540,aha,"[""sound""]",What is the chronological order of the sound events in this audio?,"[""Gunshots are followed by sawing.""]","[""Sawing occurs first, then gunshots.""]","[""test500_frequency/audio/syn_480""]","[""audio"", ""text""]",text,test
aha_q_541,aha,"[""sound""]",What is the order of sound events in this audio?,"[""The train whistled twice, then a toilet flush occurred.""]","[""The train whistled once, followed by a toilet flush.""]","[""test500_frequency/audio/syn_481""]","[""audio"", ""text""]",text,test
aha_q_542,aha,"[""sound""]",How many times does each sound event occur?,"[""Typewriter occurs twice, laughter occurs once.""]","[""Typewriter occurs once, laughter occurs twice.""]","[""test500_frequency/audio/syn_483""]","[""audio"", ""text""]",text,test
aha_q_543,aha,"[""sound""]",What is the temporal structure of this audio clip?,"[""Breaking occurs three times, then a dog whimpers twice.""]","[""Breaking occurs twice, followed by a dog barking three times.""]","[""test500_frequency/audio/syn_485""]","[""audio"", ""text""]",text,test
aha_q_544,aha,"[""sound""]",What is the sequence of sounds from start to finish?,"[""Someone hiccuped twice, then there were two crunching sounds.""]",[],"[""test500_frequency/audio/syn_486""]","[""audio"", ""text""]",text,test
aha_q_545,aha,"[""sound""]",What is the temporal structure of this audio clip?,"[""Telephone dialed twice, then vacuum cleaner.""]","[""The vacuum cleaner was heard before the telephones were dialed.""]","[""test500_frequency/audio/syn_487""]","[""audio"", ""text""]",text,test
aha_q_546,aha,"[""sound""]",What is the chronological order of the sound events in this audio?,"[""Someone coughed, then the telephone bell rang, followed by static.""]","[""The telephone bell rang, then static occurred, and someone coughed.""]","[""test500_frequency/audio/syn_488""]","[""audio"", ""text""]",text,test
aha_q_547,aha,"[""sound""]",How many times does each sound event occur?,"[""Three gunshots and one chirping sound.""]","[""Two gunshots and two chirping sounds.""]","[""test500_frequency/audio/syn_489""]","[""audio"", ""text""]",text,test
aha_q_548,aha,"[""sound""]",How many times does each sound event occur?,"[""Dishes, pots, and pans clanged three times; the child sang once.""]","[""Dishes, pots, pans, and a dog barked twice; the child giggled once.""]","[""test500_frequency/audio/syn_49""]","[""audio"", ""text""]",text,test
aha_q_549,aha,"[""sound""]",How many distinct sound events occur in this sequence?,"[""Two distinct sound events: silence and aircraft engine.""]","[""There are three sound events: silence, aircraft engine, and footsteps.""]","[""test500_frequency/audio/syn_491""]","[""audio"", ""text""]",text,test
aha_q_550,aha,"[""sound""]",What is the order of sound events in this audio?,"[""The goat bleated three times first, then the machine gun fired.""]","[""The machine gun fired first, then the goat bleated three times.""]","[""test500_frequency/audio/syn_492""]","[""audio"", ""text""]",text,test
aha_q_551,aha,"[""sound""]",What is the temporal structure of this audio clip?,"[""The baby laughed first, then a gunshot was heard.""]","[""A gunshot was heard first, then the baby laughed.""]","[""test500_frequency/audio/syn_493""]","[""audio"", ""text""]",text,test
aha_q_552,aha,"[""sound""]",What is the temporal structure of this audio clip?,"[""Breathing occurs first, followed by two dial tones.""]","[""Two dial tones occur first, then breathing.""]","[""test500_frequency/audio/syn_494""]","[""audio"", ""text""]",text,test
aha_q_553,aha,"[""sound""]",What is the temporal structure of this audio clip?,"[""Hiccups occurred first, followed by gunshots.""]","[""The gunshots happened before the hiccups.""]","[""test500_frequency/audio/syn_496""]","[""audio"", ""text""]",text,test
aha_q_554,aha,"[""sound""]",How many times does each sound event occur?,"[""Beep and bleep sounds each occurred three times, steam whistle once.""]","[""Beep and bleep sounds each occurred twice, steam whistle twice.""]","[""test500_frequency/audio/syn_497""]","[""audio"", ""text""]",text,test
aha_q_555,aha,"[""sound""]",What is the temporal structure of this audio clip?,"[""The vehicle horn sounds first, followed by the telephone bell, then the sewing machine.""]","[""The sewing machine sounds first, then the vehicle horn, and finally the telephone bell.""]","[""test500_frequency/audio/syn_5""]","[""audio"", ""text""]",text,test
aha_q_556,aha,"[""sound""]",How many times does each sound event occur?,"[""Clock ticked three times, dog barks twice, cricket chirped once.""]","[""The clock ticked twice, the dog barked three times, and the cricket chirped once.""]","[""test500_frequency/audio/syn_500""]","[""audio"", ""text""]",text,test
aha_q_557,aha,"[""sound""]",What is the chronological order of the sound events in this audio?,"[""Hiccup, then three whip cracks, then a ship.""]","[""A whip crack, then a hiccup, and then a ship is heard.""]","[""test500_frequency/audio/syn_51""]","[""audio"", ""text""]",text,test
aha_q_558,aha,"[""sound""]",What is the chronological order of the sound events in this audio?,"[""The ship sounded first, then the dog whimpering occurred twice.""]","[""The dog whimpering first, then the ship sounded.""]","[""test500_frequency/audio/syn_54""]","[""audio"", ""text""]",text,test
aha_q_559,aha,"[""sound""]",What is the sequence of sounds from start to finish?,"[""A hum followed by a belly laugh.""]","[""There is a belly laugh followed by a hum.""]","[""test500_frequency/audio/syn_56""]","[""audio"", ""text""]",text,test
aha_q_560,aha,"[""sound""]",What is the temporal structure of this audio clip?,"[""The typewriter sounds occur twice first, then the hammer strikes three times afterward.""]","[""The hammer strikes happen first, followed by the typewriter sounds twice.""]","[""test500_frequency/audio/syn_58""]","[""audio"", ""text""]",text,test
aha_q_561,aha,"[""sound""]",How many times does each sound event occur?,"[""Whip cracks once, train whistle once, hiccups three.""]","[""Whip cracks twice, train whistle twice, hiccups twice.""]","[""test500_frequency/audio/syn_59""]","[""audio"", ""text""]",text,test
aha_q_562,aha,"[""sound""]",What is the chronological order of the sound events in this audio?,"[""The door slammed twice first, then the foghorn sound.""]","[""The foghorn sound occurs before the door slamming.""]","[""test500_frequency/audio/syn_62""]","[""audio"", ""text""]",text,test
aha_q_563,aha,"[""sound""]",How many distinct sound events occur in this sequence?,"[""Two sound events occur: a doorbell ringing and an aircraft engine starting.""]","[""Three sound events occur: a doorbell ringing, an aircraft engine starting, and a dog barking.""]","[""test500_frequency/audio/syn_64""]","[""audio"", ""text""]",text,test
aha_q_564,aha,"[""sound""]",Which sound event has the longest duration?,"[""The fire alarm has the longest duration.""]","[""The clock ticked once has the longest duration.""]","[""test500_frequency/audio/syn_65""]","[""audio"", ""text""]",text,test
aha_q_565,aha,"[""sound""]",What is the sequence of sounds from start to finish?,"[""A female sang, then giggled twice, then a tick-tock sound.""]","[""A female sang, then a tick-tock sound, followed by giggling twice.""]","[""test500_frequency/audio/syn_67""]","[""audio"", ""text""]",text,test
aha_q_566,aha,"[""sound""]",Does Howl occur more than once?,"[""Yes, Howl occurs twice.""]","[""No, Howl occurs only once.""]","[""test500_frequency/audio/syn_69""]","[""audio"", ""text""]",text,test
aha_q_567,aha,"[""sound""]",How many distinct sound events occur in this sequence?,"[""Two sound events occur.""]","[""Three sound events occur.""]","[""test500_frequency/audio/syn_7""]","[""audio"", ""text""]",text,test
aha_q_568,aha,"[""sound""]",What is the temporal structure of this audio clip?,"[""The howl occurs first, then the chuckle or chortle.""]","[""The chuckle happens before the howl in the audio.""]","[""test500_frequency/audio/syn_70""]","[""audio"", ""text""]",text,test
aha_q_569,aha,"[""sound""]",What is the temporal structure of this audio clip?,"[""Fireworks then a filing sound.""]","[""A filing sound then fireworks.""]","[""test500_frequency/audio/syn_71""]","[""audio"", ""text""]",text,test
aha_q_570,aha,"[""sound""]",What is the chronological order of the sound events in this audio?,"[""The hiss occurred first, followed by speech.""]","[""Speech occurred first, followed by a hiss.""]","[""test500_frequency/audio/syn_73""]","[""audio"", ""text""]",text,test
aha_q_571,aha,"[""sound""]",What is the temporal structure of this audio clip?,"[""The telephone was dialed once, then the telephone bell rang.""]","[""The telephone was dialed once, and the bell rang immediately after.""]","[""test500_frequency/audio/syn_74""]","[""audio"", ""text""]",text,test
aha_q_572,aha,"[""sound""]",What is the temporal structure of this audio clip?,"[""A gunshot occurs first, then three bell dings follow.""]","[""The bell dings happen before the gunshot.""]","[""test500_frequency/audio/syn_75""]","[""audio"", ""text""]",text,test
aha_q_573,aha,"[""sound""]",What is the sequence of sounds from start to finish?,"[""Liquid sounds occur twice, then a hissing sound occurs.""]","[""Liquid sounds occur once, followed by two instances of a hissing sound.""]","[""test500_frequency/audio/syn_77""]","[""audio"", ""text""]",text,test
aha_q_574,aha,"[""sound""]",How many distinct sound events occur in this sequence?,"[""Two sound events occur: a cricket chirp and a tire squeal.""]","[""Three sound events occur: a cricket chirp, a tire squeal, and a car horn.""]","[""test500_frequency/audio/syn_80""]","[""audio"", ""text""]",text,test
aha_q_575,aha,"[""sound""]",What is the temporal structure of this audio clip?,"[""Glass shatters, then a slam occurs twice, followed by a helicopter sound.""]","[""The helicopter sounds first, then the glass shatters, followed by a slam and another helicopter.""]","[""test500_frequency/audio/syn_82""]","[""audio"", ""text""]",text,test
aha_q_576,aha,"[""sound""]",What is the temporal structure of this audio clip?,"[""The drill was heard first, then the crunching sound occurred twice.""]","[""The crunching sound was heard before the drill occurred.""]","[""test500_frequency/audio/syn_83""]","[""audio"", ""text""]",text,test
aha_q_577,aha,"[""sound""]",What is the order of sound events in this audio?,"[""The typewriter was used twice, then the telephone bell rang once.""]","[""The telephone bell rang twice, followed by the typewriter being used once.""]","[""test500_frequency/audio/syn_85""]","[""audio"", ""text""]",text,test
aha_q_578,aha,"[""sound""]",What is the chronological order of the sound events in this audio?,"[""Liquid sound, then whipping twice, then two hiccups.""]","[""Liquid sound, then two hiccups, followed by whipping twice.""]","[""test500_frequency/audio/syn_86""]","[""audio"", ""text""]",text,test
aha_q_579,aha,"[""sound""]",How many times does each sound event occur?,"[""The air horn and truck horn each sounded once; the chirping and tweeting occurred twice each.""]","[""The air horn sounded twice, and the truck horn sounded once; the chirping occurred once.""]","[""test500_frequency/audio/syn_87""]","[""audio"", ""text""]",text,test
aha_q_580,aha,"[""sound""]",How many distinct sound events occur in this sequence?,"[""Two distinct sound events occur.""]","[""Three distinct sound events occur.""]","[""test500_frequency/audio/syn_89""]","[""audio"", ""text""]",text,test
aha_q_581,aha,"[""sound""]",What is the chronological order of the sound events in this audio?,"[""The machine gun fired first, then the clock ticked.""]","[""The clock ticked first, then the machine gun fired.""]","[""test500_frequency/audio/syn_95""]","[""audio"", ""text""]",text,test
aha_q_582,aha,"[""sound""]",How many times does each sound event occur?,"[""The telephone dialed twice and the chuckle occurred once.""]","[""The telephone dialed once and the chuckle occurred twice.""]","[""test500_frequency/audio/syn_97""]","[""audio"", ""text""]",text,test
aha_q_583,aha,"[""sound""]",What is the temporal structure of this audio clip?,"[""The telephone dialed three times, then a civil defense siren sounded once.""]","[""The civil defense siren sounded once, then the telephone dialed three times.""]","[""test500_frequency/audio/syn_98""]","[""audio"", ""text""]",text,test
aha_q_584,aha,"[""sound""]",What is the order of the sound events in this audio?,"[""The buzzer sounds first, then the busy signal repeats three times.""]","[""The busy signal repeats three times first, then the buzzer sounds.""]","[""test500_ordering/audio/syn_1""]","[""audio"", ""text""]",text,test
aha_q_585,aha,"[""sound""]",What is the temporal structure of this audio clip?,"[""The cat meows, followed by silence, then meows again, then silence, then music plays.""]","[""The cat meows at the end, then music plays, with no silence in between.""]","[""test500_ordering/audio/syn_10""]","[""audio"", ""text""]",text,test
aha_q_586,aha,"[""sound""]",What is the sequence of sounds from start to finish?,"[""The crunching sounds occur first and second, then the infant's cry comes after.""]","[""The infant's cry occurs first, followed by two crunching sounds.""]","[""test500_ordering/audio/syn_100""]","[""audio"", ""text""]",text,test
aha_q_587,aha,"[""sound""]",Which sound event has the longest duration?,"[""The siren has the longest duration.""]","[""The belly laugh has the longest duration.""]","[""test500_ordering/audio/syn_101""]","[""audio"", ""text""]",text,test
aha_q_588,aha,"[""sound""]",How many times does each sound event occur?,"[""The paper rustles once, and the cat meows four times.""]","[""The paper rustles twice, and the cat meows three times.""]","[""test500_ordering/audio/syn_102""]","[""audio"", ""text""]",text,test
aha_q_589,aha,"[""sound""]",What is the sequence of sounds from start to finish?,"[""The frog croaks four times, then the dental drill sounds.""]","[""The dental drill sounds first, then the frog croaks four times.""]","[""test500_ordering/audio/syn_103""]","[""audio"", ""text""]",text,test
aha_q_590,aha,"[""sound""]",What is the temporal structure of this audio clip?,"[""The hammer strikes first, then the keys jangle.""]","[""Keys jangle first, then the hammer strikes.""]","[""test500_ordering/audio/syn_104""]","[""audio"", ""text""]",text,test
aha_q_591,aha,"[""sound""]",What is the first sound event in this audio?,"[""Crying and sobbing occurs first.""]","[""The sequence starts with breaths, then crying and sobbing.""]","[""test500_ordering/audio/syn_105""]","[""audio"", ""text""]",text,test
aha_q_592,aha,"[""sound""]",What is the chronological order of the sound events in this audio?,"[""The buzzer sounds three times first, then the engine knocks once.""]","[""The engine knocks three times, followed by the buzzer sounding once.""]","[""test500_ordering/audio/syn_106""]","[""audio"", ""text""]",text,test
aha_q_593,aha,"[""sound""]",How many times does each sound event occur?,"[""Someone coughs twice; cricket chirps occur four times.""]","[""Someone coughs three times; cricket chirps occur five times.""]","[""test500_ordering/audio/syn_107""]","[""audio"", ""text""]",text,test
aha_q_594,aha,"[""sound""]",What is the sequence of sounds from start to finish?,"[""The doorbell rang first, then two separate howling sounds.""]","[""The doorbell rang after the two howling sounds.""]","[""test500_ordering/audio/syn_108""]","[""audio"", ""text""]",text,test
aha_q_595,aha,"[""sound""]",What is the chronological order of the sound events in this audio?,"[""The steam whistle blows first, then the car passes by.""]","[""The car passes by first, then the steam whistle blows.""]","[""test500_ordering/audio/syn_109""]","[""audio"", ""text""]",text,test
aha_q_596,aha,"[""sound""]",What is the temporal structure of this audio clip?,"[""The object breaks twice first, then the telephone dialing occurs.""]","[""The telephone dialing happens before the objects break twice.""]","[""test500_ordering/audio/syn_11""]","[""audio"", ""text""]",text,test
aha_q_597,aha,"[""sound""]",What is the first sound event in this audio?,"[""The first sound event is the power tool operating.""]","[""The first sound event is the power tool operating, followed by a loud crash.""]","[""test500_ordering/audio/syn_110""]","[""audio"", ""text""]",text,test
aha_q_598,aha,"[""sound""]",What is the sequence of sounds from start to finish?,"[""Snoring, then a single oink.""]","[""Snoring occurs three times, then a single oink, with the snoring happening after the oink.""]","[""test500_ordering/audio/syn_111""]","[""audio"", ""text""]",text,test
aha_q_599,aha,"[""sound""]",What is the temporal structure of this audio clip?,"[""A thump and thud occur first, then the doorbell rings four times.""]","[""The doorbell rings first, followed by a thump and thud.""]","[""test500_ordering/audio/syn_112""]","[""audio"", ""text""]",text,test
aha_q_600,aha,"[""sound""]",What is the chronological order of the sound events in this audio?,"[""Sawing followed by another sawing, then chuckling.""]","[""Chuckling occurs first, then sawing twice.""]","[""test500_ordering/audio/syn_113""]","[""audio"", ""text""]",text,test
aha_q_601,aha,"[""sound""]",How many times does each sound event occur?,"[""Whistling occurs three times, the sound effect occurs once.""]","[""Whistling occurs twice, and the sound effect occurs three times.""]","[""test500_ordering/audio/syn_114""]","[""audio"", ""text""]",text,test
aha_q_602,aha,"[""sound""]",How many distinct sound events occur in this sequence?,"[""Three sound events occur: a busy signal beep, a vehicle accelerating, and vehicle revving.""]","[""Four sound events occur: a busy signal beep, a vehicle accelerating, a vehicle revving, and a siren.""]","[""test500_ordering/audio/syn_115""]","[""audio"", ""text""]",text,test
aha_q_603,aha,"[""sound""]",How many times does each sound event occur?,"[""The doorbell rings three times, and burping occurs once.""]","[""The doorbell rings once, followed by burping multiple times.""]","[""test500_ordering/audio/syn_116""]","[""audio"", ""text""]",text,test
aha_q_604,aha,"[""sound""]",What is the chronological order of the sound events in this audio?,"[""The ticking sound occurs twice, then the engine knocking happens.""]","[""The ticking sound occurs once, then the engine knocking, followed again by ticking sounds.""]","[""test500_ordering/audio/syn_117""]","[""audio"", ""text""]",text,test
aha_q_605,aha,"[""sound""]",How many times does each sound event occur?,"[""Knocks occur twice; the cat meows once.""]","[""Knocks occur once; the cat meows twice.""]","[""test500_ordering/audio/syn_118""]","[""audio"", ""text""]",text,test
aha_q_606,aha,"[""sound""]",What is the chronological order of the sound events in this audio?,"[""The yip occurs first, followed by the bleat.""]","[""The bleat occurs first, followed by the yip.""]","[""test500_ordering/audio/syn_119""]","[""audio"", ""text""]",text,test
aha_q_607,aha,"[""sound""]",What is the first sound event in this audio?,"[""The first sound event is silence.""]","[""The first sound event is a buzzer sound.""]","[""test500_ordering/audio/syn_12""]","[""audio"", ""text""]",text,test
aha_q_608,aha,"[""sound""]",What is the chronological order of the sound events in this audio?,"[""Bird chirps first, then a medium engine runs.""]","[""The engine runs first, then the bird chirps.""]","[""test500_ordering/audio/syn_120""]","[""audio"", ""text""]",text,test
aha_q_609,aha,"[""sound""]",What is the last sound event in this audio?,"[""The last sound event is the car horn.""]","[""The last sound event is the snoring.""]","[""test500_ordering/audio/syn_121""]","[""audio"", ""text""]",text,test
aha_q_610,aha,"[""sound""]",What is the temporal structure of this audio clip?,"[""The bell dinged twice first, then followed by a groan.""]","[""There is a groan first, then a bell dinged twice.""]","[""test500_ordering/audio/syn_122""]","[""audio"", ""text""]",text,test
aha_q_611,aha,"[""sound""]",Which sound event has the longest duration?,"[""Gunfire has the longest duration.""]","[""Thumping occurs more times than gunfire and has the longest duration.""]","[""test500_ordering/audio/syn_123""]","[""audio"", ""text""]",text,test
aha_q_612,aha,"[""sound""]",What is the chronological order of the sound events in this audio?,"[""The pig oinks first, then the crunching sounds follow.""]","[""The pig oinks after the crunching sounds.""]","[""test500_ordering/audio/syn_124""]","[""audio"", ""text""]",text,test
aha_q_613,aha,"[""sound""]",What is the chronological order of the sound events in this audio?,"[""The pig oinks three times first, then the buzzer sounds twice.""]","[""The buzzer sounds twice first, then the pig oinks three times.""]","[""test500_ordering/audio/syn_125""]","[""audio"", ""text""]",text,test
aha_q_614,aha,"[""sound""]",What is the temporal structure of this audio clip?,"[""Someone coughed then there was the sound of a hammer hitting.""]","[""The hammer hit first, then someone coughed.""]","[""test500_ordering/audio/syn_126""]","[""audio"", ""text""]",text,test
aha_q_615,aha,"[""sound""]",What is the temporal structure of this audio clip?,"[""A cap gun fires once, then water sounds occur twice afterward.""]","[""The water sounds occur before the cap gun fires.""]","[""test500_ordering/audio/syn_127""]","[""audio"", ""text""]",text,test
aha_q_616,aha,"[""sound""]",What is the temporal structure of this audio clip?,"[""A ding sounded twice, then the ticking of a clock three times.""]","[""The ticking of a clock occurs twice, followed by a ding three times.""]","[""test500_ordering/audio/syn_128""]","[""audio"", ""text""]",text,test
aha_q_617,aha,"[""sound""]",What is the order of the sounds in this audio?,"[""The crunching noise occurs first, then the filing sound.""]","[""The filing sound occurs first, then the crunching noise.""]","[""test500_ordering/audio/syn_129""]","[""audio"", ""text""]",text,test
aha_q_618,aha,"[""sound""]",What is the chronological order of the sound events in this audio?,"[""Two yips occur first, followed by a plop.""]","[""A yip occurs first, then a plop, and finally another yip.""]","[""test500_ordering/audio/syn_13""]","[""audio"", ""text""]",text,test
aha_q_619,aha,"[""sound""]",How many distinct sound events occur in this sequence?,"[""Two sound events occur.""]","[""Three sound events occur.""]","[""test500_ordering/audio/syn_131""]","[""audio"", ""text""]",text,test
aha_q_620,aha,"[""sound""]",What is the temporal structure of this audio clip?,"[""Two grunts occur first, then a cowbell rings continuously.""]","[""A cowbell rings first, followed by two grunts.""]","[""test500_ordering/audio/syn_132""]","[""audio"", ""text""]",text,test
aha_q_621,aha,"[""sound""]",How many distinct sound events occur in this sequence?,"[""Two sound events occur: pig oinks and a person screaming.""]","[""Four pig oinks and multiple screams occur in the sequence.""]","[""test500_ordering/audio/syn_133""]","[""audio"", ""text""]",text,test
aha_q_622,aha,"[""sound""]",What is the temporal structure of this audio clip?,"[""A clang occurs, then pauses and repeats, followed by periods of speech happening three separate times.""]","[""Speech happens first, then clanging, with no pauses or repeats.""]","[""test500_ordering/audio/syn_134""]","[""audio"", ""text""]",text,test
aha_q_623,aha,"[""sound""]",What is the temporal structure of this audio clip?,"[""The person laughs first, then the train horn sounds twice.""]","[""The train horn sounds first, then the person laughs.""]","[""test500_ordering/audio/syn_136""]","[""audio"", ""text""]",text,test
aha_q_624,aha,"[""sound""]",What is the chronological order of the sound events in this audio?,"[""Typing on a keyboard three times, then a car passes by.""]","[""The car passes by first, followed by typing on a keyboard.""]","[""test500_ordering/audio/syn_137""]","[""audio"", ""text""]",text,test
aha_q_625,aha,"[""sound""]",What is the temporal structure of this audio clip?,"[""The clock ticks four times, then the duck quacks three times.""]","[""The duck quacks four times, then the clock ticks three times.""]","[""test500_ordering/audio/syn_138""]","[""audio"", ""text""]",text,test
aha_q_626,aha,"[""sound""]",What is the temporal structure of this audio clip?,"[""Waves crash first, then a sneeze.""]","[""The sneeze occurs first, followed by waves crashing.""]","[""test500_ordering/audio/syn_14""]","[""audio"", ""text""]",text,test
aha_q_627,aha,"[""sound""]",What is the sequence of sounds from start to finish?,"[""Four fart sounds occur first, then the keyboard typing occurs.""]","[""The keyboard typing occurs before the four fart sounds.""]","[""test500_ordering/audio/syn_140""]","[""audio"", ""text""]",text,test
aha_q_628,aha,"[""sound""]",How many times does each sound event occur?,"[""Horse neighs once, pig oinks three times.""]","[""Horse neighs twice, pig oinks two times.""]","[""test500_ordering/audio/syn_141""]","[""audio"", ""text""]",text,test
aha_q_629,aha,"[""sound""]",How many times does each sound event occur?,"[""Spraying occurs four times, then one emergency vehicle sound.""]","[""Spraying occurs three times, followed by an emergency vehicle sound.""]","[""test500_ordering/audio/syn_142""]","[""audio"", ""text""]",text,test
aha_q_630,aha,"[""sound""]",How many times does each sound event occur?,"[""The baby laughed three times and the engine ran once.""]","[""The baby laughed twice and the engine ran two times.""]","[""test500_ordering/audio/syn_143""]","[""audio"", ""text""]",text,test
aha_q_631,aha,"[""sound""]",What is the chronological order of the sound events in this audio?,"[""The whip cracks first, then the door slams three times.""]","[""The door slams first, followed by the whip cracking.""]","[""test500_ordering/audio/syn_144""]","[""audio"", ""text""]",text,test
aha_q_632,aha,"[""sound""]",What is the sequence of sounds from start to finish?,"[""Coughs followed by breathing.""]","[""Breathing followed by coughs.""]","[""test500_ordering/audio/syn_147""]","[""audio"", ""text""]",text,test
aha_q_633,aha,"[""sound""]",What is the sequence of sounds from start to finish?,"[""The telephone bell rings first, then the clanging of dishes, pots, and pans occurs four times.""]","[""The telephone bell rings after the dishes, pots, and pans clang four times.""]","[""test500_ordering/audio/syn_148""]","[""audio"", ""text""]",text,test
aha_q_634,aha,"[""sound""]",What is the temporal structure of this audio clip?,"[""The whip crack occurs first, then the typing on the keyboard.""]","[""Typing on the keyboard occurs first, followed by the whip crack.""]","[""test500_ordering/audio/syn_15""]","[""audio"", ""text""]",text,test
aha_q_635,aha,"[""sound""]",How many distinct sound events occur in this sequence?,"[""Four sound events occur.""]","[""Three sound events occur.""]","[""test500_ordering/audio/syn_150""]","[""audio"", ""text""]",text,test
aha_q_636,aha,"[""sound""]",What is the chronological order of the sound events in this audio?,"[""Water gurgles and bubbles four times, followed by a continuous liquid sound.""]","[""The water gurgles and bubbles occur twice, then a continuous liquid sound happens afterward.""]","[""test500_ordering/audio/syn_151""]","[""audio"", ""text""]",text,test
aha_q_637,aha,"[""sound""]",How many times does each sound event occur?,"[""The cap gun fires twice, and the hiccup occurs once.""]","[""The cap gun fires once, followed by two hiccups.""]","[""test500_ordering/audio/syn_152""]","[""audio"", ""text""]",text,test
aha_q_638,aha,"[""sound""]",What is the chronological order of the sound events in this audio?,"[""The toilet flushes first, then the siren sounds.""]","[""The siren sounds first, then the toilet flushes.""]","[""test500_ordering/audio/syn_153""]","[""audio"", ""text""]",text,test
aha_q_639,aha,"[""sound""]",Which sound event has the longest duration?,"[""Sanding has the longest duration.""]","[""Laughter has the longest duration.""]","[""test500_ordering/audio/syn_154""]","[""audio"", ""text""]",text,test
aha_q_640,aha,"[""sound""]",What is the temporal structure of this audio clip?,"[""The whistle sounds twice, then the whooshing noise occurs twice.""]","[""The whooshing noise sounds twice before the whistle sounds twice.""]","[""test500_ordering/audio/syn_155""]","[""audio"", ""text""]",text,test
aha_q_641,aha,"[""sound""]",How many times does each sound event occur?,"[""Spray occurs four times; jet engine roars once.""]","[""Spray occurs five times; jet engine roars twice.""]","[""test500_ordering/audio/syn_156""]","[""audio"", ""text""]",text,test
aha_q_642,aha,"[""sound""]",How many times does each sound event occur?,"[""The plop occurs three times; the cowbell rings continuously.""]","[""The plop occurs twice; the cowbell rings intermittently.""]","[""test500_ordering/audio/syn_157""]","[""audio"", ""text""]",text,test
aha_q_643,aha,"[""sound""]",What is the chronological order of the sound events in this audio?,"[""The engine accelerates and revs up first, followed by two slapping sounds.""]","[""The engine revs up first, then a single slapping sound occurs.""]","[""test500_ordering/audio/syn_158""]","[""audio"", ""text""]",text,test
aha_q_644,aha,"[""sound""]",Which sound event has the longest duration?,"[""The mosquito buzzes the longest.""]","[""The cricket chirps the longest.""]","[""test500_ordering/audio/syn_159""]","[""audio"", ""text""]",text,test
aha_q_645,aha,"[""sound""]",What is the chronological order of the sound events in this audio?,"[""The train horn sounds twice, then the four slapping noises follow.""]","[""The train horn sounds once, then a series of five smacking noises occur.""]","[""test500_ordering/audio/syn_16""]","[""audio"", ""text""]",text,test
aha_q_646,aha,"[""sound""]",What is the order of sound events in this audio?,"[""Static occurs four times, then crunching sounds occur twice.""]","[""Static occurs three times, followed by three instances of crunching sounds.""]","[""test500_ordering/audio/syn_160""]","[""audio"", ""text""]",text,test
aha_q_647,aha,"[""sound""]",Which sound event has the longest duration?,"[""The power saw has the longest duration.""]","[""The thump has the longest duration.""]","[""test500_ordering/audio/syn_161""]","[""audio"", ""text""]",text,test
aha_q_648,aha,"[""sound""]",What is the sequence of sounds from start to finish?,"[""Hiccups occur first, then dog whimpering follows.""]","[""Dog whimpering occurs first, then hiccups follow.""]","[""test500_ordering/audio/syn_162""]","[""audio"", ""text""]",text,test
aha_q_649,aha,"[""sound""]",What is the temporal structure of this audio clip?,"[""Rustling occurs first, then the dental drill.""]","[""The dental drill occurs before the rustling sounds.""]","[""test500_ordering/audio/syn_163""]","[""audio"", ""text""]",text,test
aha_q_650,aha,"[""sound""]",What is the sequence of sounds from start to finish?,"[""Growling then engine revving.""]","[""Engine revving first, then growling.""]","[""test500_ordering/audio/syn_164""]","[""audio"", ""text""]",text,test
aha_q_651,aha,"[""sound""]",Which sound event has the longest duration?,"[""Sawing has the longest duration.""]","[""The mosquito sound has the longest duration.""]","[""test500_ordering/audio/syn_165""]","[""audio"", ""text""]",text,test
aha_q_652,aha,"[""sound""]",What is the chronological order of the sound events in this audio?,"[""The typewriter clicks first, then the cap gun fires three times.""]","[""The cap gun fires first, then the typewriter clicks.""]","[""test500_ordering/audio/syn_166""]","[""audio"", ""text""]",text,test
aha_q_653,aha,"[""sound""]",What is the temporal structure of this audio clip?,"[""Four consecutive slaps followed by paper rustling.""]","[""The sound of paper rustling is heard before the four slaps or smacks.""]","[""test500_ordering/audio/syn_167""]","[""audio"", ""text""]",text,test
aha_q_654,aha,"[""sound""]",How many times does each sound event occur?,"[""The dog barks twice, and the steam whistle sounds once.""]","[""The dog barks once, and the steam whistle sounds twice.""]","[""test500_ordering/audio/syn_168""]","[""audio"", ""text""]",text,test
aha_q_655,aha,"[""sound""]",What is the chronological order of the sound events in this audio?,"[""The door slams first, then spraying occurs twice in succession.""]","[""The spraying occurs before the door slams, with the spraying happening only once.""]","[""test500_ordering/audio/syn_169""]","[""audio"", ""text""]",text,test
aha_q_656,aha,"[""sound""]",What is the temporal structure of this audio clip?,"[""Two explosions occur first, then a bird chirping.""]","[""A bird chirping occurs before the explosions.""]","[""test500_ordering/audio/syn_17""]","[""audio"", ""text""]",text,test
aha_q_657,aha,"[""sound""]",How many distinct sound events occur in this sequence?,"[""Two sound events: whip cracks and crickets chirping.""]","[""Three sound events: whip cracks, crickets chirping, and birds singing.""]","[""test500_ordering/audio/syn_170""]","[""audio"", ""text""]",text,test
aha_q_658,aha,"[""sound""]",What is the chronological order of the sound events in this audio?,"[""The toilet flushes first, then someone laughs twice.""]","[""The toilets flush after someone laughs twice.""]","[""test500_ordering/audio/syn_171""]","[""audio"", ""text""]",text,test
aha_q_659,aha,"[""sound""]",What is the temporal structure of this audio clip?,"[""The train horn sounds twice, then the cricket chirping.""]","[""The cricket chirping sounds twice, followed by a train horn.""]","[""test500_ordering/audio/syn_173""]","[""audio"", ""text""]",text,test
aha_q_660,aha,"[""sound""]",How many distinct sound events occur in this sequence?,"[""There are two sounds: crunching and a siren.""]","[""There are three sounds: crunching twice and a distress alarm.""]","[""test500_ordering/audio/syn_174""]","[""audio"", ""text""]",text,test
aha_q_661,aha,"[""sound""]",How many distinct sound events occur in this sequence?,"[""Two sound events occur: clock ticks and train horn.""]","[""Three sound events occur: clock ticks, train horn, and a whistle.""]","[""test500_ordering/audio/syn_175""]","[""audio"", ""text""]",text,test
aha_q_662,aha,"[""sound""]",What is the chronological order of the sound events in this audio?,"[""The machine gun fired first, then three separate gunshots occurred afterward.""]","[""The three gunshots occurred first, followed by the machine gun firing.""]","[""test500_ordering/audio/syn_176""]","[""audio"", ""text""]",text,test
aha_q_663,aha,"[""sound""]",How many times does each sound event occur?,"[""The goat bleated once; the police siren sounded twice.""]","[""The goat bleated twice; the police siren sounded once.""]","[""test500_ordering/audio/syn_177""]","[""audio"", ""text""]",text,test
aha_q_664,aha,"[""sound""]",Which sound event has the longest duration?,"[""The jet engine roar has the longest duration.""]","[""The crickets chirp four times, which has the longest duration.""]","[""test500_ordering/audio/syn_178""]","[""audio"", ""text""]",text,test
aha_q_665,aha,"[""sound""]",What is the chronological order of the sound events in this audio?,"[""The cap gun pops first, then the dial tone occurs twice.""]","[""The dial tone occurs first, followed by the cap gun pops.""]","[""test500_ordering/audio/syn_179""]","[""audio"", ""text""]",text,test
aha_q_666,aha,"[""sound""]",Describe the sequence of sounds from start to finish.,"[""Four whip cracks followed by a thump and thud.""]","[""Two whip cracks, then a thump followed by the crack.""]","[""test500_ordering/audio/syn_18""]","[""audio"", ""text""]",text,test
aha_q_667,aha,"[""sound""]",What is the temporal structure of this audio clip?,"[""The bird chirps first, then two grunts follow.""]","[""The audio starts with a grunt, then a bird chirps, and continues with multiple bird chirps.""]","[""test500_ordering/audio/syn_180""]","[""audio"", ""text""]",text,test
aha_q_668,aha,"[""sound""]",How many times does each sound event occur?,"[""Croak occurs once, laughter occurs three times.""]","[""Croak occurs twice, laughter occurs two times.""]","[""test500_ordering/audio/syn_181""]","[""audio"", ""text""]",text,test
aha_q_669,aha,"[""sound""]",What is the temporal structure of this audio clip?,"[""Gurgling and bubbling occur twice, then the clock ticks twice.""]","[""The clock ticks twice, then the gurgling and bubbling occur twice.""]","[""test500_ordering/audio/syn_183""]","[""audio"", ""text""]",text,test
aha_q_670,aha,"[""sound""]",How many times does each sound event occur?,"[""Shouts occur twice, croak occurs once.""]","[""Shouts occur once, croak occurs twice.""]","[""test500_ordering/audio/syn_184""]","[""audio"", ""text""]",text,test
aha_q_671,aha,"[""sound""]",What is the chronological order of the sound events in this audio?,"[""Two sneezes occurred first, followed by two shouts.""]","[""The shouting occurred first, then the sneezes.""]","[""test500_ordering/audio/syn_185""]","[""audio"", ""text""]",text,test
aha_q_672,aha,"[""sound""]",What is the first sound event in this audio?,"[""The first sound event is a plop, followed by the power saw.""]","[""The first sound event is a power saw, followed by a plop.""]","[""test500_ordering/audio/syn_186""]","[""audio"", ""text""]",text,test
aha_q_673,aha,"[""sound""]",What is the chronological order of the sound events in this audio?,"[""Sawing occurs three times, then a dog barks twice.""]","[""The dog barks first, followed by three sawing sounds.""]","[""test500_ordering/audio/syn_187""]","[""audio"", ""text""]",text,test
aha_q_674,aha,"[""sound""]",What is the temporal structure of this audio clip?,"[""The horse neighs first, then the child sings, followed by a brief pause, and then the child sings again.""]","[""The child sings first, then the horse neighs, with no pause between them.""]","[""test500_ordering/audio/syn_188""]","[""audio"", ""text""]",text,test
aha_q_675,aha,"[""sound""]",What is the chronological order of the sound events in this audio?,"[""Someone chuckles and chortles, then giggles three times.""]","[""Someone chuckles, giggles three times, then chortles.""]","[""test500_ordering/audio/syn_189""]","[""audio"", ""text""]",text,test
aha_q_676,aha,"[""sound""]",How many times does each sound event occur?,"[""Sneezes occur three times, whistle occurs once.""]","[""Sneezes occur twice, whistle occurs twice.""]","[""test500_ordering/audio/syn_19""]","[""audio"", ""text""]",text,test
aha_q_677,aha,"[""sound""]",How many times does each sound event occur?,"[""Hammer strikes occur twice, neighing occurs twice.""]","[""Hammer strikes occur twice, neighing occurs once.""]","[""test500_ordering/audio/syn_190""]","[""audio"", ""text""]",text,test
aha_q_678,aha,"[""sound""]",What is the sequence of sounds from start to finish?,"[""A buzz sounds three times, then a crunching noise.""]","[""A crunching noise occurs first, followed by three buzz sounds.""]","[""test500_ordering/audio/syn_191""]","[""audio"", ""text""]",text,test
aha_q_679,aha,"[""sound""]",What is the temporal structure of this audio clip?,"[""Leaves rustle twice, then a whistle sound occurs.""]","[""Leaves rustle once, then a whistle sound, followed by leaves rustle twice.""]","[""test500_ordering/audio/syn_192""]","[""audio"", ""text""]",text,test
aha_q_680,aha,"[""sound""]",What is the chronological order of the sound events in this audio?,"[""Crunching occurs first, followed by an insect noise.""]","[""An insect noise occurs first, followed by crunching.""]","[""test500_ordering/audio/syn_193""]","[""audio"", ""text""]",text,test
aha_q_681,aha,"[""sound""]",What is the chronological order of the sound events in this audio?,"[""The ding rings first, followed by a sound effect.""]","[""The sound effect occurs first, then the ding rings.""]","[""test500_ordering/audio/syn_194""]","[""audio"", ""text""]",text,test
aha_q_682,aha,"[""sound""]",How many times does each sound event occur?,"[""The croak occurs three times, and the train whistle blast occurs two times.""]","[""The croak occurs twice, and the train whistle blast occurs three times.""]","[""test500_ordering/audio/syn_195""]","[""audio"", ""text""]",text,test
aha_q_683,aha,"[""sound""]",What is the chronological order of the sound events in this audio?,"[""The explosion occurred three times first, then two gunshots.""]","[""The explosion happened twice first, followed by three gunshots.""]","[""test500_ordering/audio/syn_196""]","[""audio"", ""text""]",text,test
aha_q_684,aha,"[""sound""]",What is the sequence of sounds from start to finish?,"[""Cricket chirps four times, then a biting sound.""]","[""Cricket chirps four times, followed by a biting sound.""]","[""test500_ordering/audio/syn_197""]","[""audio"", ""text""]",text,test
aha_q_685,aha,"[""sound""]",How many times does each sound event occur?,"[""Someone clears their throat four times.""]","[""Someone clears their throat twice and then there's a moment of silence.""]","[""test500_ordering/audio/syn_198""]","[""audio"", ""text""]",text,test
aha_q_686,aha,"[""sound""]",What is the temporal structure of this audio clip?,"[""The doorbell rings three times first, then the sawing occurs.""]","[""The sawing happens three times before the doorbell rings once.""]","[""test500_ordering/audio/syn_199""]","[""audio"", ""text""]",text,test
aha_q_687,aha,"[""sound""]",What is the first sound event in this audio?,"[""The first sound event is the mosquito buzzes.""]","[""The first sound event is the drill, followed by the mosquito buzzes.""]","[""test500_ordering/audio/syn_2""]","[""audio"", ""text""]",text,test
aha_q_688,aha,"[""sound""]",What is the temporal structure of this audio clip?,"[""The sound of something breaking occurs first, then the cowbell rings.""]","[""The cowbell rings first, followed by something breaking.""]","[""test500_ordering/audio/syn_20""]","[""audio"", ""text""]",text,test
aha_q_689,aha,"[""sound""]",How many distinct sound events occur in this sequence?,"[""Two sound events occur: engine revving and silence.""]","[""Three sound events occur: engine revving, silence, and another silence.""]","[""test500_ordering/audio/syn_200""]","[""audio"", ""text""]",text,test
aha_q_690,aha,"[""sound""]",What is the sequence of sounds from start to finish?,"[""Tearing occurs twice, then a cough.""]","[""Tearing occurs twice, followed by a single cough.""]","[""test500_ordering/audio/syn_201""]","[""audio"", ""text""]",text,test
aha_q_691,aha,"[""sound""]",How many times does each sound event occur?,"[""The dog barks three times; the cat meows once.""]","[""The dog barks twice; the cat meows twice.""]","[""test500_ordering/audio/syn_202""]","[""audio"", ""text""]",text,test
aha_q_692,aha,"[""sound""]",What is the chronological order of the sound events in this audio?,"[""Someone bites three times, then the sound of liquid.""]","[""The sound of liquid occurs before someone bites three times.""]","[""test500_ordering/audio/syn_203""]","[""audio"", ""text""]",text,test
aha_q_693,aha,"[""sound""]",What is the chronological order of the sound events in this audio?,"[""The tire squeal and skidding occurred first, followed by the telephone bell ringing.""]","[""The telephone bell ringing occurred first, followed by the tire squeal and skidding.""]","[""test500_ordering/audio/syn_204""]","[""audio"", ""text""]",text,test
aha_q_694,aha,"[""sound""]",What is the first sound event in this audio?,"[""The first sound event is the dog yipping four times.""]","[""The first sound event is the woman singing, followed by the dog yipping four times.""]","[""test500_ordering/audio/syn_205""]","[""audio"", ""text""]",text,test
aha_q_695,aha,"[""sound""]",What is the chronological order of the sound events in this audio?,"[""The clock ticks first, then the person laughs.""]","[""The person laughs first, then the clock ticks.""]","[""test500_ordering/audio/syn_206""]","[""audio"", ""text""]",text,test
aha_q_696,aha,"[""sound""]",What is the chronological order of the sound events in this audio?,"[""Whip cracks then static occurrences.""]","[""Static occurs first, then whip cracks.""]","[""test500_ordering/audio/syn_207""]","[""audio"", ""text""]",text,test
aha_q_697,aha,"[""sound""]",What is the temporal structure of this audio clip?,"[""Breathing occurs four times, then a hiss.""]","[""The hiss occurs four times, followed by breathing.""]","[""test500_ordering/audio/syn_208""]","[""audio"", ""text""]",text,test
aha_q_698,aha,"[""sound""]",What is the chronological order of the sound events in this audio?,"[""The buzzer sounds first, then the paper rustling occurs twice with a pause in between.""]","[""The paper rustling sounds first, followed by the buzzer.""]","[""test500_ordering/audio/syn_209""]","[""audio"", ""text""]",text,test
aha_q_699,aha,"[""sound""]",Which sound event has the longest duration?,"[""The rooster crowed has the longest duration.""]","[""The chuckle has the longest duration.""]","[""test500_ordering/audio/syn_21""]","[""audio"", ""text""]",text,test
aha_q_700,aha,"[""sound""]",Which sound event has the longest duration?,"[""The lawn mower has the longest duration.""]","[""The fire alarm has the longest duration.""]","[""test500_ordering/audio/syn_210""]","[""audio"", ""text""]",text,test
aha_q_701,aha,"[""sound""]",Which sound event has the longest duration?,"[""The fire truck siren has the longest duration.""]","[""The spray sound has the longest duration.""]","[""test500_ordering/audio/syn_211""]","[""audio"", ""text""]",text,test
aha_q_702,aha,"[""sound""]",How many times does each sound event occur?,"[""The gunshot occurs twice, followed by gurgling occurring once.""]","[""The gunshot occurs once, and gurgling occurs twice.""]","[""test500_ordering/audio/syn_212""]","[""audio"", ""text""]",text,test
aha_q_703,aha,"[""sound""]",How many times does each sound event occur?,"[""Someone speaks twice, and the pig oinks twice.""]","[""Someone speaks once, then the pig oinks three times.""]","[""test500_ordering/audio/syn_213""]","[""audio"", ""text""]",text,test
aha_q_704,aha,"[""sound""]",Which sound event has the longest duration?,"[""The foghorn has the longest duration.""]","[""The belly laugh has the longest duration.""]","[""test500_ordering/audio/syn_214""]","[""audio"", ""text""]",text,test
aha_q_705,aha,"[""sound""]",What is the chronological order of the sound events in this audio?,"[""Sanding occurs three times, then breathing occurs.""]","[""Breathing occurs three times, then sanding occurs.""]","[""test500_ordering/audio/syn_215""]","[""audio"", ""text""]",text,test
aha_q_706,aha,"[""sound""]",How many distinct sound events occur in this sequence?,"[""Two sound events occur.""]","[""Only one sound event occurs.""]","[""test500_ordering/audio/syn_216""]","[""audio"", ""text""]",text,test
aha_q_707,aha,"[""sound""]",What is the chronological order of the sound events in this audio?,"[""Someone clears their throat first, then the sound of spraying follows.""]","[""The sound of spraying occurs first, followed by someone clearing their throat.""]","[""test500_ordering/audio/syn_217""]","[""audio"", ""text""]",text,test
aha_q_708,aha,"[""sound""]",What is the sequence of sounds from start to finish?,"[""Sawing occurs three times, then a sound effect.""]","[""The sound effect occurs first, followed by three sawing sounds.""]","[""test500_ordering/audio/syn_218""]","[""audio"", ""text""]",text,test
aha_q_709,aha,"[""sound""]",Which sound event has the longest duration?,"[""The civil defense siren has the longest duration.""]","[""The rooster has the longest duration.""]","[""test500_ordering/audio/syn_219""]","[""audio"", ""text""]",text,test
aha_q_710,aha,"[""sound""]",How many times does each sound event occur?,"[""Dishes, pots, and pans clatter twice; mosquito buzzes twice.""]","[""Dishes, pots, and pans clatter once; mosquito buzzes once.""]","[""test500_ordering/audio/syn_22""]","[""audio"", ""text""]",text,test
aha_q_711,aha,"[""sound""]",What is the chronological order of the sound events in this audio?,"[""Tearing occurs, then tearing occurs again, followed by keys jangling.""]","[""Tearing occurs twice, then keys jangling.""]","[""test500_ordering/audio/syn_220""]","[""audio"", ""text""]",text,test
aha_q_712,aha,"[""sound""]",What is the chronological order of the sound events in this audio?,"[""The busy signal sounded three times first, then the telephone bell rang.""]","[""The telephone bell rang first, followed by three busy signals.""]","[""test500_ordering/audio/syn_221""]","[""audio"", ""text""]",text,test
aha_q_713,aha,"[""sound""]",What is the chronological order of the sound events in this audio?,"[""Breathing occurs thrice, then a female singing.""]","[""Breathing occurs twice, followed by a female singing.""]","[""test500_ordering/audio/syn_222""]","[""audio"", ""text""]",text,test
aha_q_714,aha,"[""sound""]",How many times does each sound event occur?,"[""Rustling occurs once; fireworks explode twice.""]","[""Rustling occurs twice; fireworks explode once.""]","[""test500_ordering/audio/syn_223""]","[""audio"", ""text""]",text,test
aha_q_715,aha,"[""sound""]",How many times does each sound event occur?,"[""The whooshing sound occurs twice, and the vacuum cleaner runs once.""]","[""The whooshing sound occurs once, and the vacuum cleaner runs twice.""]","[""test500_ordering/audio/syn_225""]","[""audio"", ""text""]",text,test
aha_q_716,aha,"[""sound""]",What is the temporal structure of this audio clip?,"[""The clock ticks once, then the baby cries three times.""]","[""The baby cries once, then the clock ticks three times.""]","[""test500_ordering/audio/syn_226""]","[""audio"", ""text""]",text,test
aha_q_717,aha,"[""sound""]",What is the chronological order of the sound events in this audio?,"[""The cricket chirps first, then the telephone bell rings.""]","[""The telephone bell rings first, then the cricket chirps.""]","[""test500_ordering/audio/syn_227""]","[""audio"", ""text""]",text,test
aha_q_718,aha,"[""sound""]",What is the temporal structure of this audio clip?,"[""The sneeze occurs first, followed by the engine sound.""]","[""The engine sound occurs first, then the sneeze.""]","[""test500_ordering/audio/syn_228""]","[""audio"", ""text""]",text,test
aha_q_719,aha,"[""sound""]",What is the chronological order of the sound events in this audio?,"[""Birds chirp and tweet first, followed by three gunshots.""]","[""The gunshots occur first, then the birds chirp and tweet.""]","[""test500_ordering/audio/syn_229""]","[""audio"", ""text""]",text,test
aha_q_720,aha,"[""sound""]",What is the temporal structure of this audio clip?,"[""The cough occurs first, then the explosion.""]","[""The explosion occurs first, then the cough.""]","[""test500_ordering/audio/syn_23""]","[""audio"", ""text""]",text,test
aha_q_721,aha,"[""sound""]",What is the sequence of sounds from start to finish?,"[""Liquid is heard, then rustle, followed by silence, another pause, and rustle again.""]","[""Liquid is heard, then rustle, followed by silence, then rustle again, and another pause.""]","[""test500_ordering/audio/syn_230""]","[""audio"", ""text""]",text,test
aha_q_722,aha,"[""sound""]",What is the temporal structure of this audio clip?,"[""The belly laugh occurs before the police car siren.""]","[""The police car siren occurs before the belly laugh.""]","[""test500_ordering/audio/syn_232""]","[""audio"", ""text""]",text,test
aha_q_723,aha,"[""sound""]",How many times does each sound event occur?,"[""The beep sounds once, and the screaming occurs three times.""]","[""The beep sounds twice, and the screaming happens four times.""]","[""test500_ordering/audio/syn_233""]","[""audio"", ""text""]",text,test
aha_q_724,aha,"[""sound""]",What is the temporal structure of this audio clip?,"[""The whip crack occurs before the foghorn.""]","[""The foghorn occurs before the whip crack.""]","[""test500_ordering/audio/syn_235""]","[""audio"", ""text""]",text,test
aha_q_725,aha,"[""sound""]",What is the chronological order of the sound events in this audio?,"[""Sawing, then sawing again, followed by a hiccup.""]","[""Sawing, a hiccup, then sawing again.""]","[""test500_ordering/audio/syn_236""]","[""audio"", ""text""]",text,test
aha_q_726,aha,"[""sound""]",What is the temporal structure of this audio clip?,"[""The baby laughs twice first, then the telephone is dialed.""]","[""The telephone is dialed twice, then the baby laughs.""]","[""test500_ordering/audio/syn_237""]","[""audio"", ""text""]",text,test
aha_q_727,aha,"[""sound""]",What is the chronological order of the sound events in this audio?,"[""Sawing occurs twice, then gurgling and bubbling sounds also happen twice.""]","[""Sawing occurs once, then gurgling twice, followed by bubbling sounds.""]","[""test500_ordering/audio/syn_238""]","[""audio"", ""text""]",text,test
aha_q_728,aha,"[""sound""]",How many times does each sound event occur?,"[""The spray occurs twice, and the beep-like sounds occur four times.""]","[""The spray occurs once, and the beep sounds occur three times.""]","[""test500_ordering/audio/syn_239""]","[""audio"", ""text""]",text,test
aha_q_729,aha,"[""sound""]",How many distinct sound events occur in this sequence?,"[""Three beeps and one sawing sound occur.""]","[""Two beeps and two sawing sounds occur.""]","[""test500_ordering/audio/syn_24""]","[""audio"", ""text""]",text,test
aha_q_730,aha,"[""sound""]",How many times does each sound event occur?,"[""Bird chirps once; busy signal beeps three times.""]","[""Bird chirps twice; busy signal beeps two times.""]","[""test500_ordering/audio/syn_240""]","[""audio"", ""text""]",text,test
aha_q_731,aha,"[""sound""]",What is the temporal structure of this audio clip?,"[""A clang occurs three times, then crumpling and crinkling follow.""]","[""A clang occurs twice, followed by crumpling and crinkling.""]","[""test500_ordering/audio/syn_241""]","[""audio"", ""text""]",text,test
aha_q_732,aha,"[""sound""]",What is the temporal structure of this audio clip?,"[""Dishes clink twice, then the telephone is dialed twice.""]","[""The telephone is dialed twice first, then the dishes clink twice.""]","[""test500_ordering/audio/syn_242""]","[""audio"", ""text""]",text,test
aha_q_733,aha,"[""sound""]",What is the temporal structure of this audio clip?,"[""Whip cracks occur first, followed by rustling sounds.""]","[""Rustling occurs first, then whip cracks, followed by rustling.""]","[""test500_ordering/audio/syn_243""]","[""audio"", ""text""]",text,test
aha_q_734,aha,"[""sound""]",What is the temporal structure of this audio clip?,"[""Dial tones followed by explosions.""]","[""The explosions occur first, then the dial tones.""]","[""test500_ordering/audio/syn_244""]","[""audio"", ""text""]",text,test
aha_q_735,aha,"[""sound""]",What is the chronological order of the sound events in this audio?,"[""The person clears their throat twice, then a siren sounds.""]","[""A siren sounds first, then someone clears their throat twice.""]","[""test500_ordering/audio/syn_245""]","[""audio"", ""text""]",text,test
aha_q_736,aha,"[""sound""]",What is the temporal structure of this audio clip?,"[""The duck quacks first, then the cat meows.""]","[""The cat meows first, then the duck quacks.""]","[""test500_ordering/audio/syn_246""]","[""audio"", ""text""]",text,test
aha_q_737,aha,"[""sound""]",What is the temporal structure of this audio clip?,"[""Whip cracks, then a crunching sound, then the sequence repeats.""]","[""A crunching sound occurs first, followed by a whip cracking, which repeats.""]","[""test500_ordering/audio/syn_247""]","[""audio"", ""text""]",text,test
aha_q_738,aha,"[""sound""]",What is the order of the sound events in this audio?,"[""The breaking sound occurs first, followed by four giggles.""]","[""The giggles occur before the breaking sound in the audio.""]","[""test500_ordering/audio/syn_249""]","[""audio"", ""text""]",text,test
aha_q_739,aha,"[""sound""]",What is the sequence of sounds from start to finish?,"[""The door slams first, then the engine starts and continues running.""]","[""The engine starts first, then the door slams.""]","[""test500_ordering/audio/syn_25""]","[""audio"", ""text""]",text,test
aha_q_740,aha,"[""sound""]",What is the temporal structure of this audio clip?,"[""Person shouted first, then the two whistling instances follow.""]","[""The whistling sounds occur before the shouting.""]","[""test500_ordering/audio/syn_250""]","[""audio"", ""text""]",text,test
aha_q_741,aha,"[""sound""]",What is the chronological order of the sound events in this audio?,"[""The duck quacks three times, then the helicopter sounds.""]","[""The helicopter sounds first, then the duck quacks three times.""]","[""test500_ordering/audio/syn_251""]","[""audio"", ""text""]",text,test
aha_q_742,aha,"[""sound""]",What is the temporal structure of this audio clip?,"[""The dog barks four times followed by four dings.""]","[""The dog barks, then a single ding, followed by four more barks.""]","[""test500_ordering/audio/syn_253""]","[""audio"", ""text""]",text,test
aha_q_743,aha,"[""sound""]",What is the sequence of sounds from start to finish?,"[""A chirp and tweet are heard first, followed by liquid sounds twice.""]","[""The liquid sound occurs first, then the chirp and tweet.""]","[""test500_ordering/audio/syn_254""]","[""audio"", ""text""]",text,test
aha_q_744,aha,"[""sound""]",How many times does each sound event occur?,"[""The yip occurs twice, and the ambulance siren occurs once.""]","[""The yip occurs once, and the ambulance siren occurs twice.""]","[""test500_ordering/audio/syn_255""]","[""audio"", ""text""]",text,test
aha_q_745,aha,"[""sound""]",Which sound event has the longest duration?,"[""The alarm has the longest duration.""]","[""The person cries the longest.""]","[""test500_ordering/audio/syn_256""]","[""audio"", ""text""]",text,test
aha_q_746,aha,"[""sound""]",How many times does each sound event occur?,"[""The clang occurs three times, and the keys jangling occurs once.""]","[""The clang occurs twice, and the keys jangling occurs twice.""]","[""test500_ordering/audio/syn_257""]","[""audio"", ""text""]",text,test
aha_q_747,aha,"[""sound""]",What is the temporal structure of this audio clip?,"[""The buzzer sounds four times initially, then the dog barks once afterward.""]","[""The dog barks four times, then the buzzer sounds once.""]","[""test500_ordering/audio/syn_258""]","[""audio"", ""text""]",text,test
aha_q_748,aha,"[""sound""]",What is the chronological order of the sound events in this audio?,"[""The police car siren occurs first, followed by the sound of a power tool.""]","[""The sound of a power tool occurs first, then the police car siren.""]","[""test500_ordering/audio/syn_259""]","[""audio"", ""text""]",text,test
aha_q_749,aha,"[""sound""]",How many times does each sound event occur?,"[""The dog barks twice, and the mosquito buzzes twice.""]","[""The dog barks three times, and the mosquito buzzes once.""]","[""test500_ordering/audio/syn_26""]","[""audio"", ""text""]",text,test
aha_q_750,aha,"[""sound""]",What is the temporal structure of this audio clip?,"[""Music plays first, then thunder rumbling occurs afterward.""]","[""Thunder rumbling occurs first, then music plays.""]","[""test500_ordering/audio/syn_260""]","[""audio"", ""text""]",text,test
aha_q_751,aha,"[""sound""]",What is the first sound event in this audio?,"[""The first sound event is the mosquito buzz.""]","[""The first sound event is the groan, followed by three mosquito buzzes.""]","[""test500_ordering/audio/syn_261""]","[""audio"", ""text""]",text,test
aha_q_752,aha,"[""sound""]",How many times does each sound event occur?,"[""The train horn sounds twice; the shouts occur three times.""]","[""The train horn sounds once, and the shouts occur twice.""]","[""test500_ordering/audio/syn_262""]","[""audio"", ""text""]",text,test
aha_q_753,aha,"[""sound""]",What is the temporal structure of this audio clip?,"[""The grunt is heard twice, then the telephone bell rings twice.""]","[""The telephone bell rings twice, then the grunt is heard twice.""]","[""test500_ordering/audio/syn_263""]","[""audio"", ""text""]",text,test
aha_q_754,aha,"[""sound""]",How many distinct sound events occur in this sequence?,"[""There are two distinct sound events: cowbell ringing and tires squealing and skidding.""]","[""There are three distinct sound events: cowbell ringing, tires squealing, and tires skidding.""]","[""test500_ordering/audio/syn_264""]","[""audio"", ""text""]",text,test
aha_q_755,aha,"[""sound""]",What is the chronological order of the sound events in this audio?,"[""The air horn honks three times, then the baby laughs once.""]","[""The baby laughs first, then the air horn honks three times.""]","[""test500_ordering/audio/syn_265""]","[""audio"", ""text""]",text,test
aha_q_756,aha,"[""sound""]",What is the temporal structure of this audio clip?,"[""Explosion occurs twice, then baby cries three times.""]","[""The baby cries twice, followed by an explosion.""]","[""test500_ordering/audio/syn_266""]","[""audio"", ""text""]",text,test
aha_q_757,aha,"[""sound""]",What is the temporal structure of this audio clip?,"[""The cat meows three times before the sound effect.""]","[""The sound effect occurs first, followed by the cat meowing three times.""]","[""test500_ordering/audio/syn_267""]","[""audio"", ""text""]",text,test
aha_q_758,aha,"[""sound""]",What is the sequence of sounds from start to finish?,"[""Snoring, then three plop sounds in succession.""]","[""Snoring occurs twice, followed by three plop sounds in succession.""]","[""test500_ordering/audio/syn_268""]","[""audio"", ""text""]",text,test
aha_q_759,aha,"[""sound""]",What is the sequence of sounds from start to finish?,"[""Spraying occurs twice, then the sound of dishes, pots, and pans clanking together two times.""]","[""Spraying occurs once, followed by the sound of dishes, pots, and pans clanking together two times.""]","[""test500_ordering/audio/syn_269""]","[""audio"", ""text""]",text,test
aha_q_760,aha,"[""sound""]",What is the temporal structure of this audio clip?,"[""The shouting occurs before the buzzer.""]","[""The buzzer happens before the three shouts.""]","[""test500_ordering/audio/syn_27""]","[""audio"", ""text""]",text,test
aha_q_761,aha,"[""sound""]",How many times does each sound event occur?,"[""An air horn blares once, and a groan occurs twice.""]","[""The air horn blares twice, and the groan occurs once.""]","[""test500_ordering/audio/syn_270""]","[""audio"", ""text""]",text,test
aha_q_762,aha,"[""sound""]",How many times does each sound event occur?,"[""The train horn sounds twice, and belly laughter occurs once.""]","[""The train horn sounds once, and belly laughter sounds twice.""]","[""test500_ordering/audio/syn_271""]","[""audio"", ""text""]",text,test
aha_q_763,aha,"[""sound""]",What is the temporal structure of this audio clip?,"[""Snoring occurs first, followed by the sound of an aircraft engine.""]","[""The sound of an aircraft engine occurs first, followed by snoring.""]","[""test500_ordering/audio/syn_272""]","[""audio"", ""text""]",text,test
aha_q_764,aha,"[""sound""]",What is the chronological order of the sound events in this audio?,"[""The squeak occurs four times, then the keys jangling.""]","[""The keys jangling happen before the squeaks occur.""]","[""test500_ordering/audio/syn_273""]","[""audio"", ""text""]",text,test
aha_q_765,aha,"[""sound""]",What is the temporal structure of this audio clip?,"[""The jackhammer is heard first, then shortly after it stops, the telephone rings.""]","[""The telephone rings first, then the jackhammer starts.""]","[""test500_ordering/audio/syn_274""]","[""audio"", ""text""]",text,test
aha_q_766,aha,"[""sound""]",What is the chronological order of the sound events in this audio?,"[""Two dings occur first, followed by four instances of glass shattering.""]","[""The audio starts with four glass shattering sounds, followed by two dings.""]","[""test500_ordering/audio/syn_275""]","[""audio"", ""text""]",text,test
aha_q_767,aha,"[""sound""]",What is the sequence of sounds from start to finish?,"[""The dial tone sounds twice, then the hiss occurs twice.""]","[""The hiss sounds twice, followed by the dial tone that also occurs twice.""]","[""test500_ordering/audio/syn_276""]","[""audio"", ""text""]",text,test
aha_q_768,aha,"[""sound""]",How many times does each sound event occur?,"[""Alarm sounds once; cough occurs twice.""]","[""Alarm sounds twice; cough occurs once.""]","[""test500_ordering/audio/syn_277""]","[""audio"", ""text""]",text,test
aha_q_769,aha,"[""sound""]",How many times does each sound event occur?,"[""The whip cracks twice, the ticking sound occurs once.""]","[""The whip cracks once, followed by a ticking sound, which occurs twice.""]","[""test500_ordering/audio/syn_278""]","[""audio"", ""text""]",text,test
aha_q_770,aha,"[""sound""]",How many times does each sound event occur?,"[""Silence occurs four times; beep and bleep sounds occur twice each.""]","[""Silence occurs three times; beep and bleep sounds occur once each.""]","[""test500_ordering/audio/syn_279""]","[""audio"", ""text""]",text,test
aha_q_771,aha,"[""sound""]",Which sound event has the longest duration?,"[""The rumble has the longest duration.""]","[""The grunt has the longest duration.""]","[""test500_ordering/audio/syn_28""]","[""audio"", ""text""]",text,test
aha_q_772,aha,"[""sound""]",What is the temporal structure of this audio clip?,"[""The keyboard taps occur first, then the croak.""]","[""The croak happens first, then the keyboard taps.""]","[""test500_ordering/audio/syn_280""]","[""audio"", ""text""]",text,test
aha_q_773,aha,"[""sound""]",What is the sequence of sounds from start to finish?,"[""Leaves rustle four times, then an aircraft.""]","[""Leaves rustle once, then an aircraft, followed by more leaves rustling.""]","[""test500_ordering/audio/syn_281""]","[""audio"", ""text""]",text,test
aha_q_774,aha,"[""sound""]",What is the temporal structure of this audio clip?,"[""Shout, then chuckling and chortling, then repeat.""]","[""The chuckling occurs before the shout, and the sound repeats only once.""]","[""test500_ordering/audio/syn_282""]","[""audio"", ""text""]",text,test
aha_q_775,aha,"[""sound""]",What is the chronological order of the sound events in this audio?,"[""The door slams first, then the typewriter clicks away.""]","[""The typewriter clicks away first, then the door slams.""]","[""test500_ordering/audio/syn_283""]","[""audio"", ""text""]",text,test
aha_q_776,aha,"[""sound""]",What is the chronological order of the sound events in this audio?,"[""Clocks tick-tock four times, then fireworks explode twice.""]","[""Fireworks explode twice, then clocks tick-tock four times.""]","[""test500_ordering/audio/syn_284""]","[""audio"", ""text""]",text,test
aha_q_777,aha,"[""sound""]",How many times does each sound event occur?,"[""The whip cracks twice and the baby laughs three times.""]","[""The whip cracks once and the baby laughs four times.""]","[""test500_ordering/audio/syn_285""]","[""audio"", ""text""]",text,test
aha_q_778,aha,"[""sound""]",How many times does each sound event occur?,"[""Alarm sounds once; cat meows twice.""]","[""Alarm sounds twice; cat meows once.""]","[""test500_ordering/audio/syn_286""]","[""audio"", ""text""]",text,test
aha_q_779,aha,"[""sound""]",How many times does each sound event occur?,"[""The door slams twice, and an emergency vehicle sound occurs once.""]","[""The door slams once, followed by an emergency vehicle which occurs three times.""]","[""test500_ordering/audio/syn_287""]","[""audio"", ""text""]",text,test
aha_q_780,aha,"[""sound""]",How many times does each sound event occur?,"[""Someone knocks once, then filing occurs twice.""]","[""Someone knocks twice, then filing occurs once.""]","[""test500_ordering/audio/syn_288""]","[""audio"", ""text""]",text,test
aha_q_781,aha,"[""sound""]",How many times does each sound event occur?,"[""The duck quacks four times; the tearing occurs twice.""]","[""The duck quacks twice and the tearing happens four times.""]","[""test500_ordering/audio/syn_289""]","[""audio"", ""text""]",text,test
aha_q_782,aha,"[""sound""]",How many times does each sound event occur?,"[""Cough occurs three times; hiccup occurs three times.""]","[""Cough occurs twice; hiccup occurs twice.""]","[""test500_ordering/audio/syn_29""]","[""audio"", ""text""]",text,test
aha_q_783,aha,"[""sound""]",How many times does each sound event occur?,"[""Alarm sounds twice; dog whimpers four times.""]","[""Alarm sounds three times; dog whimpers five times.""]","[""test500_ordering/audio/syn_290""]","[""audio"", ""text""]",text,test
aha_q_784,aha,"[""sound""]",What is the chronological order of the sound events in this audio?,"[""A grunt occurs first, then tearing.""]","[""The tearing sound occurs before the grunt.""]","[""test500_ordering/audio/syn_291""]","[""audio"", ""text""]",text,test
aha_q_785,aha,"[""sound""]",What is the first sound event in this audio?,"[""The first sound event is a person shouting.""]","[""The first sound event is a cowbell ringing.""]","[""test500_ordering/audio/syn_292""]","[""audio"", ""text""]",text,test
aha_q_786,aha,"[""sound""]",What is the temporal structure of this audio clip?,"[""The person shouts twice, then the insect buzzes.""]","[""The insect buzzes first, then the person shouts twice.""]","[""test500_ordering/audio/syn_293""]","[""audio"", ""text""]",text,test
aha_q_787,aha,"[""sound""]",What is the sequence of sounds from start to finish?,"[""The whip cracks four times, then a prolonged grunt occurs.""]","[""The whip cracks once, followed by a quick grunt.""]","[""test500_ordering/audio/syn_294""]","[""audio"", ""text""]",text,test
aha_q_788,aha,"[""sound""]",What is the sequence of sounds from start to finish?,"[""Breathing occurs, then the telephone dialing tones happen three times.""]","[""Breathing occurs, followed by the dialing tones, then breathing again.""]","[""test500_ordering/audio/syn_295""]","[""audio"", ""text""]",text,test
aha_q_789,aha,"[""sound""]",What is the temporal structure of this audio clip?,"[""The plops occur first, followed by the shouting.""]","[""The shouting occurs first, then the plops, with two instances of each.""]","[""test500_ordering/audio/syn_296""]","[""audio"", ""text""]",text,test
aha_q_790,aha,"[""sound""]",How many times does each sound event occur?,"[""Glass shatters twice, power saw occurs once.""]","[""Glass shatters once, power saw occurs twice.""]","[""test500_ordering/audio/syn_297""]","[""audio"", ""text""]",text,test
aha_q_791,aha,"[""sound""]",How many times does each sound event occur?,"[""The telephone is dialed three times, and the clangs occur twice.""]","[""The telephone is dialed twice, followed by three clangs.""]","[""test500_ordering/audio/syn_298""]","[""audio"", ""text""]",text,test
aha_q_792,aha,"[""sound""]",What is the temporal structure of this audio clip?,"[""The goat bleats four times, then a long howl.""]","[""The long howl happens before the goat bleats.""]","[""test500_ordering/audio/syn_299""]","[""audio"", ""text""]",text,test
aha_q_793,aha,"[""sound""]",How many times does each sound event occur?,"[""Air horn blasts three times; knocks occur twice.""]","[""The air horn blasts twice, and the knocks occur three times.""]","[""test500_ordering/audio/syn_3""]","[""audio"", ""text""]",text,test
aha_q_794,aha,"[""sound""]",What is the temporal structure of this audio clip?,"[""A sneeze occurs first, then four instances of biting follow.""]","[""The biting occurs first, then the sneeze happens afterward.""]","[""test500_ordering/audio/syn_300""]","[""audio"", ""text""]",text,test
aha_q_795,aha,"[""sound""]",How many times does each sound event occur?,"[""The alarm sounds three times.""]","[""The alarm sounds two times.""]","[""test500_ordering/audio/syn_301""]","[""audio"", ""text""]",text,test
aha_q_796,aha,"[""sound""]",How many times does each sound event occur?,"[""Crumpling sounds occur twice; jangling of keys occurs twice.""]","[""Crumpling sounds occur once; jangling of keys occur once.""]","[""test500_ordering/audio/syn_302""]","[""audio"", ""text""]",text,test
aha_q_797,aha,"[""sound""]",How many times does each sound event occur?,"[""The rustling occurs twice, and the tires squealing and skidding each occur once.""]","[""The rustling occurs once, followed by the tires squealing and skidding, which both occur twice.""]","[""test500_ordering/audio/syn_304""]","[""audio"", ""text""]",text,test
aha_q_798,aha,"[""sound""]",What is the temporal structure of this audio clip?,"[""The sound of something breaking occurs twice, then a bird chirping once.""]","[""A bird chirping occurs twice, followed by a single break sound.""]","[""test500_ordering/audio/syn_305""]","[""audio"", ""text""]",text,test
aha_q_799,aha,"[""sound""]",What is the chronological order of the sound events in this audio?,"[""Helicopter, then cat meowing four times.""]","[""The cat meowing occurs first, then the helicopter.""]","[""test500_ordering/audio/syn_306""]","[""audio"", ""text""]",text,test
aha_q_800,aha,"[""sound""]",What is the chronological order of the sound events in this audio?,"[""The ticking sound occurs first, followed by music that plays until the end.""]","[""Music starts first, then the ticking sound occurs.""]","[""test500_ordering/audio/syn_307""]","[""audio"", ""text""]",text,test
aha_q_801,aha,"[""sound""]",How many times does each sound event occur?,"[""The sound effect occurs twice, and the telephone rings once.""]","[""The sound effect occurs once, and the telephone rings twice.""]","[""test500_ordering/audio/syn_308""]","[""audio"", ""text""]",text,test
aha_q_802,aha,"[""sound""]",How many times does each sound event occur?,"[""The door slams three times, the knocking occurs once.""]","[""The door slams twice and the knocking sound occurs twice.""]","[""test500_ordering/audio/syn_309""]","[""audio"", ""text""]",text,test
aha_q_803,aha,"[""sound""]",What is the temporal structure of this audio clip?,"[""The bleat occurs twice first, then the cough.""]","[""The cough occurs twice first, then the bleat.""]","[""test500_ordering/audio/syn_31""]","[""audio"", ""text""]",text,test
aha_q_804,aha,"[""sound""]",How many times does each sound event occur?,"[""Pig oinks once; dishes, pots, and pans clank four times.""]","[""Pig oinks twice; dishes, pots, and pans clank three times.""]","[""test500_ordering/audio/syn_310""]","[""audio"", ""text""]",text,test
aha_q_805,aha,"[""sound""]",What is the temporal structure of this audio clip?,"[""Giggling occurs, then there are pauses, followed by more giggles, and finally two dog barks.""]","[""Giggling occurs, then the dog barks, followed by more giggles, and finally two dog barks.""]","[""test500_ordering/audio/syn_311""]","[""audio"", ""text""]",text,test
aha_q_806,aha,"[""sound""]",What is the chronological order of the sound events in this audio?,"[""Door slams then quacks.""]","[""The sequence starts with three quacks, followed by three door slams.""]","[""test500_ordering/audio/syn_312""]","[""audio"", ""text""]",text,test
aha_q_807,aha,"[""sound""]",What is the sequence of sounds from start to finish?,"[""A beep, then two bleep sounds, followed by a thump and a thud.""]","[""A beep, a bleep, and a bang, followed by a thud.""]","[""test500_ordering/audio/syn_313""]","[""audio"", ""text""]",text,test
aha_q_808,aha,"[""sound""]",What is the last sound event in this audio?,"[""The last sound event is the foghorn sounding.""]","[""The first sound event is the foghorn sounding, followed by the explosion.""]","[""test500_ordering/audio/syn_314""]","[""audio"", ""text""]",text,test
aha_q_809,aha,"[""sound""]",What is the chronological order of the sound events in this audio?,"[""Liquid pouring occurs first, followed by rain falling on a surface.""]","[""Rain falling on a surface occurs first, then liquid pouring.""]","[""test500_ordering/audio/syn_315""]","[""audio"", ""text""]",text,test
aha_q_810,aha,"[""sound""]",How many distinct sound events occur in this sequence?,"[""Two sound events occur: screaming and giggling.""]","[""There are three sound events: screaming, giggling, and laughing.""]","[""test500_ordering/audio/syn_316""]","[""audio"", ""text""]",text,test
aha_q_811,aha,"[""sound""]",What is the temporal structure of this audio clip?,"[""The dog barks four times, then the aircraft engine sounds.""]","[""The aircraft engine sounds first, then the dog barks four times.""]","[""test500_ordering/audio/syn_317""]","[""audio"", ""text""]",text,test
aha_q_812,aha,"[""sound""]",What is the chronological order of the sound events in this audio?,"[""Keys jangle twice, then a dog whimper.""]","[""Keys jangle once, then a dog whimper, followed by keys jangle twice.""]","[""test500_ordering/audio/syn_318""]","[""audio"", ""text""]",text,test
aha_q_813,aha,"[""sound""]",What is the temporal structure of this audio clip?,"[""The jackhammer is heard first, followed by the croak.""]","[""The croak is heard first, then the jackhammer.""]","[""test500_ordering/audio/syn_319""]","[""audio"", ""text""]",text,test
aha_q_814,aha,"[""sound""]",What is the chronological order of the sound events in this audio?,"[""The dog whimpers twice, then the cowbell sound occurs.""]","[""The dog whimpers once, then the cowbell sound, and the dog whimpers again.""]","[""test500_ordering/audio/syn_32""]","[""audio"", ""text""]",text,test
aha_q_815,aha,"[""sound""]",What is the temporal structure of this audio clip?,"[""Liquid pouring occurs twice, then breathing.""]","[""Breathing occurs twice, then liquid pouring.""]","[""test500_ordering/audio/syn_320""]","[""audio"", ""text""]",text,test
aha_q_816,aha,"[""sound""]",What is the temporal structure of this audio clip?,"[""Birds chirp three times then two clangs.""]","[""The clangs occur before the birds chirp.""]","[""test500_ordering/audio/syn_322""]","[""audio"", ""text""]",text,test
aha_q_817,aha,"[""sound""]",What is the order of the sound events in this audio?,"[""Silence occurs three times, then a cricket chirping three times in sequence.""]","[""Cricket chirping occurs three times, followed by silence three times.""]","[""test500_ordering/audio/syn_323""]","[""audio"", ""text""]",text,test
aha_q_818,aha,"[""sound""]",What is the temporal structure of this audio clip?,"[""Squeaks occur first, followed by the telephone ringing.""]","[""The telephone bell rings first, then the squeak occurs.""]","[""test500_ordering/audio/syn_324""]","[""audio"", ""text""]",text,test
aha_q_819,aha,"[""sound""]",How many times does each sound event occur?,"[""The clock ticks four times, then two sound effects occur.""]","[""The clock ticks two times, followed by three sound effects.""]","[""test500_ordering/audio/syn_325""]","[""audio"", ""text""]",text,test
aha_q_820,aha,"[""sound""]",What is the temporal structure of this audio clip?,"[""The whip cracks first, then the bell rings afterward.""]","[""The bell rings first, then the whip cracks.""]","[""test500_ordering/audio/syn_326""]","[""audio"", ""text""]",text,test
aha_q_821,aha,"[""sound""]",How many times does each sound event occur?,"[""Thump/Thud occurs four times, yip occurs once.""]","[""Thump/Thud occurs twice, yip occurs three times.""]","[""test500_ordering/audio/syn_327""]","[""audio"", ""text""]",text,test
aha_q_822,aha,"[""sound""]",How many times does each sound event occur?,"[""Gunshots occur three times; sneezes occur three times.""]","[""Gunshots occur twice; sneezes occur once.""]","[""test500_ordering/audio/syn_328""]","[""audio"", ""text""]",text,test
aha_q_823,aha,"[""sound""]",What is the chronological order of the sound events in this audio?,"[""Someone shouts three times, then tires squeal and skid.""]",[],"[""test500_ordering/audio/syn_329""]","[""audio"", ""text""]",text,test
aha_q_824,aha,"[""sound""]",How many distinct sound events occur in this sequence?,"[""There are two distinct sound events: a bark and squeaks.""]","[""There are three distinct sound events: a bark and three squeaks.""]","[""test500_ordering/audio/syn_33""]","[""audio"", ""text""]",text,test
aha_q_825,aha,"[""sound""]",How many times does each sound event occur?,"[""Dishes clanked three times; the power saw's buzz occurs once.""]","[""Dishes clanked twice; the power saw buzzes multiple times.""]","[""test500_ordering/audio/syn_330""]","[""audio"", ""text""]",text,test
aha_q_826,aha,"[""sound""]",What is the chronological order of the sound events in this audio?,"[""Alarm sounds first, then bird calls.""]","[""Bird calls occur first, followed by alarm sounds.""]","[""test500_ordering/audio/syn_332""]","[""audio"", ""text""]",text,test
aha_q_827,aha,"[""sound""]",What is the temporal structure of this audio clip?,"[""The dog barks first, then typing occurs.""]","[""Typing happens first, then the dog barks.""]","[""test500_ordering/audio/syn_333""]","[""audio"", ""text""]",text,test
aha_q_828,aha,"[""sound""]",How many times does each sound event occur?,"[""The telephone rings four times and the clang occurs once.""]","[""The telephone rings twice and the clang occurs two times.""]","[""test500_ordering/audio/syn_334""]","[""audio"", ""text""]",text,test
aha_q_829,aha,"[""sound""]",What is the sequence of sounds from start to finish?,"[""The whooshing sound occurs first, followed by the buzzing of an electric shaver.""]","[""The buzzing of the electric shaver occurs first, then a whooshing sound.""]","[""test500_ordering/audio/syn_335""]","[""audio"", ""text""]",text,test
aha_q_830,aha,"[""sound""]",Does the mosquito buzz more than once?,"[""Yes, the mosquito buzzes twice.""]","[""No, the mosquito only buzzes once.""]","[""test500_ordering/audio/syn_336""]","[""audio"", ""text""]",text,test
aha_q_831,aha,"[""sound""]",What is the temporal structure of this audio clip?,"[""Clangs are heard first, then spray sounds follow.""]","[""Spray sounds are heard first, then clangs.""]","[""test500_ordering/audio/syn_337""]","[""audio"", ""text""]",text,test
aha_q_832,aha,"[""sound""]",How many distinct sound events occur in this sequence?,"[""Two distinct sound events occur: beeps and whistling.""]","[""There are three sound events: beeps, whistling, and barking.""]","[""test500_ordering/audio/syn_338""]","[""audio"", ""text""]",text,test
aha_q_833,aha,"[""sound""]",Which sound event has the longest duration?,"[""The howl has the longest duration.""]","[""The typewriter has the longest duration.""]","[""test500_ordering/audio/syn_339""]","[""audio"", ""text""]",text,test
aha_q_834,aha,"[""sound""]",Which sound event has the longest duration?,"[""The bell ringing has the longest duration.""]","[""The slaps and smacks have the longest duration.""]","[""test500_ordering/audio/syn_34""]","[""audio"", ""text""]",text,test
aha_q_835,aha,"[""sound""]",Which sound event has the longest duration?,"[""The fire engine siren has the longest duration.""]","[""The siren blares three times in succession, then a fire engine siren wails continuously.""]","[""test500_ordering/audio/syn_340""]","[""audio"", ""text""]",text,test
aha_q_836,aha,"[""sound""]",What is the temporal structure of this audio clip?,"[""The cap gun fires three times, then the telephone dialing occurs.""]","[""The telephone dialing occurs first, followed by the cap gun firing three times.""]","[""test500_ordering/audio/syn_341""]","[""audio"", ""text""]",text,test
aha_q_837,aha,"[""sound""]",What is the chronological order of the sound events in this audio?,"[""Someone sneezes first, then a chainsaw starts.""]","[""A chainsaw starts first, followed by someone sneezing.""]","[""test500_ordering/audio/syn_342""]","[""audio"", ""text""]",text,test
aha_q_838,aha,"[""sound""]",How many times does each sound event occur?,"[""The yip occurs three times and the laughter occurs twice.""]","[""The yip occurs twice and the laughter occurs three times.""]","[""test500_ordering/audio/syn_343""]","[""audio"", ""text""]",text,test
aha_q_839,aha,"[""sound""]",What is the temporal structure of this audio clip?,"[""The door slams first, then the steam whistle sounds and continues.""]","[""The steam whistle sounds first, then the door slams.""]","[""test500_ordering/audio/syn_344""]","[""audio"", ""text""]",text,test
aha_q_840,aha,"[""sound""]",How many distinct sound events occur in this sequence?,"[""Four buzzer sounds and one singing event.""]","[""Three buzzer sounds and a male singing.""]","[""test500_ordering/audio/syn_345""]","[""audio"", ""text""]",text,test
aha_q_841,aha,"[""sound""]",What is the temporal structure of this audio clip?,"[""The cat meows four times before the vacuum cleaner runs.""]","[""The vacuum cleaner runs first, then the cat meows four times.""]","[""test500_ordering/audio/syn_346""]","[""audio"", ""text""]",text,test
aha_q_842,aha,"[""sound""]",What is the chronological order of the sound events in this audio?,"[""Someone sneezes, then sneezes again, followed by a cat meowing.""]","[""Someone sneezes, followed by a cat meowing, then sneezes again.""]","[""test500_ordering/audio/syn_347""]","[""audio"", ""text""]",text,test
aha_q_843,aha,"[""sound""]",How many distinct sound events occur in this sequence?,"[""There are two distinct sound events: shouting and breaking.""]","[""There are three distinct sounds: shouting three times and something breaking.""]","[""test500_ordering/audio/syn_348""]","[""audio"", ""text""]",text,test
aha_q_844,aha,"[""sound""]",What is the temporal structure of this audio clip?,"[""Crying and sobbing are heard initially, followed by a female singing.""]","[""A female singing is heard first, then crying and sobbing.""]","[""test500_ordering/audio/syn_349""]","[""audio"", ""text""]",text,test
aha_q_845,aha,"[""sound""]",What is the chronological order of the sound events in this audio?,"[""Silence, then a baby laughing twice with a pause in between.""]","[""The audio starts with a baby laughing, then there is silence for a long period.""]","[""test500_ordering/audio/syn_350""]","[""audio"", ""text""]",text,test
aha_q_846,aha,"[""sound""]",How many times does each sound event occur?,"[""Chirping and tweeting occur twice; croaking occurs three times.""]","[""Chirping and tweeting occur once; croaking occurs twice.""]","[""test500_ordering/audio/syn_351""]","[""audio"", ""text""]",text,test
aha_q_847,aha,"[""sound""]",How many times does each sound event occur?,"[""The telephone dials twice; the emergency vehicle sounds once.""]","[""The telephone dials once; the emergency vehicle sounds twice.""]","[""test500_ordering/audio/syn_352""]","[""audio"", ""text""]",text,test
aha_q_848,aha,"[""sound""]",What is the temporal structure of this audio clip?,"[""The train whistle occurs before the sounds of dishes, pots, and pans.""]","[""The sounds of dishes, pots, and pans happen before the train whistle.""]","[""test500_ordering/audio/syn_353""]","[""audio"", ""text""]",text,test
aha_q_849,aha,"[""sound""]",How many times does each sound event occur?,"[""Laughter occurs four times; the busy signal occurs twice.""]","[""Laughter occurs four times; the busy signal occurs three times.""]","[""test500_ordering/audio/syn_354""]","[""audio"", ""text""]",text,test
aha_q_850,aha,"[""sound""]",What is the sequence of sounds from start to finish?,"[""The hammer strikes first, then water flows intermittently four times.""]","[""The water flows first, then the hammer strikes, with only two flow events.""]","[""test500_ordering/audio/syn_355""]","[""audio"", ""text""]",text,test
aha_q_851,aha,"[""sound""]",How many distinct sound events occur in this sequence?,"[""Two sound events occur.""]","[""Three sound events occur.""]","[""test500_ordering/audio/syn_356""]","[""audio"", ""text""]",text,test
aha_q_852,aha,"[""sound""]",What is the temporal structure of this audio clip?,"[""The train whistles occur first, followed by the dental drill.""]","[""The dental drill sounds occur before the train whistles.""]","[""test500_ordering/audio/syn_357""]","[""audio"", ""text""]",text,test
aha_q_853,aha,"[""sound""]",What is the chronological order of the sound events in this audio?,"[""Mosquito buzzes, then the whooshing sound.""]","[""The mosquito buzzes, then a single buzz, followed by the whooshing sound.""]","[""test500_ordering/audio/syn_358""]","[""audio"", ""text""]",text,test
aha_q_854,aha,"[""sound""]",What is the chronological order of the sound events in this audio?,"[""The machine gun fires twice first, then the whistling occurs.""]","[""The machine gun fires once, then the whistling, which is the correct order.""]","[""test500_ordering/audio/syn_359""]","[""audio"", ""text""]",text,test
aha_q_855,aha,"[""sound""]",What is the temporal structure of this audio clip?,"[""Someone knocks on a door three times, then a door slams once.""]","[""The door slams once, then someone knocks three times.""]","[""test500_ordering/audio/syn_360""]","[""audio"", ""text""]",text,test
aha_q_856,aha,"[""sound""]",How many times does each sound event occur?,"[""The dog whimpers twice and the telephone rings twice.""]","[""The dog whimpers once and the telephone rings three times.""]","[""test500_ordering/audio/syn_361""]","[""audio"", ""text""]",text,test
aha_q_857,aha,"[""sound""]",What is the temporal structure of this audio clip?,"[""The clock ticks three times, then the civil defense siren occurs.""]","[""The civil defense siren occurs before the clock ticks three times.""]","[""test500_ordering/audio/syn_362""]","[""audio"", ""text""]",text,test
aha_q_858,aha,"[""sound""]",What is the temporal structure of this audio clip?,"[""A plop is followed by two laughs with a pause in between.""]","[""The audio starts with laughter, then a plop, then another laughter.""]","[""test500_ordering/audio/syn_363""]","[""audio"", ""text""]",text,test
aha_q_859,aha,"[""sound""]",What is the temporal structure of this audio clip?,"[""A croak is heard twice, then three spraying sounds.""]","[""A croak is heard once, followed by two spraying sounds.""]","[""test500_ordering/audio/syn_364""]","[""audio"", ""text""]",text,test
aha_q_860,aha,"[""sound""]",What is the chronological order of the sound events in this audio?,"[""Burping occurs twice, then a sound effect.""]","[""The sound effect occurs first, followed by two burps.""]","[""test500_ordering/audio/syn_365""]","[""audio"", ""text""]",text,test
aha_q_861,aha,"[""sound""]",What is the sequence of sounds from start to finish?,"[""Laughter, then ticking clock.""]","[""Laughter occurs three times, followed by two instances of a ticking clock.""]","[""test500_ordering/audio/syn_366""]","[""audio"", ""text""]",text,test
aha_q_862,aha,"[""sound""]",What is the chronological order of the sound events in this audio?,"[""Laughter is first, followed by the police car siren.""]","[""The police car siren occurs first, followed by laughter.""]","[""test500_ordering/audio/syn_367""]","[""audio"", ""text""]",text,test
aha_q_863,aha,"[""sound""]",What is the temporal structure of this audio clip?,"[""The person burps four times followed by the chainsaw.""]","[""The chainsaw is heard before the person burps.""]","[""test500_ordering/audio/syn_368""]","[""audio"", ""text""]",text,test
aha_q_864,aha,"[""sound""]",What is the chronological order of the sound events in this audio?,"[""Water flows from a tap, then the sound of sawing.""]","[""The sound of sawing occurs before the water flows from the tap.""]","[""test500_ordering/audio/syn_369""]","[""audio"", ""text""]",text,test
aha_q_865,aha,"[""sound""]",How many distinct sound events occur in this sequence?,"[""Two sound events occur.""]","[""Three sound events occur.""]","[""test500_ordering/audio/syn_37""]","[""audio"", ""text""]",text,test
aha_q_866,aha,"[""sound""]",What is the temporal structure of this audio clip?,"[""Water splashes occur four times, then a whooshing sound.""]","[""The audio starts with a whooshing sound, then water splashes four times.""]","[""test500_ordering/audio/syn_370""]","[""audio"", ""text""]",text,test
aha_q_867,aha,"[""sound""]",What is the sequence of sounds from start to finish?,"[""The sequence is: something breaks, silence, then an insect sounds.""]","[""The sequence is: an insect emerges, then something breaks, and then silence.""]","[""test500_ordering/audio/syn_371""]","[""audio"", ""text""]",text,test
aha_q_868,aha,"[""sound""]",What is the sequence of sounds from start to finish?,"[""The bell dings four times, then fireworks occur.""]","[""The fireworks happen first, then the bell dings four times.""]","[""test500_ordering/audio/syn_372""]","[""audio"", ""text""]",text,test
aha_q_869,aha,"[""sound""]",What is the temporal structure of this audio clip?,"[""The croak is heard first, followed by the sanding three times.""]","[""The sanding occurs before the croak, and the sandings happen only twice.""]","[""test500_ordering/audio/syn_373""]","[""audio"", ""text""]",text,test
aha_q_870,aha,"[""sound""]",What is the chronological order of the sound events in this audio?,"[""Clock ticking three times, then a pig oinking.""]","[""A pig oinking first, followed by clock ticking three times.""]","[""test500_ordering/audio/syn_375""]","[""audio"", ""text""]",text,test
aha_q_871,aha,"[""sound""]",What is the temporal structure of this audio clip?,"[""Air horn sounds first, then biting sounds.""]","[""Biting sounds occur first, then the air horn sounds.""]","[""test500_ordering/audio/syn_376""]","[""audio"", ""text""]",text,test
aha_q_872,aha,"[""sound""]",What is the chronological order of the sound events in this audio?,"[""The bell dings twice first, then rain on a surface.""]","[""The rain on a surface occurs before the bell dings twice.""]","[""test500_ordering/audio/syn_377""]","[""audio"", ""text""]",text,test
aha_q_873,aha,"[""sound""]",How many times does each sound event occur?,"[""Throat clearing occurs twice; knocking occurs twice.""]","[""Throat clearing occurs once; knocking occurs once.""]","[""test500_ordering/audio/syn_378""]","[""audio"", ""text""]",text,test
aha_q_874,aha,"[""sound""]",What is the temporal structure of this audio clip?,"[""Growling, then throat clearing.""]","[""Growling and throat clearing occur simultaneously.""]","[""test500_ordering/audio/syn_379""]","[""audio"", ""text""]",text,test
aha_q_875,aha,"[""sound""]",What is the temporal structure of this audio clip?,"[""Liquid was poured before the train whistled.""]","[""The train whistled before liquid was poured.""]","[""test500_ordering/audio/syn_38""]","[""audio"", ""text""]",text,test
aha_q_876,aha,"[""sound""]",How many distinct sound events occur in this sequence?,"[""Three distinct sound events: a door slam and two breathing instances.""]","[""Two sound events: a door slam and breathing, with only one breathing instance.""]","[""test500_ordering/audio/syn_380""]","[""audio"", ""text""]",text,test
aha_q_877,aha,"[""sound""]",What is the order of the sound events in this audio?,"[""The hammer pounds four times first, then the fire alarm sounds until the end.""]","[""The fire alarm sounds first, then the hammer pounds four times.""]","[""test500_ordering/audio/syn_381""]","[""audio"", ""text""]",text,test
aha_q_878,aha,"[""sound""]",What is the chronological order of the sound events in this audio?,"[""Someone speaks first, then later, there's the sound of an engine knocking.""]","[""The engine knocking occurs first, then someone speaks.""]","[""test500_ordering/audio/syn_382""]","[""audio"", ""text""]",text,test
aha_q_879,aha,"[""sound""]",What is the temporal structure of this audio clip?,"[""Laughter occurs first, then oinks.""]","[""Oinks occur first, then laughter.""]","[""test500_ordering/audio/syn_383""]","[""audio"", ""text""]",text,test
aha_q_880,aha,"[""sound""]",What is the chronological order of the sound events in this audio?,"[""The train horn sounded three times, then a cap gun shot occurred.""]","[""The train horn sounded twice, and then a cap gun shot, in order.""]","[""test500_ordering/audio/syn_384""]","[""audio"", ""text""]",text,test
aha_q_881,aha,"[""sound""]",What is the temporal structure of this audio clip?,"[""A slap occurs three times, then the chainsaw sound starts.""]","[""The chainsaw occurs first, then multiple slaps.""]","[""test500_ordering/audio/syn_385""]","[""audio"", ""text""]",text,test
aha_q_882,aha,"[""sound""]",How many times does each sound event occur?,"[""Laughter occurs four times, and the toilet flushing occurs once.""]","[""Laughter occurs twice, followed by a toilet flushing.""]","[""test500_ordering/audio/syn_386""]","[""audio"", ""text""]",text,test
aha_q_883,aha,"[""sound""]",What is the temporal structure of this audio clip?,"[""Four explosions occur first, then a ding sound.""]","[""There are three explosions followed by a ding sound.""]","[""test500_ordering/audio/syn_387""]","[""audio"", ""text""]",text,test
aha_q_884,aha,"[""sound""]",What is the temporal structure of this audio clip?,"[""A shout is heard first, then keys jangling twice.""]","[""Keys jangling occurs first, followed by a shout.""]","[""test500_ordering/audio/syn_388""]","[""audio"", ""text""]",text,test
aha_q_885,aha,"[""sound""]",What is the temporal structure of this audio clip?,"[""Hiss followed by tires squealing and skidding.""]","[""The tires squealing occur first, then the hiss.""]","[""test500_ordering/audio/syn_389""]","[""audio"", ""text""]",text,test
aha_q_886,aha,"[""sound""]",What is the sequence of sounds from start to finish?,"[""The person shouts three times first, then the bird sings.""]","[""The bird sings first, then the person shouts three times.""]","[""test500_ordering/audio/syn_39""]","[""audio"", ""text""]",text,test
aha_q_887,aha,"[""sound""]",What is the temporal structure of this audio clip?,"[""Screaming occurred first, then the waterfall.""]","[""The waterfall happened first, followed by three screamings.""]","[""test500_ordering/audio/syn_390""]","[""audio"", ""text""]",text,test
aha_q_888,aha,"[""sound""]",What is the temporal structure of this audio clip?,"[""Liquid is poured, then a bird vocalizes twice with a pause in between.""]","[""The bird vocalizes twice, then liquid is poured, with a long silence in between.""]","[""test500_ordering/audio/syn_391""]","[""audio"", ""text""]",text,test
aha_q_889,aha,"[""sound""]",What is the temporal structure of this audio clip?,"[""Sanding occurs twice, then two beeps and bleeps.""]","[""Sanding occurs once, followed by a beep, then another sanding and an additional beep.""]","[""test500_ordering/audio/syn_392""]","[""audio"", ""text""]",text,test
aha_q_890,aha,"[""sound""]",How many times does each sound event occur?,"[""The alarm sounds three times, and someone screams once.""]","[""The alarm sounds twice, followed by someone screaming.""]","[""test500_ordering/audio/syn_393""]","[""audio"", ""text""]",text,test
aha_q_891,aha,"[""sound""]",How many times does each sound event occur?,"[""Tearing occurs twice, crunching occurs once.""]","[""Tearing occurs once, crunching occurs twice.""]","[""test500_ordering/audio/syn_394""]","[""audio"", ""text""]",text,test
aha_q_892,aha,"[""sound""]",What is the chronological order of the sound events in this audio?,"[""The hiccup occurred first, followed by the buzz.""]","[""The buzz occurred first, then the hiccup.""]","[""test500_ordering/audio/syn_395""]","[""audio"", ""text""]",text,test
aha_q_893,aha,"[""sound""]",How many times does each sound event occur?,"[""Birdsong occurs once; whip cracking occurs three times.""]","[""Birdsong occurs twice; whip cracking occurs once.""]","[""test500_ordering/audio/syn_396""]","[""audio"", ""text""]",text,test
aha_q_894,aha,"[""sound""]",What is the temporal structure of this audio clip?,"[""The telephone bell rings first, then the engine knocking occurs.""]","[""The engine knocking occurs first, then the telephone bell rings.""]","[""test500_ordering/audio/syn_397""]","[""audio"", ""text""]",text,test
aha_q_895,aha,"[""sound""]",How many distinct sound events occur in this sequence?,"[""Two sound events occur: a dental drill and a fart.""]","[""Three sound events occur: a dental drill, a pause, and a fart.""]","[""test500_ordering/audio/syn_399""]","[""audio"", ""text""]",text,test
aha_q_896,aha,"[""sound""]",What is the temporal structure of this audio clip?,"[""Beep is followed by another beep, then static occurs thrice.""]","[""Beep occurs after the static, with static happening only twice.""]","[""test500_ordering/audio/syn_4""]","[""audio"", ""text""]",text,test
aha_q_897,aha,"[""sound""]",How many times does each sound event occur?,"[""Four thumps or thuds occur, then one giggle.""]","[""Three thumps and one giggle.""]","[""test500_ordering/audio/syn_40""]","[""audio"", ""text""]",text,test
aha_q_898,aha,"[""sound""]",What is the temporal structure of this audio clip?,"[""Static occurs four times, then oinks follow.""]","[""The series starts with oinks, then static occurs four times.""]","[""test500_ordering/audio/syn_400""]","[""audio"", ""text""]",text,test
aha_q_899,aha,"[""sound""]",What is the temporal structure of this audio clip?,"[""The typewriter clacks first, then the aircraft engine starts and continues.""]","[""The aircraft engine sounds first, then the typewriter clacks.""]","[""test500_ordering/audio/syn_401""]","[""audio"", ""text""]",text,test
aha_q_900,aha,"[""sound""]",How many times does each sound event occur?,"[""The person breathes four times, and the lawn mower sounds once.""]","[""The person breathes two times and the lawn mower sounds twice.""]","[""test500_ordering/audio/syn_402""]","[""audio"", ""text""]",text,test
aha_q_901,aha,"[""sound""]",What is the temporal structure of this audio clip?,"[""The chuckles and chortles occur first, followed by speech.""]","[""Speech occurs before the chuckles and chortles.""]","[""test500_ordering/audio/syn_403""]","[""audio"", ""text""]",text,test
aha_q_902,aha,"[""sound""]",What is the order of the sound events in this audio?,"[""Someone grunts three times then a civil defense siren sounds.""]","[""A civil defense siren sounds first, followed by someone grunting three times.""]","[""test500_ordering/audio/syn_404""]","[""audio"", ""text""]",text,test
aha_q_903,aha,"[""sound""]",How many times does each sound event occur?,"[""Fireworks burst occurs twice; biting sounds occur twice.""]","[""Fireworks burst occurs once; biting sounds occur once.""]","[""test500_ordering/audio/syn_405""]","[""audio"", ""text""]",text,test
aha_q_904,aha,"[""sound""]",What is the sequence of sounds from start to finish?,"[""A vehicle accelerates and revs, then the lawn mower sound occurs.""]","[""The lawn mower sound occurs first, followed by the vehicle revving.""]","[""test500_ordering/audio/syn_406""]","[""audio"", ""text""]",text,test
aha_q_905,aha,"[""sound""]",How many times does each sound event occur?,"[""The cap gun fires four times; glass shattering occurs once.""]","[""The cap gun fires three times; glass shattering occurs twice.""]","[""test500_ordering/audio/syn_407""]","[""audio"", ""text""]",text,test
aha_q_906,aha,"[""sound""]",What is the chronological order of the sound events in this audio?,"[""The tire squeals and skids first, then the cowbell rings.""]","[""The cowbell rings first, then the tire squeals and skids.""]","[""test500_ordering/audio/syn_408""]","[""audio"", ""text""]",text,test
aha_q_907,aha,"[""sound""]",What is the chronological order of the sound events in this audio?,"[""The telephone bell rings twice, then the whip cracks four times.""]","[""The whip cracks four times, then the telephone bell rings twice.""]","[""test500_ordering/audio/syn_409""]","[""audio"", ""text""]",text,test
aha_q_908,aha,"[""sound""]",How many times does each sound event occur?,"[""The dog barks three times, and the ambulance siren occurs once.""]","[""The dog barks twice and the ambulance siren occurs two times.""]","[""test500_ordering/audio/syn_41""]","[""audio"", ""text""]",text,test
aha_q_909,aha,"[""sound""]",How many times does each sound event occur?,"[""Fart occurs three times; something breaking occurs twice.""]","[""Fart occurs twice; something breaking occurs three times.""]","[""test500_ordering/audio/syn_410""]","[""audio"", ""text""]",text,test
aha_q_910,aha,"[""sound""]",What is the chronological order of the sound events in this audio?,"[""The cap gun fires first, followed by the clattering of dishes, pots, and pans.""]","[""The clattering of dishes, pots, and pans occurs first, then the cap gun fires.""]","[""test500_ordering/audio/syn_411""]","[""audio"", ""text""]",text,test
aha_q_911,aha,"[""sound""]",How many distinct sound events occur in this sequence?,"[""Three sound events occur.""]","[""Two sound events occur.""]","[""test500_ordering/audio/syn_412""]","[""audio"", ""text""]",text,test
aha_q_912,aha,"[""sound""]",What is the temporal structure of this audio clip?,"[""The sneeze occurs twice before crying and sobbing.""]","[""The crying and sobbing occur first, then the two sneezes.""]","[""test500_ordering/audio/syn_413""]","[""audio"", ""text""]",text,test
aha_q_913,aha,"[""sound""]",What is the temporal structure of this audio clip?,"[""Four slaps followed by two oinks.""]","[""Two oinks are heard before four slaps.""]","[""test500_ordering/audio/syn_414""]","[""audio"", ""text""]",text,test
aha_q_914,aha,"[""sound""]",What is the temporal structure of this audio clip?,"[""The clock ticked once, then the drill operated.""]","[""The drill operated first, then the clock ticked once.""]","[""test500_ordering/audio/syn_415""]","[""audio"", ""text""]",text,test
aha_q_915,aha,"[""sound""]",What is the chronological order of the sound events in this audio?,"[""A squeak is heard three times, then a dog barking three times.""]","[""A dog barking three times, then a squeak three times.""]","[""test500_ordering/audio/syn_416""]","[""audio"", ""text""]",text,test
aha_q_916,aha,"[""sound""]",What is the sequence of sound events in this audio?,"[""Rooster crowed, then a grunt.""]","[""A grunt occurred before the rooster crowed.""]","[""test500_ordering/audio/syn_417""]","[""audio"", ""text""]",text,test
aha_q_917,aha,"[""sound""]",What is the temporal structure of this audio clip?,"[""Explosion occurs first, then the vehicle horn honks twice.""]","[""The vehicle honks twice first, then the explosion occurs.""]","[""test500_ordering/audio/syn_418""]","[""audio"", ""text""]",text,test
aha_q_918,aha,"[""sound""]",Which sound event dominates the beginning of the recording?,"[""Liquid pouring dominates the beginning of the recording.""]","[""A civil defense siren dominates the beginning of the recording.""]","[""test500_ordering/audio/syn_419""]","[""audio"", ""text""]",text,test
aha_q_919,aha,"[""sound""]",Which sound event has the longest duration?,"[""The chainsaw has the longest duration.""]","[""The busy signal has the longest duration.""]","[""test500_ordering/audio/syn_42""]","[""audio"", ""text""]",text,test
aha_q_920,aha,"[""sound""]",What is the chronological order of the sound events in this audio?,"[""A drill is heard first, followed by three burps.""]","[""A drill is heard first, then the burps.""]","[""test500_ordering/audio/syn_420""]","[""audio"", ""text""]",text,test
aha_q_921,aha,"[""sound""]",What is the temporal structure of this audio clip?,"[""The jackhammer is heard first, followed by cricket chirping twice.""]","[""The cricket chirping is heard first, then the jackhammer noise.""]","[""test500_ordering/audio/syn_421""]","[""audio"", ""text""]",text,test
aha_q_922,aha,"[""sound""]",What is the temporal structure of this audio clip?,"[""The car passes by first, then there is a groan afterward.""]","[""The groan occurs first, then the car passes by.""]","[""test500_ordering/audio/syn_422""]","[""audio"", ""text""]",text,test
aha_q_923,aha,"[""sound""]",What is the temporal structure of this audio clip?,"[""The cat meowed first, then the aircraft engine sounded.""]","[""The aircraft engine sounded first, then the cat meowed.""]","[""test500_ordering/audio/syn_423""]","[""audio"", ""text""]",text,test
aha_q_924,aha,"[""sound""]",How many times does each sound event occur?,"[""Rustling occurs three times, followed by gurgling and bubbling sounds.""]","[""Rustling occurs once, then gurgling and bubbling happen multiple times.""]","[""test500_ordering/audio/syn_424""]","[""audio"", ""text""]",text,test
aha_q_925,aha,"[""sound""]",How many times does each sound event occur?,"[""Hammer occurs twice, clock occurs twice.""]","[""Hammer occurs once, clock occurs twice.""]","[""test500_ordering/audio/syn_425""]","[""audio"", ""text""]",text,test
aha_q_926,aha,"[""sound""]",What is the sequence of sounds from start to finish?,"[""A groan is heard, then another groan, followed by a rumble.""]","[""A rumble occurs first, then a groan, then another groan.""]","[""test500_ordering/audio/syn_427""]","[""audio"", ""text""]",text,test
aha_q_927,aha,"[""sound""]",What is the sequence of sounds from start to finish?,"[""The person tapped on a keyboard, then a civil defense siren sounded.""]","[""The civil defense siren sounded first, then someone tapped on the keyboard several times.""]","[""test500_ordering/audio/syn_428""]","[""audio"", ""text""]",text,test
aha_q_928,aha,"[""sound""]",How many distinct sound events occur in this sequence?,"[""Three: static, pause, and chuckling.""]","[""Two: static and laughter.""]","[""test500_ordering/audio/syn_429""]","[""audio"", ""text""]",text,test
aha_q_929,aha,"[""sound""]",How many times does each sound event occur?,"[""The baby laughed four times and then groaned once.""]","[""The baby laughed twice and then groaned multiple times.""]","[""test500_ordering/audio/syn_43""]","[""audio"", ""text""]",text,test
aha_q_930,aha,"[""sound""]",Does Liquid occur more than once?,"[""Yes, Liquid occurs twice.""]","[""No, Liquid occurs only once.""]","[""test500_ordering/audio/syn_430""]","[""audio"", ""text""]",text,test
aha_q_931,aha,"[""sound""]",How many times does each sound event occur?,"[""The sound effect occurs twice, followed by machine gun fire once.""]","[""The sound effect occurs once, followed by machine gun fire twice.""]","[""test500_ordering/audio/syn_431""]","[""audio"", ""text""]",text,test
aha_q_932,aha,"[""sound""]",What is the temporal structure of this audio clip?,"[""The door slams first, then the filing sound.""]","[""The filing sound occurs before the door slams.""]","[""test500_ordering/audio/syn_432""]","[""audio"", ""text""]",text,test
aha_q_933,aha,"[""sound""]",What is the temporal structure of this audio clip?,"[""Hammer strikes are heard first, then fireworks explode after.""]","[""Fireworks explode first, then the hammer strikes.""]","[""test500_ordering/audio/syn_433""]","[""audio"", ""text""]",text,test
aha_q_934,aha,"[""sound""]",How many times does each sound event occur?,"[""Birds chirp three times; car horn honks twice.""]","[""Birds chirp twice; car horn honks once.""]","[""test500_ordering/audio/syn_434""]","[""audio"", ""text""]",text,test
aha_q_935,aha,"[""sound""]",Which sound event has the longest duration?,"[""The irregular ticking sounds have the longest duration.""]","[""The spoken speech has the longest duration.""]","[""test500_ordering/audio/syn_435""]","[""audio"", ""text""]",text,test
aha_q_936,aha,"[""sound""]",What is the chronological order of the sound events in this audio?,"[""Fart, then a second fart, then a baby laughs.""]","[""A baby laughs first, followed by two farts.""]","[""test500_ordering/audio/syn_436""]","[""audio"", ""text""]",text,test
aha_q_937,aha,"[""sound""]",What is the temporal structure of this audio clip?,"[""Machine gun firing occurs three times before the jet engine sounds.""]","[""The jet engine starts first, then the machine gun fires three times.""]","[""test500_ordering/audio/syn_437""]","[""audio"", ""text""]",text,test
aha_q_938,aha,"[""sound""]",What is the temporal structure of this audio clip?,"[""The clang occurs first, then the three shouts follow.""]","[""The three shouts occur first, then the clang.""]","[""test500_ordering/audio/syn_438""]","[""audio"", ""text""]",text,test
aha_q_939,aha,"[""sound""]",What is the temporal structure of this audio clip?,"[""Whip cracks occur before the hiccup.""]","[""The hiccup occurs before the whip cracks.""]","[""test500_ordering/audio/syn_439""]","[""audio"", ""text""]",text,test
aha_q_940,aha,"[""sound""]",How many times does each sound event occur?,"[""The dog barks four times and the power saw occurs once.""]","[""The dog barks three times and the power saw occurs twice.""]","[""test500_ordering/audio/syn_44""]","[""audio"", ""text""]",text,test
aha_q_941,aha,"[""sound""]",What is the chronological order of the sound events in this audio?,"[""The telephone is dialed first, followed by two instances of burping.""]","[""The telephone is dialed first, then a burp occurs, followed by another burp.""]","[""test500_ordering/audio/syn_440""]","[""audio"", ""text""]",text,test
aha_q_942,aha,"[""sound""]",What is the chronological order of the sound events in this audio?,"[""The sound events occur in this order: growling, pause, growling again, then spraying.""]","[""The audio starts with spraying, then growling, and finally a pause.""]","[""test500_ordering/audio/syn_441""]","[""audio"", ""text""]",text,test
aha_q_943,aha,"[""sound""]",What is the temporal structure of this audio clip?,"[""Birds chirp twice, then a buzzing sound.""]","[""Birds chirp twice, followed by a barking dog.""]","[""test500_ordering/audio/syn_442""]","[""audio"", ""text""]",text,test
aha_q_944,aha,"[""sound""]",What is the temporal structure of this audio clip?,"[""A groan is heard first, then throat clearing occurs twice with a pause in between.""]","[""Throat clearing is heard first, followed by a groan.""]","[""test500_ordering/audio/syn_443""]","[""audio"", ""text""]",text,test
aha_q_945,aha,"[""sound""]",What is the chronological order of the sound events in this audio?,"[""The power tool occurs first, followed by chirping and tweeting.""]","[""Chirping and tweeting happen first, then the power tool.""]","[""test500_ordering/audio/syn_444""]","[""audio"", ""text""]",text,test
aha_q_946,aha,"[""sound""]",What is the chronological order of the sound events in this audio?,"[""A croak is heard, then it repeats, followed by a sewing machine starting.""]","[""The sewing machine starts first, then a croak repeats afterward.""]","[""test500_ordering/audio/syn_445""]","[""audio"", ""text""]",text,test
aha_q_947,aha,"[""sound""]",What is the temporal structure of this audio clip?,"[""Coughing occurs first, then the faucet runs.""]","[""The faucet runs first, then someone coughs three times.""]","[""test500_ordering/audio/syn_446""]","[""audio"", ""text""]",text,test
aha_q_948,aha,"[""sound""]",How many distinct sound events occur in this sequence?,"[""Two sound events occur: a bird chirping and a vehicle accelerating.""]","[""Three sound events occur: a bird chirping, a vehicle accelerating, and a siren.""]","[""test500_ordering/audio/syn_447""]","[""audio"", ""text""]",text,test
aha_q_949,aha,"[""sound""]",How many times does each sound event occur?,"[""The dog yips four times.""]","[""The dog yips twice.""]","[""test500_ordering/audio/syn_448""]","[""audio"", ""text""]",text,test
aha_q_950,aha,"[""sound""]",What is the chronological order of the sound events in this audio?,"[""The cat meowed twice before the vehicle accelerated and revved.""]","[""The vehicle accelerated and revved first, then the cat meowed twice.""]","[""test500_ordering/audio/syn_449""]","[""audio"", ""text""]",text,test
aha_q_951,aha,"[""sound""]",What is the chronological order of the sound events in this audio?,"[""The clock ticks first, then the pig oinks twice.""]","[""The pig oinks first, then the clock ticks, followed by the pig oinking twice.""]","[""test500_ordering/audio/syn_45""]","[""audio"", ""text""]",text,test
aha_q_952,aha,"[""sound""]",What is the temporal structure of this audio clip?,"[""The frog croaks first, then the sewing machine sounds come after.""]","[""The sewing machine sounds first, then the frog croaks.""]","[""test500_ordering/audio/syn_450""]","[""audio"", ""text""]",text,test
aha_q_953,aha,"[""sound""]",What is the sequence of sounds from start to finish?,"[""Four buzzes occur first, then a doorbell rings.""]","[""A doorbell rings first, followed by four buzzes.""]","[""test500_ordering/audio/syn_451""]","[""audio"", ""text""]",text,test
aha_q_954,aha,"[""sound""]",What is the temporal structure of this audio clip?,"[""A sound effect occurs twice, then speech begins.""]","[""Speech begins first, followed by the sound effect twice.""]","[""test500_ordering/audio/syn_452""]","[""audio"", ""text""]",text,test
aha_q_955,aha,"[""sound""]",How many times does each sound event occur?,"[""The belly laugh occurs twice and the emergency vehicle occurs once.""]","[""The belly laugh occurs once and the emergency vehicle occurs twice.""]","[""test500_ordering/audio/syn_453""]","[""audio"", ""text""]",text,test
aha_q_956,aha,"[""sound""]",What is the chronological order of the sound events in this audio?,"[""The buzzer sounds first, then the animal bleats.""]","[""The animal bleats first, then the buzzer sounds.""]","[""test500_ordering/audio/syn_454""]","[""audio"", ""text""]",text,test
aha_q_957,aha,"[""sound""]",What is the temporal structure of this audio clip?,"[""The clock ticks first, then the three clangs occur afterward.""]","[""The clangs happen first, followed by the clock ticking.""]","[""test500_ordering/audio/syn_455""]","[""audio"", ""text""]",text,test
aha_q_958,aha,"[""sound""]",What is the chronological order of the sound events in this audio?,"[""The metallic clang occurs first, followed by three series of bird calls.""]","[""The bird calls occur first, then the metallic clang.""]","[""test500_ordering/audio/syn_456""]","[""audio"", ""text""]",text,test
aha_q_959,aha,"[""sound""]",What is the chronological order of the sound events in this audio?,"[""The dog barks three times first, followed by keys jangling.""]","[""The keys jangling occurs first, then the dog barks three times.""]","[""test500_ordering/audio/syn_457""]","[""audio"", ""text""]",text,test
aha_q_960,aha,"[""sound""]",What is the chronological order of the sound events in this audio?,"[""The pig oinks first, then the duck quacks.""]","[""The duck quacks first, then the pig oinks.""]","[""test500_ordering/audio/syn_458""]","[""audio"", ""text""]",text,test
aha_q_961,aha,"[""sound""]",How many times does each sound event occur?,"[""The doorbell rings twice, and the emergency vehicle sounds once.""]","[""The doorbell rings once and the emergency vehicle sounds twice.""]","[""test500_ordering/audio/syn_46""]","[""audio"", ""text""]",text,test
aha_q_962,aha,"[""sound""]",How many times does each sound event occur?,"[""A ding sounds twice, followed by liquid pouring twice.""]","[""A ding sounds once, then liquid pouring once.""]","[""test500_ordering/audio/syn_460""]","[""audio"", ""text""]",text,test
aha_q_963,aha,"[""sound""]",What is the chronological order of the sound events in this audio?,"[""The baby cries three times first, then the whip cracks once.""]","[""The whip cracks first, followed by the baby crying several times.""]","[""test500_ordering/audio/syn_461""]","[""audio"", ""text""]",text,test
aha_q_964,aha,"[""sound""]",How many times does each sound event occur?,"[""Hiccups occur twice; the water tap sounds once.""]","[""Hiccups occur once; the water tap sounds twice.""]","[""test500_ordering/audio/syn_462""]","[""audio"", ""text""]",text,test
aha_q_965,aha,"[""sound""]",What is the first sound event in this audio?,"[""The first sound event is the cap gun firing.""]","[""The first sound event is a person screaming.""]","[""test500_ordering/audio/syn_463""]","[""audio"", ""text""]",text,test
aha_q_966,aha,"[""sound""]",Which sound event has the longest duration?,"[""The lawn mower runs the longest.""]","[""The sneeze lasts longer than the lawn mower.""]","[""test500_ordering/audio/syn_465""]","[""audio"", ""text""]",text,test
aha_q_967,aha,"[""sound""]",What is the chronological order of the sound events in this audio?,"[""Whistling then gurgling and bubbling.""]","[""Gurgling and bubbling occur first, followed by whistling.""]","[""test500_ordering/audio/syn_466""]","[""audio"", ""text""]",text,test
aha_q_968,aha,"[""sound""]",What is the temporal structure of this audio clip?,"[""Giggles occur first, then the croak follows.""]","[""The croak happens before all the giggles.""]","[""test500_ordering/audio/syn_467""]","[""audio"", ""text""]",text,test
aha_q_969,aha,"[""sound""]",What is the temporal structure of this audio clip?,"[""The telephone dials three times, then the helicopter sounds.""]","[""The helicopter sounds first, then the telephone dials three times.""]","[""test500_ordering/audio/syn_468""]","[""audio"", ""text""]",text,test
aha_q_970,aha,"[""sound""]",How many times does each sound event occur?,"[""Groans occur three times, liquid occurs once.""]","[""Groans occur twice, liquid occurs twice.""]","[""test500_ordering/audio/syn_469""]","[""audio"", ""text""]",text,test
aha_q_971,aha,"[""sound""]",What is the chronological order of the sound events in this audio?,"[""Knocking occurs first, followed by two burping sounds.""]","[""Burping occurs first, then knocking.""]","[""test500_ordering/audio/syn_47""]","[""audio"", ""text""]",text,test
aha_q_972,aha,"[""sound""]",How many times does each sound event occur?,"[""The explosion occurs four times, and the bark occurs once.""]","[""The explosion occurs three times, and the bark occurs twice.""]","[""test500_ordering/audio/syn_470""]","[""audio"", ""text""]",text,test
aha_q_973,aha,"[""sound""]",What is the temporal structure of this audio clip?,"[""Spray sounds occur four times, followed by a single thump, thud event.""]","[""The spray sounds occur twice, then a single thump, then a thud.""]","[""test500_ordering/audio/syn_471""]","[""audio"", ""text""]",text,test
aha_q_974,aha,"[""sound""]",What is the chronological order of the sound events in this audio?,"[""The hum occurs first, then the door slams twice.""]","[""The door slams first, then the hum occurs, with only one slam.""]","[""test500_ordering/audio/syn_472""]","[""audio"", ""text""]",text,test
aha_q_975,aha,"[""sound""]",What is the temporal structure of this audio clip?,"[""The cat meows twice first, then the clanking occurs.""]","[""The clanking happens first, then the cat meows twice.""]","[""test500_ordering/audio/syn_473""]","[""audio"", ""text""]",text,test
aha_q_976,aha,"[""sound""]",What is the temporal structure of this audio clip?,"[""A squeak is followed by a sound effect, which then repeats.""]","[""The sound effect occurs first, then a squeak, which repeats twice.""]","[""test500_ordering/audio/syn_476""]","[""audio"", ""text""]",text,test
aha_q_977,aha,"[""sound""]",Which sound event has the longest duration?,"[""The sound of sawing has the longest duration.""]","[""The bell rings has the longest duration.""]","[""test500_ordering/audio/syn_477""]","[""audio"", ""text""]",text,test
aha_q_978,aha,"[""sound""]",What is the first sound event in this audio?,"[""The first sound event is the dog whimpering.""]","[""The first sound event is the lawn mower.""]","[""test500_ordering/audio/syn_478""]","[""audio"", ""text""]",text,test
aha_q_979,aha,"[""sound""]",What is the chronological order of the sound events in this audio?,"[""The clock ticking occurs first, followed by the jet engine powering up.""]","[""The jet engine powering up occurs first, followed by the clock ticking.""]","[""test500_ordering/audio/syn_479""]","[""audio"", ""text""]",text,test
aha_q_980,aha,"[""sound""]",How many times does each sound event occur?,"[""Clock ticking twice; dog barking three times.""]","[""Clock ticking once, dog barking twice.""]","[""test500_ordering/audio/syn_48""]","[""audio"", ""text""]",text,test
aha_q_981,aha,"[""sound""]",What is the chronological order of the sound events in this audio?,"[""The sounds occurred in this order: something bit twice, then something tore for an extended time.""]","[""The audio starts with something tearing for an extended time, followed by something biting twice.""]","[""test500_ordering/audio/syn_480""]","[""audio"", ""text""]",text,test
aha_q_982,aha,"[""sound""]",What is the temporal structure of this audio clip?,"[""Bites occur first, then there is a break, followed by two instances of baby laughter.""]","[""The baby laughs first, then someone bites twice with a break in between.""]","[""test500_ordering/audio/syn_482""]","[""audio"", ""text""]",text,test
aha_q_983,aha,"[""sound""]",What is the chronological order of the sound events in this audio?,"[""The mosquito sounds occur first, followed by the water sound.""]","[""The water is heard first, then the mosquito sounds.""]","[""test500_ordering/audio/syn_484""]","[""audio"", ""text""]",text,test
aha_q_984,aha,"[""sound""]",What is the temporal structure of this audio clip?,"[""The biting sounds are followed by two crunching sounds.""]","[""The crunching sounds occur before the biting sounds.""]","[""test500_ordering/audio/syn_485""]","[""audio"", ""text""]",text,test
aha_q_985,aha,"[""sound""]",How many times does each sound event occur?,"[""Fart occurs once; dog barks twice.""]","[""Fart occurs twice; dog barks once.""]","[""test500_ordering/audio/syn_486""]","[""audio"", ""text""]",text,test
aha_q_986,aha,"[""sound""]",How many distinct sound events occur in this sequence?,"[""Two sound events occur: crying and a mosquito.""]","[""Three sound events occur: crying, sobbing, and a mosquito.""]","[""test500_ordering/audio/syn_487""]","[""audio"", ""text""]",text,test
aha_q_987,aha,"[""sound""]",What is the first sound event in this audio?,"[""The first sound event is the whip cracking three times.""]","[""The first sound event is the dishes, pots, and pans clanging twice.""]","[""test500_ordering/audio/syn_488""]","[""audio"", ""text""]",text,test
aha_q_988,aha,"[""sound""]",How many times does each sound event occur?,"[""Leaves rustle once; buzz occurs three times.""]","[""Leaves rustle twice; buzz occurs two times.""]","[""test500_ordering/audio/syn_489""]","[""audio"", ""text""]",text,test
aha_q_989,aha,"[""sound""]",How many times does each sound event occur?,"[""Breathing occurs three times; tire squealing and skidding occur once each.""]","[""Breathing occurs twice; tire squealing occurs once, and skidding occurs multiple times.""]","[""test500_ordering/audio/syn_49""]","[""audio"", ""text""]",text,test
aha_q_990,aha,"[""sound""]",What is the sequence of sounds from start to finish?,"[""The buzz occurs three times, then the baby cries once.""]","[""The baby cries three times, then the buzz occurs once.""]","[""test500_ordering/audio/syn_490""]","[""audio"", ""text""]",text,test
aha_q_991,aha,"[""sound""]",How many distinct sound events occur in this sequence?,"[""Three sound events occur: machine gun, silence, waves and surf.""]","[""Four sound events occur: machine gun, silence, waves, and wind.""]","[""test500_ordering/audio/syn_491""]","[""audio"", ""text""]",text,test
aha_q_992,aha,"[""sound""]",What is the temporal structure of this audio clip?,"[""Crickets chirp three times then a siren wails.""]","[""The siren wails first, then the crickets chirp three times.""]","[""test500_ordering/audio/syn_492""]","[""audio"", ""text""]",text,test
aha_q_993,aha,"[""sound""]",What is the order of the sound events in this audio?,"[""Someone giggles followed by a hissing noise that happens twice.""]","[""Someone giggles and a hissing noise happens three times.""]","[""test500_ordering/audio/syn_493""]","[""audio"", ""text""]",text,test
aha_q_994,aha,"[""sound""]",How many times does each sound event occur?,"[""The ticking sound occurs twice, and the waterfall occurs once.""]","[""The ticking sound occurs once, and the waterfall occurs twice.""]","[""test500_ordering/audio/syn_494""]","[""audio"", ""text""]",text,test
aha_q_995,aha,"[""sound""]",What is the temporal structure of this audio clip?,"[""Doorbell rang three times then rooster crowed once.""]","[""Rooster crowed once, then the doorbell rang three times.""]","[""test500_ordering/audio/syn_495""]","[""audio"", ""text""]",text,test
aha_q_996,aha,"[""sound""]",What is the chronological order of the sound events in this audio?,"[""Fireworks burst, then a buzzer sounds twice with a brief pause.""]","[""The buzzer sounds first, followed by fireworks burst, with no pause.""]","[""test500_ordering/audio/syn_496""]","[""audio"", ""text""]",text,test
aha_q_997,aha,"[""sound""]",How many times does each sound event occur?,"[""The baby laughs three times and the police car siren occurs once.""]","[""The baby laughs twice and the police car siren occurs twice.""]","[""test500_ordering/audio/syn_497""]","[""audio"", ""text""]",text,test
aha_q_998,aha,"[""sound""]",How many times does each sound event occur?,"[""Baby laughs four times; whistles occur twice.""]","[""Baby laughs three times; whistles occur once.""]","[""test500_ordering/audio/syn_498""]","[""audio"", ""text""]",text,test
aha_q_999,aha,"[""sound""]",What is the chronological order of the sound events in this audio?,"[""Bird sounds are heard first, followed by crying and sobbing.""]","[""Crying and sobbing occur first, then bird sounds.""]","[""test500_ordering/audio/syn_499""]","[""audio"", ""text""]",text,test
aha_q_1000,aha,"[""sound""]",What is the temporal structure of this audio clip?,"[""Keyboard taps occur first, then the sound effect occurs twice.""]","[""The sound effect occurs first, then the keyboard is tapped twice.""]","[""test500_ordering/audio/syn_5""]","[""audio"", ""text""]",text,test
aha_q_1001,aha,"[""sound""]",What is the temporal structure of this audio clip?,"[""Crying and sobbing occurred twice, then a ticking clock.""]",[],"[""test500_ordering/audio/syn_50""]","[""audio"", ""text""]",text,test
aha_q_1002,aha,"[""sound""]",What is the temporal structure of this audio clip?,"[""Three thumps and thuds followed by a belly laugh.""]","[""The belly laugh occurs first, then the thumps and thuds.""]","[""test500_ordering/audio/syn_500""]","[""audio"", ""text""]",text,test
aha_q_1003,aha,"[""sound""]",How many times does each sound event occur?,"[""Belly laughs occur twice, train horn sounds twice.""]","[""Belly laughs occur once, train horn sounds once.""]","[""test500_ordering/audio/syn_51""]","[""audio"", ""text""]",text,test
aha_q_1004,aha,"[""sound""]",What is the chronological order of the sound events in this audio?,"[""Glass breaking twice, then a chuckle.""]","[""Glass breaking twice, followed by a single chuckle.""]","[""test500_ordering/audio/syn_52""]","[""audio"", ""text""]",text,test
aha_q_1005,aha,"[""sound""]",What is the chronological order of the sound events in this audio?,"[""A groan is heard, followed by another groan, then there's a breaking sound, succeeded by another breaking sound.""]","[""The audio starts with a breaking sound, then a groan, and finally another groan.""]","[""test500_ordering/audio/syn_53""]","[""audio"", ""text""]",text,test
aha_q_1006,aha,"[""sound""]",What is the sequence of sounds from start to finish?,"[""Birds chirp and tweet four times, followed by a jackhammer.""]","[""A jackhammer occurs first, then birds chirp and tweet four times.""]","[""test500_ordering/audio/syn_54""]","[""audio"", ""text""]",text,test
aha_q_1007,aha,"[""sound""]",What is the chronological order of the sound events in this audio?,"[""A whistle is heard first, then static occurs four times.""]","[""The static occurs first, then the whistle.""]","[""test500_ordering/audio/syn_55""]","[""audio"", ""text""]",text,test
aha_q_1008,aha,"[""sound""]",What is the temporal structure of this audio clip?,"[""Birds chirp and tweet twice, then a baby cries.""]",[],"[""test500_ordering/audio/syn_56""]","[""audio"", ""text""]",text,test
aha_q_1009,aha,"[""sound""]",Does groan occur more than once?,"[""Yes, the groan occurs twice.""]","[""No, the groan occurs only once.""]","[""test500_ordering/audio/syn_57""]","[""audio"", ""text""]",text,test
aha_q_1010,aha,"[""sound""]",What is the temporal structure of this audio clip?,"[""The car horn honks first, then the buzzer sounds twice after a pause.""]","[""The buzzer sounds first, then the car horn honks, with the buzzer sounding once.""]","[""test500_ordering/audio/syn_58""]","[""audio"", ""text""]",text,test
aha_q_1011,aha,"[""sound""]",What is the temporal structure of this audio clip?,"[""Hum is followed by chirping and tweeting, then it repeats.""]","[""The chirping occurs before the hum, and tweeting repeats twice.""]","[""test500_ordering/audio/syn_59""]","[""audio"", ""text""]",text,test
aha_q_1012,aha,"[""sound""]",What is the temporal structure of this audio clip?,"[""The clock ticks first, then the lone howl.""]","[""The lone howl occurs before the clock ticks.""]","[""test500_ordering/audio/syn_60""]","[""audio"", ""text""]",text,test
aha_q_1013,aha,"[""sound""]",What is the chronological order of the sound events in this audio?,"[""Spray occurs four times followed by a prolonged hiss.""]","[""The prolonged hiss occurs first, then the spray happens four times.""]","[""test500_ordering/audio/syn_61""]","[""audio"", ""text""]",text,test
aha_q_1014,aha,"[""sound""]",What is the temporal structure of this audio clip?,"[""The busy signal occurs first, followed by the noise of a car passing by.""]","[""The noise of a car passing by occurs first, followed by the busy signal.""]","[""test500_ordering/audio/syn_62""]","[""audio"", ""text""]",text,test
aha_q_1015,aha,"[""sound""]",How many times does each sound event occur?,"[""The frog croaks four times, and the whip is cracked twice.""]","[""The frog croaks three times, and the whip is cracked once.""]","[""test500_ordering/audio/syn_63""]","[""audio"", ""text""]",text,test
aha_q_1016,aha,"[""sound""]",How many times does each sound event occur?,"[""The jackhammer occurs twice, and the beep occurs once.""]","[""The jackhammer occurs once, and the beep occurs twice.""]","[""test500_ordering/audio/syn_64""]","[""audio"", ""text""]",text,test
aha_q_1017,aha,"[""sound""]",How many times does each sound event occur?,"[""Explosion occurs twice, rooster crowing occurs twice.""]","[""Explosion occurs once, rooster crowing occurs twice.""]","[""test500_ordering/audio/syn_65""]","[""audio"", ""text""]",text,test
aha_q_1018,aha,"[""sound""]",What is the temporal structure of this audio clip?,"[""Alarm sounds first, then chirping and tweeting follow.""]","[""The alarm sounds after the chirping and tweeting.""]","[""test500_ordering/audio/syn_66""]","[""audio"", ""text""]",text,test
aha_q_1019,aha,"[""sound""]",How many times does each sound event occur?,"[""The duck quacks four times and there are two whistling events.""]","[""The duck quacks three times and there are three whistling events.""]","[""test500_ordering/audio/syn_67""]","[""audio"", ""text""]",text,test
aha_q_1020,aha,"[""sound""]",What is the chronological order of the sound events in this audio?,"[""The cat meowed twice first, then the rain on a surface.""]","[""The rain on a surface occurred first, followed by the cat meowing twice.""]","[""test500_ordering/audio/syn_68""]","[""audio"", ""text""]",text,test
aha_q_1021,aha,"[""sound""]",How many distinct sound events occur in this sequence?,"[""Three distinct sound events occur: silence, silence, and tearing.""]","[""Two distinct sound events occur: silence and tearing.""]","[""test500_ordering/audio/syn_69""]","[""audio"", ""text""]",text,test
aha_q_1022,aha,"[""sound""]",What is the chronological order of the sound events in this audio?,"[""Clanging occurs three times, then a dial tone occurs twice.""]","[""The audio starts with a dial tone, followed by three clangings.""]","[""test500_ordering/audio/syn_7""]","[""audio"", ""text""]",text,test
aha_q_1023,aha,"[""sound""]",How many distinct sound events occur in this sequence?,"[""There are two distinct sound events: bell dings and snoring.""]","[""There are three distinct sound events: bell dings, sneezing, and snoring.""]","[""test500_ordering/audio/syn_70""]","[""audio"", ""text""]",text,test
aha_q_1024,aha,"[""sound""]",What is the temporal structure of this audio clip?,"[""Horse neighs then breathing.""]","[""Breathing then horse neighs.""]","[""test500_ordering/audio/syn_71""]","[""audio"", ""text""]",text,test
aha_q_1025,aha,"[""sound""]",What is the chronological order of the sound events in this audio?,"[""Glass shatters, then a horse neighs and whinnies twice.""]","[""The horse neighs twice, then glass shatters twice.""]","[""test500_ordering/audio/syn_72""]","[""audio"", ""text""]",text,test
aha_q_1026,aha,"[""sound""]",What is the temporal structure of this audio clip?,"[""The telephone bell rings first, then the drill operates intermittently three times.""]","[""The drill operates first, then the telephone bell rings.""]","[""test500_ordering/audio/syn_73""]","[""audio"", ""text""]",text,test
aha_q_1027,aha,"[""sound""]",What is the chronological order of the sound events in this audio?,"[""The jangle occurs first, followed by the spray sound, which happens again shortly after.""]","[""The spray sound occurs first, then the jangle, which happens again later.""]","[""test500_ordering/audio/syn_74""]","[""audio"", ""text""]",text,test
aha_q_1028,aha,"[""sound""]",What is the chronological order of the sound events in this audio?,"[""The goat bleats three times, then the door slams once.""]","[""The door slams first, then the goat bleats three times.""]","[""test500_ordering/audio/syn_75""]","[""audio"", ""text""]",text,test
aha_q_1029,aha,"[""sound""]",What is the temporal structure of this audio clip?,"[""The dog barks first, then the three thumping sounds follow.""]","[""The series starts with the thumping sounds, then the dog barks.""]","[""test500_ordering/audio/syn_76""]","[""audio"", ""text""]",text,test
aha_q_1030,aha,"[""sound""]",What is the chronological order of the sound events in this audio?,"[""Laughter occurs first, then the jackhammer starts, and finally, the jackhammer stops.""]","[""The jackhammer starts first, then the laughter, and it stops afterwards.""]","[""test500_ordering/audio/syn_77""]","[""audio"", ""text""]",text,test
aha_q_1031,aha,"[""sound""]",What is the chronological order of the sound events in this audio?,"[""Water splashes occur first, then the aircraft engine runs.""]","[""The aircraft engine runs first, followed by water splashes.""]","[""test500_ordering/audio/syn_78""]","[""audio"", ""text""]",text,test
aha_q_1032,aha,"[""sound""]",How many times does each sound event occur?,"[""Laughter occurs twice, rumble occurs once.""]","[""Laughter occurs once, rumble occurs twice.""]","[""test500_ordering/audio/syn_79""]","[""audio"", ""text""]",text,test
aha_q_1033,aha,"[""sound""]",What is the temporal structure of this audio clip?,"[""Gunshots are heard first, followed by a baby laughing.""]","[""The baby laughing occurs before the gunshots, which are heard twice.""]","[""test500_ordering/audio/syn_8""]","[""audio"", ""text""]",text,test
aha_q_1034,aha,"[""sound""]",Which sound event has the longest duration?,"[""The water tap running has the longest duration.""]","[""The horse neighed has the longest duration.""]","[""test500_ordering/audio/syn_80""]","[""audio"", ""text""]",text,test
aha_q_1035,aha,"[""sound""]",How many times does each sound event occur?,"[""Someone snores twice, then chirping and tweeting occur.""]","[""Someone snores once, then chirping and tweeting occur.""]","[""test500_ordering/audio/syn_81""]","[""audio"", ""text""]",text,test
aha_q_1036,aha,"[""sound""]",What is the chronological order of the sound events in this audio?,"[""The dog barks three times first, then the door slams twice.""]","[""The door slams first, followed by three dog barks.""]","[""test500_ordering/audio/syn_82""]","[""audio"", ""text""]",text,test
aha_q_1037,aha,"[""sound""]",What is the chronological order of the sound events in this audio?,"[""A hiss occurs twice, then later there is a single clang.""]","[""The hiss occurs once, followed by a single clang, with no other sounds.""]","[""test500_ordering/audio/syn_83""]","[""audio"", ""text""]",text,test
aha_q_1038,aha,"[""sound""]",What is the chronological order of the sound events in this audio?,"[""The buzzer sounds first, then three instances of gunfire follow.""]","[""The three gunfire sounds come first, then the buzzer sounds.""]","[""test500_ordering/audio/syn_84""]","[""audio"", ""text""]",text,test
aha_q_1039,aha,"[""sound""]",How many times does each sound event occur?,"[""Groans occur four times, and oink occurs once.""]","[""Groans occur three times, and oink occurs twice.""]","[""test500_ordering/audio/syn_85""]","[""audio"", ""text""]",text,test
aha_q_1040,aha,"[""sound""]",What is the temporal structure of this audio clip?,"[""The female sings twice, then a busy signal.""]","[""The busy signal occurs before the female sings twice.""]","[""test500_ordering/audio/syn_86""]","[""audio"", ""text""]",text,test
aha_q_1041,aha,"[""sound""]",What is the temporal structure of this audio clip?,"[""The cap gun fires three times first, then two shouts occur afterward.""]","[""The two shouts happen before the cap gun fires.""]","[""test500_ordering/audio/syn_87""]","[""audio"", ""text""]",text,test
aha_q_1042,aha,"[""sound""]",How many times does each sound event occur?,"[""There are two ticking sounds and two sanding sounds.""]","[""There is one ticking sound and three sanding sounds.""]","[""test500_ordering/audio/syn_88""]","[""audio"", ""text""]",text,test
aha_q_1043,aha,"[""sound""]",What is the temporal structure of this audio clip?,"[""The first four sounds are screams, followed by a fart.""]","[""The audio starts with a fart sound, then four screams.""]","[""test500_ordering/audio/syn_89""]","[""audio"", ""text""]",text,test
aha_q_1044,aha,"[""sound""]",What is the chronological order of the sound events in this audio?,"[""Dog whimpers then keys jangling.""]","[""Keys jangling then dog whimpers.""]","[""test500_ordering/audio/syn_9""]","[""audio"", ""text""]",text,test
aha_q_1045,aha,"[""sound""]",What is the temporal structure of this audio clip?,"[""Someone clears their throat twice, then bites.""]","[""Someone clears their throat once, then bites twice.""]","[""test500_ordering/audio/syn_90""]","[""audio"", ""text""]",text,test
aha_q_1046,aha,"[""sound""]",What is the order of sound events in this audio?,"[""The dog barks first, then the four hammering sounds follow.""]","[""The dog barks after the hammering sounds.""]","[""test500_ordering/audio/syn_91""]","[""audio"", ""text""]",text,test
aha_q_1047,aha,"[""sound""]",What is the temporal structure of this audio clip?,"[""The dog barks three times first, then the ship horn sounds.""]","[""The ship horn sounds first, then the dog barks three times.""]","[""test500_ordering/audio/syn_92""]","[""audio"", ""text""]",text,test
aha_q_1048,aha,"[""sound""]",Which sound event has the longest duration?,"[""The thumping sounds have the longest duration.""]","[""The ding has the longest duration.""]","[""test500_ordering/audio/syn_93""]","[""audio"", ""text""]",text,test
aha_q_1049,aha,"[""sound""]",How many times does each sound event occur?,"[""The whistle sounds twice, and the civil defense siren occurs once.""]","[""The whistle sounds once, followed by two civil defense sirens.""]","[""test500_ordering/audio/syn_94""]","[""audio"", ""text""]",text,test
aha_q_1050,aha,"[""sound""]",What is the temporal structure of this audio clip?,"[""The person shouts, then pauses, shouts again, then silent, followed by a quack.""]","[""The person shouts twice with a quack in between, then silent.""]","[""test500_ordering/audio/syn_95""]","[""audio"", ""text""]",text,test
aha_q_1051,aha,"[""sound""]",What is the temporal structure of this audio clip?,"[""Someone chuckles and chortles, followed by a dial tone.""]","[""The dial tone occurs before the chuckles and chortles.""]","[""test500_ordering/audio/syn_96""]","[""audio"", ""text""]",text,test
aha_q_1052,aha,"[""sound""]",What is the chronological order of the sound events in this audio?,"[""Someone laughed, then chuckled twice.""]","[""Someone laughed, then sneezed twice.""]","[""test500_ordering/audio/syn_97""]","[""audio"", ""text""]",text,test
aha_q_1053,aha,"[""sound""]",What is the temporal structure of this audio clip?,"[""The telephone dials twice, then glass shattering occurs.""]","[""The glass shattering happens before the telephone dials.""]","[""test500_ordering/audio/syn_98""]","[""audio"", ""text""]",text,test
aha_q_1054,aha,"[""sound""]",What is the first sound event in this audio?,"[""The first sound event is fireworks burst twice.""]","[""The first sound event is a clock beginning to tick, followed by fireworks.""]","[""test500_ordering/audio/syn_99""]","[""audio"", ""text""]",text,test
aha_q_1055,aha,"[""sound""]",How many distinct sound events occur in this sequence?,"[""Two distinct sound events occur.""]","[""Three sound events occur.""]","[""test500_timestamp/audio/syn_1""]","[""audio"", ""text""]",text,test
aha_q_1056,aha,"[""sound""]",What is the chronological order of the sound events in this audio?,"[""The cap gun fires twice first, then the door sound occurs.""]","[""The door sound happens first, then the cap gun fires twice.""]","[""test500_timestamp/audio/syn_10""]","[""audio"", ""text""]",text,test
aha_q_1057,aha,"[""sound""]",How many distinct sound events occur in this sequence?,"[""Three sound events occur.""]","[""Two sound events occur.""]","[""test500_timestamp/audio/syn_100""]","[""audio"", ""text""]",text,test
aha_q_1058,aha,"[""sound""]",What is the temporal structure of this audio clip?,"[""A yip occurs, then a baby crying.""]","[""A baby crying occurs, then a yip.""]","[""test500_timestamp/audio/syn_105""]","[""audio"", ""text""]",text,test
aha_q_1059,aha,"[""sound""]",What is the chronological order of the sound events in this audio?,"[""The electric shaver buzzes first, then the cricket chirping.""]","[""The cricket chirping occurs first, followed by the electric shaver buzzes.""]","[""test500_timestamp/audio/syn_112""]","[""audio"", ""text""]",text,test
aha_q_1060,aha,"[""sound""]",How many times does thunder occur?,"[""Thunder occurs twice.""]","[""Thunder occurs once.""]","[""test500_timestamp/audio/syn_113""]","[""audio"", ""text""]",text,test
aha_q_1061,aha,"[""sound""]",What is the temporal structure of this audio clip?,"[""Knocking occurs first, then a dental drill sound follows.""]","[""The dental drill sound occurs before the knocking sounds.""]","[""test500_timestamp/audio/syn_115""]","[""audio"", ""text""]",text,test
aha_q_1062,aha,"[""sound""]",How many times does each sound event occur?,"[""The throat clearing occurs once; the telephone rings twice.""]","[""The throat clearing occurs twice; the telephone rings once.""]","[""test500_timestamp/audio/syn_119""]","[""audio"", ""text""]",text,test
aha_q_1063,aha,"[""sound""]",How many distinct sound events occur in this sequence?,"[""Two sound events occur.""]","[""Three sound events occur.""]","[""test500_timestamp/audio/syn_120""]","[""audio"", ""text""]",text,test
aha_q_1064,aha,"[""sound""]",What is the temporal structure of this audio clip?,"[""Female singing occurs in two segments: first from 2.358 to 5.563 seconds, then from 6.335 to 8.588 seconds.""]","[""The female singing starts at 2.358 seconds and continues until 8.588 seconds.""]","[""test500_timestamp/audio/syn_121""]","[""audio"", ""text""]",text,test
aha_q_1065,aha,"[""sound""]",What is the chronological order of the sound events in this audio?,"[""The whip cracks first, then the door opens/closes.""]","[""The door opens/closes first, then the whip cracks.""]","[""test500_timestamp/audio/syn_126""]","[""audio"", ""text""]",text,test
aha_q_1066,aha,"[""sound""]",What is the chronological order of the sound events in this audio?,"[""The vehicle horn honks first, then the baby laughs twice.""]","[""The baby laughs twice first, then the vehicle horn honks.""]","[""test500_timestamp/audio/syn_128""]","[""audio"", ""text""]",text,test
aha_q_1067,aha,"[""sound""]",What is the temporal structure of this audio clip?,"[""Dial tone, then yip.""]",[],"[""test500_timestamp/audio/syn_130""]","[""audio"", ""text""]",text,test
aha_q_1068,aha,"[""sound""]",What is the temporal structure of this audio clip?,"[""Laughter occurs first, then the lawn mower.""]","[""The lawn mower occurs first, then the laughter.""]","[""test500_timestamp/audio/syn_131""]","[""audio"", ""text""]",text,test
aha_q_1069,aha,"[""sound""]",What is the chronological order of the sound events in this audio?,"[""The cat meows first, then again, followed by whistling.""]","[""The cat meows, then whistling, then again a different cat sound.""]","[""test500_timestamp/audio/syn_135""]","[""audio"", ""text""]",text,test
aha_q_1070,aha,"[""sound""]",What is the chronological order of the sound events in this audio?,"[""Buzzer then water tap.""]","[""Water tap then buzzer.""]","[""test500_timestamp/audio/syn_139""]","[""audio"", ""text""]",text,test
aha_q_1071,aha,"[""sound""]",What is the chronological order of the sound events in this audio?,"[""The oink occurs first, then the slams follow.""]","[""The slams happen first, then the oink.""]","[""test500_timestamp/audio/syn_141""]","[""audio"", ""text""]",text,test
aha_q_1072,aha,"[""sound""]",What is the temporal structure of this audio clip?,"[""Spray hisses occur three times, then continuous waves roll from 5.917 to 10 seconds.""]","[""Continuous waves roll first, then spray hisses happen three times.""]","[""test500_timestamp/audio/syn_143""]","[""audio"", ""text""]",text,test
aha_q_1073,aha,"[""sound""]",What is the chronological order of the sound events in this audio?,"[""Bell rings, then sneeze.""]","[""The sneeze occurs before the bell rings.""]","[""test500_timestamp/audio/syn_150""]","[""audio"", ""text""]",text,test
aha_q_1074,aha,"[""sound""]",What is the temporal structure of this audio clip?,"[""A sneeze occurs first, followed by a steam whistle.""]","[""The steam whistle occurs before the sneeze in the audio.""]","[""test500_timestamp/audio/syn_152""]","[""audio"", ""text""]",text,test
aha_q_1075,aha,"[""sound""]",How many times does each sound event occur?,"[""Air horn sounds twice, hiccup once.""]","[""Air horn sounds once, hiccup twice.""]","[""test500_timestamp/audio/syn_155""]","[""audio"", ""text""]",text,test
aha_q_1076,aha,"[""sound""]",What is the chronological order of the sound events in this audio?,"[""The toilet flush occurs first, then the rumble.""]","[""The rumble occurs first, then the toilet flush.""]","[""test500_timestamp/audio/syn_157""]","[""audio"", ""text""]",text,test
aha_q_1077,aha,"[""sound""]",What is the temporal structure of this audio clip?,"[""Glass shatters twice, followed by a waterfall sound.""]","[""The waterfall sound occurs first, then glass shatters.""]","[""test500_timestamp/audio/syn_16""]","[""audio"", ""text""]",text,test
aha_q_1078,aha,"[""sound""]",What is the temporal structure of this audio clip?,"[""Biting occurs first, then filing.""]","[""The filing sound occurs before the biting.""]","[""test500_timestamp/audio/syn_160""]","[""audio"", ""text""]",text,test
aha_q_1079,aha,"[""sound""]",What is the sequence of sounds from start to finish?,"[""A knock occurs first, followed by an emergency vehicle.""]","[""An emergency vehicle occurs first, followed by a knock.""]","[""test500_timestamp/audio/syn_161""]","[""audio"", ""text""]",text,test
aha_q_1080,aha,"[""sound""]",What is the temporal structure of this audio clip?,"[""A plop occurs at the beginning, followed by waves later.""]","[""The waves are heard before the plops in the audio.""]","[""test500_timestamp/audio/syn_162""]","[""audio"", ""text""]",text,test
aha_q_1081,aha,"[""sound""]",How many distinct sound events occur in this sequence?,"[""Two sound events occur in this sequence.""]","[""Three sound events occur in this sequence.""]","[""test500_timestamp/audio/syn_168""]","[""audio"", ""text""]",text,test
aha_q_1082,aha,"[""sound""]",What is the temporal structure of this audio clip?,"[""Snoring occurs first, then rain starts afterward.""]","[""Rain occurs before the snoring.""]","[""test500_timestamp/audio/syn_171""]","[""audio"", ""text""]",text,test
aha_q_1083,aha,"[""sound""]",What is the temporal structure of this audio clip?,"[""Fireworks erupt three times in sequence.""]","[""Fireworks erupt twice in the audio.""]","[""test500_timestamp/audio/syn_173""]","[""audio"", ""text""]",text,test
aha_q_1084,aha,"[""sound""]",How many times does each sound event occur in this sequence?,"[""The sewing machine runs once, and the gunshots occur twice.""]","[""The sewing machine runs twice, and the gunshots occur once.""]","[""test500_timestamp/audio/syn_175""]","[""audio"", ""text""]",text,test
aha_q_1085,aha,"[""sound""]",Which sound event has the longest duration?,"[""The fireworks have the longest duration.""]","[""The fireworks have the shortest duration.""]","[""test500_timestamp/audio/syn_176""]","[""audio"", ""text""]",text,test
aha_q_1086,aha,"[""sound""]",How many times does each sound event occur?,"[""Telephone dialing occurs twice, and clanking dishes occur once.""]","[""Telephone dialing occurs twice, and clanking dishes occur twice.""]","[""test500_timestamp/audio/syn_177""]","[""audio"", ""text""]",text,test
aha_q_1087,aha,"[""sound""]",How many times does each sound event occur?,"[""The oink occurs twice, and the telephone bell rings once.""]","[""The oink occurs three times, and the telephone bell rings twice.""]","[""test500_timestamp/audio/syn_178""]","[""audio"", ""text""]",text,test
aha_q_1088,aha,"[""sound""]",What is the chronological order of the sound events in this audio?,"[""The dog whimpers first, then the cowbell.""]","[""The cowbell occurs first, then the dog whimpers.""]","[""test500_timestamp/audio/syn_183""]","[""audio"", ""text""]",text,test
aha_q_1089,aha,"[""sound""]",How many distinct sound events occur in this sequence?,"[""Two sound events occur: a doorbell and a helicopter.""]","[""Three sound events occur: a doorbell, a motorcycle, and a helicopter.""]","[""test500_timestamp/audio/syn_185""]","[""audio"", ""text""]",text,test
aha_q_1090,aha,"[""sound""]",How many times does each sound event occur?,"[""Sawing occurs twice, the groan occurs once.""]","[""Sawing occurs once, the groan occurs twice.""]","[""test500_timestamp/audio/syn_186""]","[""audio"", ""text""]",text,test
aha_q_1091,aha,"[""sound""]",Does tire squeal occur more than once?,"[""Yes, tire squeal occurs twice.""]","[""No, tire squeal occurs only once.""]","[""test500_timestamp/audio/syn_188""]","[""audio"", ""text""]",text,test
aha_q_1092,aha,"[""sound""]",How many times does the sewing machine occur?,"[""The sewing machine occurs twice.""]","[""The sewing machine occurs once.""]","[""test500_timestamp/audio/syn_19""]","[""audio"", ""text""]",text,test
aha_q_1093,aha,"[""sound""]",How many times does each sound event occur?,"[""The fire alarm sounds twice.""]","[""The fire alarm sounds once.""]","[""test500_timestamp/audio/syn_192""]","[""audio"", ""text""]",text,test
aha_q_1094,aha,"[""sound""]",How many distinct sound events occur in this sequence?,"[""Two sound events occur.""]","[""Three sound events occur.""]","[""test500_timestamp/audio/syn_194""]","[""audio"", ""text""]",text,test
aha_q_1095,aha,"[""sound""]",How many times does each sound event occur?,"[""The cat meows twice, the typewriter keys clack once, and the series of beeps occurs twice.""]","[""The cat meows three times, the typewriter keys clack twice, and the beeps happen three times.""]","[""test500_timestamp/audio/syn_195""]","[""audio"", ""text""]",text,test
aha_q_1096,aha,"[""sound""]",What is the chronological order of the sound events in this audio?,"[""The water tap runs first, followed by the ticking sound.""]","[""The ticking sound occurs first, then the water tap runs.""]","[""test500_timestamp/audio/syn_20""]","[""audio"", ""text""]",text,test
aha_q_1097,aha,"[""sound""]",What is the chronological order of the sound events in this audio?,"[""The spray activates first from 1.418 to 5.023 seconds, then again from 6.482 to 7.205 seconds.""]","[""The spray activates first from 1.418 to 5.023 seconds, then from 6.482 to 7.205 seconds.""]","[""test500_timestamp/audio/syn_200""]","[""audio"", ""text""]",text,test
aha_q_1098,aha,"[""sound""]",How many times does each sound event occur?,"[""The shout occurs three times, and tearing occurs once.""]","[""The shout occurs twice, and tearing occurs twice.""]","[""test500_timestamp/audio/syn_202""]","[""audio"", ""text""]",text,test
aha_q_1099,aha,"[""sound""]",What is the chronological order of the sound events in this audio?,"[""Yip then bird.""]","[""Bird then yip.""]","[""test500_timestamp/audio/syn_205""]","[""audio"", ""text""]",text,test
aha_q_1100,aha,"[""sound""]",How many times does the child sing?,"[""The child sings twice.""]","[""The child sings once.""]","[""test500_timestamp/audio/syn_209""]","[""audio"", ""text""]",text,test
aha_q_1101,aha,"[""sound""]",What is the temporal structure of this audio clip?,"[""The thump and thud occur first, followed by the train whistle.""]","[""The train whistle occurs first, then the thump and thud.""]","[""test500_timestamp/audio/syn_210""]","[""audio"", ""text""]",text,test
aha_q_1102,aha,"[""sound""]",How many distinct sound events occur in this sequence?,"[""Two sound events occur.""]","[""Three sound events occur.""]","[""test500_timestamp/audio/syn_211""]","[""audio"", ""text""]",text,test
aha_q_1103,aha,"[""sound""]",Which sound event has the longest duration?,"[""The vacuum cleaner runs the longest.""]","[""The machine gun fires the longest.""]","[""test500_timestamp/audio/syn_212""]","[""audio"", ""text""]",text,test
aha_q_1104,aha,"[""sound""]",How many times does each sound event occur?,"[""The vehicle horn honks twice, and the howl occurs once.""]","[""The vehicle horn honks once, and the howl occurs twice.""]","[""test500_timestamp/audio/syn_214""]","[""audio"", ""text""]",text,test
aha_q_1105,aha,"[""sound""]",What is the chronological order of the sound events in this audio?,"[""Hiss occurs first, then the fart sounds follow.""]","[""The fart sounds occur first, then the hiss.""]","[""test500_timestamp/audio/syn_216""]","[""audio"", ""text""]",text,test
aha_q_1106,aha,"[""sound""]",How many distinct sound events occur in this sequence?,"[""Two sound events occur: liquid and aircraft noise.""]","[""Three sound events occur: liquid, aircraft noise, and wind noise.""]","[""test500_timestamp/audio/syn_217""]","[""audio"", ""text""]",text,test
aha_q_1107,aha,"[""sound""]",How many times does each sound event occur?,"[""The cough occurs once, and the foghorn sounds twice.""]","[""The cough occurs twice, and the foghorn sounds once.""]","[""test500_timestamp/audio/syn_218""]","[""audio"", ""text""]",text,test
aha_q_1108,aha,"[""sound""]",What is the chronological order of the sound events in this audio?,"[""Baby laughter occurs first, followed by bleating.""]","[""Bleating occurs first, then baby laughter.""]","[""test500_timestamp/audio/syn_221""]","[""audio"", ""text""]",text,test
aha_q_1109,aha,"[""sound""]",What is the temporal structure of this audio clip?,"[""A shout occurs first, then an emergency vehicle sound follows.""]","[""The emergency vehicle sound occurs before the shout.""]","[""test500_timestamp/audio/syn_222""]","[""audio"", ""text""]",text,test
aha_q_1110,aha,"[""sound""]",How many times does each sound event occur?,"[""The telephone rings twice.""]","[""The telephone rings once, and there are no other sounds.""]","[""test500_timestamp/audio/syn_231""]","[""audio"", ""text""]",text,test
aha_q_1111,aha,"[""sound""]",How many times does each sound event occur?,"[""The cough occurs twice and the electric razor once.""]","[""The cough occurs once and the electric razor occurs twice.""]","[""test500_timestamp/audio/syn_233""]","[""audio"", ""text""]",text,test
aha_q_1112,aha,"[""sound""]",How many times does each sound event occur?,"[""Static occurs twice, screaming occurs once.""]","[""Static occurs once, screaming occurs twice.""]","[""test500_timestamp/audio/syn_234""]","[""audio"", ""text""]",text,test
aha_q_1113,aha,"[""sound""]",What is the chronological order of the sound events in this audio?,"[""Whooshing sound, hiccup, fire engine siren.""]","[""Hiccup, whooshing sound, fire engine siren.""]","[""test500_timestamp/audio/syn_236""]","[""audio"", ""text""]",text,test
aha_q_1114,aha,"[""sound""]",How many times does each sound event occur?,"[""The alarm occurs twice and the buzzer occurs twice.""]","[""The alarm occurs once and the buzzer occurs once.""]","[""test500_timestamp/audio/syn_237""]","[""audio"", ""text""]",text,test
aha_q_1115,aha,"[""sound""]",What is the chronological order of the sound events in this audio?,"[""Duck quacks, then laughter, then sawing noises.""]","[""Laughter occurs first, followed by duck quacks, then sawing noises.""]","[""test500_timestamp/audio/syn_241""]","[""audio"", ""text""]",text,test
aha_q_1116,aha,"[""sound""]",What is the temporal structure of this audio clip?,"[""A burping occurs first, followed by a waterfall sound.""]","[""The waterfall sound occurs first, then the burping.""]","[""test500_timestamp/audio/syn_245""]","[""audio"", ""text""]",text,test
aha_q_1117,aha,"[""sound""]",What is the chronological order of the sound events in this audio?,"[""The cat meows first, then whistles.""]","[""The whistle occurs first, then the cat meows twice.""]","[""test500_timestamp/audio/syn_246""]","[""audio"", ""text""]",text,test
aha_q_1118,aha,"[""sound""]",What is the temporal structure of this audio clip?,"[""Toilet flush occurs first, followed by a fart sound.""]","[""The fart sound occurs first, then the toilet flush.""]","[""test500_timestamp/audio/syn_247""]","[""audio"", ""text""]",text,test
aha_q_1119,aha,"[""sound""]",What is the temporal structure of this audio clip?,"[""The horse neighs first, then the pig oinks.""]","[""The pig oinks first, then the horse neighs.""]","[""test500_timestamp/audio/syn_250""]","[""audio"", ""text""]",text,test
aha_q_1120,aha,"[""sound""]",What is the temporal structure of this audio clip?,"[""Ticking sounds occur first, then the lawn mower.""]","[""The lawn mower occurs before the ticking sounds.""]","[""test500_timestamp/audio/syn_257""]","[""audio"", ""text""]",text,test
aha_q_1121,aha,"[""sound""]",How many times does each sound event occur?,"[""Snoring occurs twice, and a clang occurs once.""]","[""Snoring occurs three times, and a clang occurs twice.""]","[""test500_timestamp/audio/syn_26""]","[""audio"", ""text""]",text,test
aha_q_1122,aha,"[""sound""]",How many times does each sound event occur?,"[""Screaming occurs once; slamming sounds occur twice.""]","[""Screaming occurs twice; slamming sounds occur once.""]","[""test500_timestamp/audio/syn_260""]","[""audio"", ""text""]",text,test
aha_q_1123,aha,"[""sound""]",What is the temporal structure of this audio clip?,"[""The electric shaver buzzes first, then engine knocking occurs later.""]","[""The engine knocking occurs first, then the electric shaver buzzes.""]","[""test500_timestamp/audio/syn_263""]","[""audio"", ""text""]",text,test
aha_q_1124,aha,"[""sound""]",How many times does each sound event occur?,"[""The air horn occurs once, and the hammer strikes occur three times.""]","[""The air horn occurs twice, and the hammer strikes happen three times.""]","[""test500_timestamp/audio/syn_267""]","[""audio"", ""text""]",text,test
aha_q_1125,aha,"[""sound""]",How many times does each sound event occur?,"[""Water occurs twice, and baby crying occurs once.""]","[""Water occurs once, and baby crying occurs twice.""]","[""test500_timestamp/audio/syn_27""]","[""audio"", ""text""]",text,test
aha_q_1126,aha,"[""sound""]",What is the temporal structure of this audio clip?,"[""An air horn blast occurs first, followed by a civil defense siren.""]","[""The civil defense siren occurs first, then the air horn blast.""]","[""test500_timestamp/audio/syn_270""]","[""audio"", ""text""]",text,test
aha_q_1127,aha,"[""sound""]",What is the temporal structure of this audio clip?,"[""The door slams first, then the saw runs.""]","[""The saw runs first, then the door slams.""]","[""test500_timestamp/audio/syn_271""]","[""audio"", ""text""]",text,test
aha_q_1128,aha,"[""sound""]",How many times does each sound event occur?,"[""The train horn occurs once, and the cricket chirping occurs twice.""]","[""The train horn occurs three times, and the cricket chirping occurs once.""]","[""test500_timestamp/audio/syn_275""]","[""audio"", ""text""]",text,test
aha_q_1129,aha,"[""sound""]",What is the chronological order of the sound events in this audio?,"[""First a jangle sound, then a sound effect.""]","[""A sound effect occurs first, followed by a jangle sound.""]","[""test500_timestamp/audio/syn_277""]","[""audio"", ""text""]",text,test
aha_q_1130,aha,"[""sound""]",How many times does each sound event occur?,"[""The dial tone occurs three times.""]","[""The dial tone occurs twice.""]","[""test500_timestamp/audio/syn_278""]","[""audio"", ""text""]",text,test
aha_q_1131,aha,"[""sound""]",What is the chronological order of the sound events in this audio?,"[""The cat meows, then another meow, followed by thunder.""]","[""The thunder occurs before the cat meows twice.""]","[""test500_timestamp/audio/syn_280""]","[""audio"", ""text""]",text,test
aha_q_1132,aha,"[""sound""]",What is the temporal structure of this audio clip?,"[""The female singing occurs first, followed by crumpling sounds.""]","[""The crumpling sounds occur before the female singing.""]","[""test500_timestamp/audio/syn_284""]","[""audio"", ""text""]",text,test
aha_q_1133,aha,"[""sound""]",What is the temporal structure of this audio clip?,"[""Ticking sound then drilling noises.""]","[""Drilling noises then ticking sound.""]","[""test500_timestamp/audio/syn_285""]","[""audio"", ""text""]",text,test
aha_q_1134,aha,"[""sound""]",How many times does each sound event occur?,"[""The yip occurs once and the police siren occurs once.""]","[""The yip occurs twice and the police siren occurs three times.""]","[""test500_timestamp/audio/syn_287""]","[""audio"", ""text""]",text,test
aha_q_1135,aha,"[""sound""]",How many distinct sound events occur in this sequence?,"[""Two sound events occur: crickets chirping and whistling.""]","[""Three sound events occur: crickets chirping, a bell ringing, and whistling.""]","[""test500_timestamp/audio/syn_289""]","[""audio"", ""text""]",text,test
aha_q_1136,aha,"[""sound""]",How many times does each sound event occur?,"[""The baby laughs once and the gunshots occur twice.""]","[""The baby laughs three times and the gunshots occur once.""]","[""test500_timestamp/audio/syn_290""]","[""audio"", ""text""]",text,test
aha_q_1137,aha,"[""sound""]",What is the temporal structure of this audio clip?,"[""The child sings first, then a car passes by.""]","[""The car passes by first, then the child sings.""]","[""test500_timestamp/audio/syn_291""]","[""audio"", ""text""]",text,test
aha_q_1138,aha,"[""sound""]",Which sound event has the longest duration?,"[""The waves have the longest duration.""]","[""The clock ticking has the longest duration.""]","[""test500_timestamp/audio/syn_294""]","[""audio"", ""text""]",text,test
aha_q_1139,aha,"[""sound""]",What is the chronological order of the sound events in this audio?,"[""The ding occurs first, then the croaking sounds follow.""]","[""The croaking sounds occur first, then the ding.""]","[""test500_timestamp/audio/syn_296""]","[""audio"", ""text""]",text,test
aha_q_1140,aha,"[""sound""]",How many times does each sound event occur?,"[""Train horn occurs three times, bark occurs once.""]","[""Train horn occurs twice, bark occurs twice.""]","[""test500_timestamp/audio/syn_299""]","[""audio"", ""text""]",text,test
aha_q_1141,aha,"[""sound""]",How many times does each sound event occur?,"[""The cat meows three times.""]","[""The cat meows twice.""]","[""test500_timestamp/audio/syn_30""]","[""audio"", ""text""]",text,test
aha_q_1142,aha,"[""sound""]",How many times does each sound event occur?,"[""The bird vocalizes three times and the lawn mower runs once.""]","[""The bird vocalizes once and the lawn mower runs twice.""]","[""test500_timestamp/audio/syn_302""]","[""audio"", ""text""]",text,test
aha_q_1143,aha,"[""sound""]",What is the chronological order of the sound events in this audio?,"[""The buzz occurs first, then the growling.""]","[""The growling occurs first, then the buzz.""]","[""test500_timestamp/audio/syn_305""]","[""audio"", ""text""]",text,test
aha_q_1144,aha,"[""sound""]",What is the chronological order of the sound events in this audio?,"[""Child singing, then child singing again, then shout.""]","[""Child singing, shout, then child singing again.""]","[""test500_timestamp/audio/syn_311""]","[""audio"", ""text""]",text,test
aha_q_1145,aha,"[""sound""]",What is the chronological order of the sound events in this audio?,"[""The foghorn blares twice, first from 1.583 to 5.293 seconds, then from 6.285 to 9.995 seconds.""]","[""The foghorn blares once at the start, followed by a loud siren.""]","[""test500_timestamp/audio/syn_312""]","[""audio"", ""text""]",text,test
aha_q_1146,aha,"[""sound""]",What is the temporal structure of this audio clip?,"[""Clang occurs first, then burping occurs afterward.""]","[""Burping occurs first, then clang happens later.""]","[""test500_timestamp/audio/syn_313""]","[""audio"", ""text""]",text,test
aha_q_1147,aha,"[""sound""]",What is the temporal structure of this audio clip?,"[""The howl occurs first, then the ticking of the clock.""]","[""The ticking of a clock occurs before the howl.""]","[""test500_timestamp/audio/syn_314""]","[""audio"", ""text""]",text,test
aha_q_1148,aha,"[""sound""]",How many distinct sound events occur in this sequence?,"[""Two sound events occur in this sequence.""]","[""Three sound events occur in this sequence.""]","[""test500_timestamp/audio/syn_318""]","[""audio"", ""text""]",text,test
aha_q_1149,aha,"[""sound""]",What is the temporal structure of this audio clip?,"[""The whistle occurs first, followed by the jet engine roar.""]","[""The jet engine roars first, then the whistle.""]","[""test500_timestamp/audio/syn_324""]","[""audio"", ""text""]",text,test
aha_q_1150,aha,"[""sound""]",How many times does each sound event occur?,"[""The whooshing sound occurs twice, and the clock ticking occurs once.""]","[""The whooshing sound occurs three times, and the clock ticking occurs twice.""]","[""test500_timestamp/audio/syn_325""]","[""audio"", ""text""]",text,test
aha_q_1151,aha,"[""sound""]",What is the chronological order of the sound events in this audio?,"[""A howl occurs first, then a clang, and then another howl.""]","[""The clang occurs before both howls in the audio.""]","[""test500_timestamp/audio/syn_326""]","[""audio"", ""text""]",text,test
aha_q_1152,aha,"[""sound""]",What is the temporal structure of this audio clip?,"[""Biting occurs first, then a chainsaw.""]","[""The chainsaw occurs before the biting.""]","[""test500_timestamp/audio/syn_329""]","[""audio"", ""text""]",text,test
aha_q_1153,aha,"[""sound""]",What is the chronological order of the sound events in this audio?,"[""Sanding occurs first, then the door sound.""]","[""The door sound occurs first, followed by sanding.""]","[""test500_timestamp/audio/syn_33""]","[""audio"", ""text""]",text,test
aha_q_1154,aha,"[""sound""]",What is the temporal structure of this audio clip?,"[""The alarm rings twice, followed by sound effects at two different times.""]","[""The sound effects occur first, then the alarm rings twice.""]","[""test500_timestamp/audio/syn_331""]","[""audio"", ""text""]",text,test
aha_q_1155,aha,"[""sound""]",How many times does the engine accelerate in this sequence?,"[""The engine accelerates twice.""]","[""The engine accelerates once.""]","[""test500_timestamp/audio/syn_336""]","[""audio"", ""text""]",text,test
aha_q_1156,aha,"[""sound""]",What is the temporal structure of this audio clip?,"[""Snoring occurs twice, then a gunshot follows.""]","[""Snoring occurs once and then a dog bark, followed by a gunshot.""]","[""test500_timestamp/audio/syn_337""]","[""audio"", ""text""]",text,test
aha_q_1157,aha,"[""sound""]",How many times does each sound event occur?,"[""The cough occurs three times, and the yip occurs once.""]","[""The cough occurs twice, and the yip occurs twice.""]","[""test500_timestamp/audio/syn_338""]","[""audio"", ""text""]",text,test
aha_q_1158,aha,"[""sound""]",What is the chronological order of the sound events in this audio?,"[""Thunder occurs first, then the buzzer sounds.""]","[""The buzzer sounds first, then the thunder occurs.""]","[""test500_timestamp/audio/syn_34""]","[""audio"", ""text""]",text,test
aha_q_1159,aha,"[""sound""]",What is the temporal structure of this audio clip?,"[""Hiss occurs first, followed by the power saw.""]","[""The power saw occurs first, then the hiss.""]","[""test500_timestamp/audio/syn_341""]","[""audio"", ""text""]",text,test
aha_q_1160,aha,"[""sound""]",What is the chronological order of the sound events in this audio?,"[""A bird chirps first, followed by two dings.""]","[""The two dings occur first, then the bird chirps.""]","[""test500_timestamp/audio/syn_343""]","[""audio"", ""text""]",text,test
aha_q_1161,aha,"[""sound""]",What is the temporal structure of this audio clip?,"[""The water tap runs in two segments with a pause in between.""]","[""The water tap runs continuously without stopping.""]","[""test500_timestamp/audio/syn_35""]","[""audio"", ""text""]",text,test
aha_q_1162,aha,"[""sound""]",What is the chronological order of the sound events in this audio?,"[""The sneeze happens first from 1.495 to 2.33 seconds, then again from 2.921 to 3.756 seconds.""]","[""The sneeze occurs from 2.921 to 3.756 seconds, followed by another sneeze from 1.495 to 2.33 seconds.""]","[""test500_timestamp/audio/syn_350""]","[""audio"", ""text""]",text,test
aha_q_1163,aha,"[""sound""]",What is the temporal structure of this audio clip?,"[""The quack occurs first, then the lawn mower.""]","[""The lawn mower occurs before the quack.""]","[""test500_timestamp/audio/syn_351""]","[""audio"", ""text""]",text,test
aha_q_1164,aha,"[""sound""]",What is the temporal structure of this audio clip?,"[""Belly laugh occurs first, then crying and sobbing.""]","[""Crying and sobbing occur before the belly laugh.""]","[""test500_timestamp/audio/syn_356""]","[""audio"", ""text""]",text,test
aha_q_1165,aha,"[""sound""]",How many times does each sound event occur?,"[""The buzzer sounds twice and throat clearing occurs once.""]","[""The buzzer sounds three times and throat clearing happens twice.""]","[""test500_timestamp/audio/syn_357""]","[""audio"", ""text""]",text,test
aha_q_1166,aha,"[""sound""]",What is the temporal structure of this audio clip?,"[""The duck quacks three times, then static occurs.""]","[""The static occurs first, then the duck quacks three times.""]","[""test500_timestamp/audio/syn_359""]","[""audio"", ""text""]",text,test
aha_q_1167,aha,"[""sound""]",How many distinct sound events occur in this sequence?,"[""Two sound events occur.""]","[""Three sound events occur in the sequence.""]","[""test500_timestamp/audio/syn_36""]","[""audio"", ""text""]",text,test
aha_q_1168,aha,"[""sound""]",How many times does each sound event occur?,"[""The busy signal occurs three times, and the chuckle occurs once.""]","[""The busy signal occurs twice, and the chuckle occurs twice.""]","[""test500_timestamp/audio/syn_364""]","[""audio"", ""text""]",text,test
aha_q_1169,aha,"[""sound""]",How many times does each sound event occur?,"[""The telephone rings twice, and the oink occurs once.""]","[""The telephone rings three times, and the oink occurs twice.""]","[""test500_timestamp/audio/syn_366""]","[""audio"", ""text""]",text,test
aha_q_1170,aha,"[""sound""]",What is the chronological order of the sound events in this audio?,"[""The bird vocalizes first from 1.224 to 6.75 seconds, then again from 7.356 to 10 seconds.""]","[""The bird vocalizes from 1.224 to 6.75 seconds, then the bird vocalizes again from 7.356 to 10 seconds.""]","[""test500_timestamp/audio/syn_368""]","[""audio"", ""text""]",text,test
aha_q_1171,aha,"[""sound""]",What is the temporal structure of this audio clip?,"[""Knock occurs first, then screaming follows.""]","[""Screaming occurs first, then knocking.""]","[""test500_timestamp/audio/syn_369""]","[""audio"", ""text""]",text,test
aha_q_1172,aha,"[""sound""]",What is the temporal structure of this audio clip?,"[""Sanding occurs first, then howling in two segments.""]","[""The audio starts with howling, followed by sanding, then more howling.""]","[""test500_timestamp/audio/syn_37""]","[""audio"", ""text""]",text,test
aha_q_1173,aha,"[""sound""]",What is the temporal structure of this audio clip?,"[""Gunshots occur first, then filing sounds.""]","[""The filing sounds occur before the gunshots.""]","[""test500_timestamp/audio/syn_371""]","[""audio"", ""text""]",text,test
aha_q_1174,aha,"[""sound""]",What is the temporal structure of this audio clip?,"[""The drill occurs twice, first from 1.134 to 1.672 seconds and again from 2.781 to 5.45 seconds, followed by a telephone ringing from 7.024 to 10 seconds.""]","[""The telephone rings first, then the drill sounds occur afterward.""]","[""test500_timestamp/audio/syn_372""]","[""audio"", ""text""]",text,test
aha_q_1175,aha,"[""sound""]",How many times does each sound event occur?,"[""Hiss occurs twice; clanking dishes occurs once.""]","[""Hiss occurs once; clanking dishes occurs twice.""]","[""test500_timestamp/audio/syn_374""]","[""audio"", ""text""]",text,test
aha_q_1176,aha,"[""sound""]",How many times does each sound event occur?,"[""Gurgling and bubbling occur twice.""]","[""Gurgling and bubbling occur three times.""]","[""test500_timestamp/audio/syn_375""]","[""audio"", ""text""]",text,test
aha_q_1177,aha,"[""sound""]",What is the chronological order of the sound events in this audio?,"[""Baby's cry, then baby's cry again, then drill.""]","[""The drill occurs before the baby's cry.""]","[""test500_timestamp/audio/syn_383""]","[""audio"", ""text""]",text,test
aha_q_1178,aha,"[""sound""]",What is the chronological order of the sound events in this audio?,"[""Whistle occurs first, then the whip sound.""]","[""The whip sound occurs before the whistle, and the whistle happens only once.""]","[""test500_timestamp/audio/syn_385""]","[""audio"", ""text""]",text,test
aha_q_1179,aha,"[""sound""]",How many times does each sound event occur?,"[""A shout occurs once; toilet flushes occur twice.""]","[""The shout occurs twice; the toilet flushes occur once.""]","[""test500_timestamp/audio/syn_386""]","[""audio"", ""text""]",text,test
aha_q_1180,aha,"[""sound""]",What is the chronological order of the sound events in this audio?,"[""Whistling occurs first, then the dental drill sound.""]","[""The dental drill sound occurs first, then the whistling.""]","[""test500_timestamp/audio/syn_391""]","[""audio"", ""text""]",text,test
aha_q_1181,aha,"[""sound""]",What is the temporal structure of this audio clip?,"[""The machine gun fires first, then the insect buzzes afterward.""]","[""The insect buzzes first, then the machine gun fires.""]","[""test500_timestamp/audio/syn_392""]","[""audio"", ""text""]",text,test
aha_q_1182,aha,"[""sound""]",What is the sequence of sounds from start to finish?,"[""The whistle occurs first, then the air horn or truck horn.""]","[""The air horn occurs first, then the whistle.""]","[""test500_timestamp/audio/syn_395""]","[""audio"", ""text""]",text,test
aha_q_1183,aha,"[""sound""]",What is the chronological order of the sound events in this audio?,"[""Explosion, then plop sounds.""]","[""The plop sounds occur before the explosions.""]","[""test500_timestamp/audio/syn_401""]","[""audio"", ""text""]",text,test
aha_q_1184,aha,"[""sound""]",What is the chronological order of the sound events in this audio?,"[""The train horn blares first, then the insect buzzing.""]","[""The insect buzzing occurs first, followed by the train horn blaring.""]","[""test500_timestamp/audio/syn_402""]","[""audio"", ""text""]",text,test
aha_q_1185,aha,"[""sound""]",What is the chronological order of the sound events in this audio?,"[""Power tool then neighing sound.""]","[""Neighing sound then power tool.""]","[""test500_timestamp/audio/syn_405""]","[""audio"", ""text""]",text,test
aha_q_1186,aha,"[""sound""]",What is the temporal structure of this audio clip?,"[""The whooshing sound occurs first, then the vacuum cleaner running.""]","[""The vacuum cleaner runs first, then the whooshing sound.""]","[""test500_timestamp/audio/syn_408""]","[""audio"", ""text""]",text,test
aha_q_1187,aha,"[""sound""]",What is the chronological order of the sound events in this audio?,"[""The quack occurs first, followed by the hiccup, then the liquid sounds.""]","[""The hiccup occurs first, then the liquid sounds, and finally the quack.""]","[""test500_timestamp/audio/syn_41""]","[""audio"", ""text""]",text,test
aha_q_1188,aha,"[""sound""]",How many distinct sound events occur in this sequence?,"[""Two sound events occur in the sequence.""]","[""Three sound events occur in the sequence.""]","[""test500_timestamp/audio/syn_416""]","[""audio"", ""text""]",text,test
aha_q_1189,aha,"[""sound""]",What is the chronological order of the sound events in this audio?,"[""The car passes by first, followed by breathing.""]","[""The breathing occurs before the car passes by.""]","[""test500_timestamp/audio/syn_417""]","[""audio"", ""text""]",text,test
aha_q_1190,aha,"[""sound""]",What is the temporal structure of this audio clip?,"[""Laughter occurs first, then the alarm goes off twice.""]","[""The alarm goes off first, then the laughter.""]","[""test500_timestamp/audio/syn_420""]","[""audio"", ""text""]",text,test
aha_q_1191,aha,"[""sound""]",What is the chronological order of the sound events in this audio?,"[""Door opens, then door opens again, followed by three whooshing sounds.""]","[""The door opens first, then the whooshing sounds, and the door opens again later.""]","[""test500_timestamp/audio/syn_421""]","[""audio"", ""text""]",text,test
aha_q_1192,aha,"[""sound""]",Does the police car siren occur more than once?,"[""Yes, it occurs twice.""]","[""No, it occurs only once.""]","[""test500_timestamp/audio/syn_423""]","[""audio"", ""text""]",text,test
aha_q_1193,aha,"[""sound""]",What is the chronological order of the sound events in this audio?,"[""The slap and smack occur first, followed by the bell.""]","[""The bell occurs before the slap and smack.""]","[""test500_timestamp/audio/syn_425""]","[""audio"", ""text""]",text,test
aha_q_1194,aha,"[""sound""]",What is the chronological order of the sound events in this audio?,"[""Dog barks first, then toilet flushes follow.""]","[""The toilet flushes first, then the dog barks.""]","[""test500_timestamp/audio/syn_427""]","[""audio"", ""text""]",text,test
aha_q_1195,aha,"[""sound""]",How many times does each sound event occur?,"[""The oink sound occurs three times and the glass shattering occurs once.""]","[""The oink sound occurs twice and the glass shattering occurs twice.""]","[""test500_timestamp/audio/syn_428""]","[""audio"", ""text""]",text,test
aha_q_1196,aha,"[""sound""]",What is the chronological order of the sound events in this audio?,"[""A giggle occurs first, followed by insect sounds.""]","[""Insect sounds occur before the giggle.""]","[""test500_timestamp/audio/syn_429""]","[""audio"", ""text""]",text,test
aha_q_1197,aha,"[""sound""]",What is the chronological order of the sound events in this audio?,"[""Someone speaks first, then crying or sobbing occurs later.""]","[""Crying or sobbing occurs first, then someone speaks.""]","[""test500_timestamp/audio/syn_430""]","[""audio"", ""text""]",text,test
aha_q_1198,aha,"[""sound""]",What is the chronological order of the sound events in this audio?,"[""The air horn blares first, then the dings occur afterward.""]","[""The dings come first, then the air horn blares.""]","[""test500_timestamp/audio/syn_432""]","[""audio"", ""text""]",text,test
aha_q_1199,aha,"[""sound""]",What is the temporal structure of this audio clip?,"[""The duck quacks first, then the dog whimpers, followed by the steam whistle.""]","[""The steam whistle blows first, then the duck quacks, and the dog whimpers.""]","[""test500_timestamp/audio/syn_434""]","[""audio"", ""text""]",text,test
aha_q_1200,aha,"[""sound""]",How many times does each sound event occur?,"[""The tire squeal and skidding each occur twice.""]","[""The tire squeal occurs once and skidding occurs twice.""]","[""test500_timestamp/audio/syn_438""]","[""audio"", ""text""]",text,test
aha_q_1201,aha,"[""sound""]",What is the temporal structure of this audio clip?,"[""The steam whistle occurs first, followed by the slap and smack sound.""]","[""The slap and smack sound occur first, then the steam whistle.""]","[""test500_timestamp/audio/syn_439""]","[""audio"", ""text""]",text,test
aha_q_1202,aha,"[""sound""]",How many times does each sound event occur?,"[""The machine gun fires twice, the bell occurs once.""]","[""The machine gun fires three times, the bell occurs twice.""]","[""test500_timestamp/audio/syn_442""]","[""audio"", ""text""]",text,test
aha_q_1203,aha,"[""sound""]",What is the temporal structure of this audio clip?,"[""Sanding occurs in two segments, followed by a bird call.""]","[""The bird call occurs before the sanding sounds.""]","[""test500_timestamp/audio/syn_443""]","[""audio"", ""text""]",text,test
aha_q_1204,aha,"[""sound""]",What is the chronological order of the sound events in this audio?,"[""Mosquito buzzes first, then quacking occurs twice.""]","[""The quacking happens first, then the mosquito buzzes.""]","[""test500_timestamp/audio/syn_446""]","[""audio"", ""text""]",text,test
aha_q_1205,aha,"[""sound""]",How many times does each sound event occur?,"[""Explosion occurs twice, buzzer occurs once.""]","[""Explosion occurs once, buzzer occurs twice.""]","[""test500_timestamp/audio/syn_447""]","[""audio"", ""text""]",text,test
aha_q_1206,aha,"[""sound""]",What is the chronological order of the sound events in this audio?,"[""The yip occurs before the power saw sound.""]","[""The power saw sound occurs before the yip.""]","[""test500_timestamp/audio/syn_449""]","[""audio"", ""text""]",text,test
aha_q_1207,aha,"[""sound""]",How many distinct sound events occur in this sequence?,"[""Two sound events occur.""]","[""One sound event occurs throughout the clip.""]","[""test500_timestamp/audio/syn_450""]","[""audio"", ""text""]",text,test
aha_q_1208,aha,"[""sound""]",What is the temporal structure of this audio clip?,"[""The whip crack occurs twice, first from 0.706 to 1.152 seconds and then from 2.075 to 2.521 seconds.""]","[""The whip crack happens only once, and it occurs after 2 seconds.""]","[""test500_timestamp/audio/syn_451""]","[""audio"", ""text""]",text,test
aha_q_1209,aha,"[""sound""]",What is the temporal structure of this audio clip?,"[""Speech is followed by static.""]","[""Static occurs first, then speech follows.""]","[""test500_timestamp/audio/syn_452""]","[""audio"", ""text""]",text,test
aha_q_1210,aha,"[""sound""]",What is the chronological order of the sound events in this audio?,"[""A shout occurs first, followed by an accelerating revving sound.""]","[""The revving sound occurs first, then the shout.""]","[""test500_timestamp/audio/syn_454""]","[""audio"", ""text""]",text,test
aha_q_1211,aha,"[""sound""]",What is the temporal structure of this audio clip?,"[""Squeaks, then a quack, then singing.""]","[""A squeak is followed directly by singing, with a quack somewhere in between.""]","[""test500_timestamp/audio/syn_456""]","[""audio"", ""text""]",text,test
aha_q_1212,aha,"[""sound""]",How many times does the bleat occur?,"[""The bleat occurs twice.""]","[""The bleat occurs three times.""]","[""test500_timestamp/audio/syn_459""]","[""audio"", ""text""]",text,test
aha_q_1213,aha,"[""sound""]",What is the chronological order of the sound events in this audio?,"[""Whistling occurs first, followed by aircraft noise.""]","[""Aircraft noise occurs first, followed by whistling.""]","[""test500_timestamp/audio/syn_460""]","[""audio"", ""text""]",text,test
aha_q_1214,aha,"[""sound""]",Does the cat occur more than once?,"[""Yes, the cat meows twice.""]","[""No, the cat meows only once.""]","[""test500_timestamp/audio/syn_463""]","[""audio"", ""text""]",text,test
aha_q_1215,aha,"[""sound""]",What is the chronological order of the sound events in this audio?,"[""Telephone dialing with DTMF tones occurs first, then again later, followed by a continuous telephone ring.""]","[""The continuous telephone ring occurs first, then the DTMF tones, and the telephone dialing occurs afterward.""]","[""test500_timestamp/audio/syn_469""]","[""audio"", ""text""]",text,test
aha_q_1216,aha,"[""sound""]",What is the temporal structure of this audio clip?,"[""A groan is heard first, followed by sanding sounds.""]","[""The sanding sounds occur before the groan.""]","[""test500_timestamp/audio/syn_470""]","[""audio"", ""text""]",text,test
aha_q_1217,aha,"[""sound""]",What is the chronological order of the sound events in this audio?,"[""Sanding occurs first, then the waterfall sound.""]","[""The waterfall sound occurs before the sanding.""]","[""test500_timestamp/audio/syn_473""]","[""audio"", ""text""]",text,test
aha_q_1218,aha,"[""sound""]",How many times does each sound event occur?,"[""Breaking occurs twice, hiccup occurs once.""]","[""Breaking occurs twice, hiccup occurs twice.""]","[""test500_timestamp/audio/syn_474""]","[""audio"", ""text""]",text,test
aha_q_1219,aha,"[""sound""]",What is the temporal structure of this audio clip?,"[""Gunshots then rain.""]","[""Rain then gunshots.""]","[""test500_timestamp/audio/syn_476""]","[""audio"", ""text""]",text,test
aha_q_1220,aha,"[""sound""]",What is the temporal structure of this audio clip?,"[""Spray, then tearing.""]","[""Spray occurs first, followed by tearing.""]","[""test500_timestamp/audio/syn_477""]","[""audio"", ""text""]",text,test
aha_q_1221,aha,"[""sound""]",How many times does each sound event occur?,"[""Throat clearing occurs twice; electric shaver occurs once.""]","[""Throat clearing occurs once; electric shaver occurs twice.""]","[""test500_timestamp/audio/syn_479""]","[""audio"", ""text""]",text,test
aha_q_1222,aha,"[""sound""]",What is the temporal structure of this audio clip?,"[""The drill occurs twice, first from 1.127 to 3.796 seconds, then again from 4.308 to 6.908 seconds, followed by knocking from 8.835 to 9.807 seconds.""]","[""The drill happens only once, and there is knocking at the end of the clip.""]","[""test500_timestamp/audio/syn_48""]","[""audio"", ""text""]",text,test
aha_q_1223,aha,"[""sound""]",What is the temporal structure of this audio clip?,"[""Whistling occurs twice, then an aircraft engine sounds later.""]","[""The aircraft engine sounds before the whistling.""]","[""test500_timestamp/audio/syn_481""]","[""audio"", ""text""]",text,test
aha_q_1224,aha,"[""sound""]",What is the temporal structure of this audio clip?,"[""Crying and sobbing occur in two segments separated by a pause.""]","[""Crying and sobbing happen continuously without interruption.""]","[""test500_timestamp/audio/syn_483""]","[""audio"", ""text""]",text,test
aha_q_1225,aha,"[""sound""]",What is the temporal structure of this audio clip?,"[""The phone rings twice, with a pause in between.""]","[""The phone rings once, then there is a period of silence.""]","[""test500_timestamp/audio/syn_491""]","[""audio"", ""text""]",text,test
aha_q_1226,aha,"[""sound""]",What is the temporal structure of this audio clip?,"[""Glass shatters twice, then a baby laughs twice.""]","[""A baby laughs twice, then glass shatters twice.""]","[""test500_timestamp/audio/syn_492""]","[""audio"", ""text""]",text,test
aha_q_1227,aha,"[""sound""]",What is the chronological order of the sound events in this audio?,"[""Thunder rumbles twice, first from 1.144 to 6.974 seconds, then again from 7.739 to 10.0 seconds.""]","[""Thunder rumbles from 1.144 to 6.974 seconds first, then again from 8.0 to 10.0 seconds.""]","[""test500_timestamp/audio/syn_496""]","[""audio"", ""text""]",text,test
aha_q_1228,aha,"[""sound""]",How many times does each sound event occur?,"[""The cock crows twice and the sawing occurs once.""]","[""The cock crows twice and the sawing occurs twice.""]","[""test500_timestamp/audio/syn_498""]","[""audio"", ""text""]",text,test
aha_q_1229,aha,"[""sound""]",What is the temporal structure of this audio clip?,"[""The mosquito buzzes first, followed by the liquid sound.""]","[""The liquid sound occurs first, then the mosquito buzzes.""]","[""test500_timestamp/audio/syn_50""]","[""audio"", ""text""]",text,test
aha_q_1230,aha,"[""sound""]",What is the chronological order of the sound events in this audio?,"[""The tire squeals and skids first, then the fire engine siren.""]","[""The fire engine siren occurs first, then the tire squeals and skids.""]","[""test500_timestamp/audio/syn_51""]","[""audio"", ""text""]",text,test
aha_q_1231,aha,"[""sound""]",What is the chronological order of the sound events in this audio?,"[""A chuckle occurs first, then a busy signal.""]","[""The busy signal occurs first, followed by the chuckle.""]","[""test500_timestamp/audio/syn_53""]","[""audio"", ""text""]",text,test
aha_q_1232,aha,"[""sound""]",How many distinct sound events occur in this sequence?,"[""Two sound events occur in the sequence.""]","[""Three sound events occur in the sequence.""]","[""test500_timestamp/audio/syn_55""]","[""audio"", ""text""]",text,test
aha_q_1233,aha,"[""sound""]",What is the chronological order of the sound events in this audio?,"[""Whistle, then ding at 4.67-4.978 s, another at 6.136-6.444 s, and a final at 7.482-7.79 s.""]","[""The dings occur before the whistle, with the whistle happening after all the dings.""]","[""test500_timestamp/audio/syn_58""]","[""audio"", ""text""]",text,test
aha_q_1234,aha,"[""sound""]",How many times does each sound event occur?,"[""The train whistle occurs twice; the power tool occurs once.""]",[],"[""test500_timestamp/audio/syn_6""]","[""audio"", ""text""]",text,test
aha_q_1235,aha,"[""sound""]",How many distinct sound events occur in this sequence?,"[""Three sound events occur: a whooshing sound, another whooshing sound, and a waterfall sound.""]","[""Four sounds occur: two whooshing sounds, a waterfall, and a bird chirping.""]","[""test500_timestamp/audio/syn_60""]","[""audio"", ""text""]",text,test
aha_q_1236,aha,"[""sound""]",How many distinct sound events occur in this sequence?,"[""Two sound events occur.""]","[""Three sound events occur.""]","[""test500_timestamp/audio/syn_64""]","[""audio"", ""text""]",text,test
aha_q_1237,aha,"[""sound""]",What is the temporal structure of this audio clip?,"[""A chirp and tweet occur first, followed by a buzzer, then a slap and smack.""]","[""The buzzer is heard before the chirp and tweet, then the slap and smack.""]","[""test500_timestamp/audio/syn_66""]","[""audio"", ""text""]",text,test
aha_q_1238,aha,"[""sound""]",How many distinct sound events occur in this sequence?,"[""Three sound events occur.""]","[""Two sound events occur.""]","[""test500_timestamp/audio/syn_68""]","[""audio"", ""text""]",text,test
aha_q_1239,aha,"[""sound""]",What is the chronological order of the sound events in this audio?,"[""Gurgling and bubbling occur first, followed by intermittent telephone dialing.""]","[""The telephone dialing occurs first, then gurgling and bubbling later.""]","[""test500_timestamp/audio/syn_69""]","[""audio"", ""text""]",text,test
aha_q_1240,aha,"[""sound""]",What is the chronological order of the sound events in this audio?,"[""The dog barks first, then again, followed by the rasp sound.""]","[""The rasp sound occurs first, then the dog barks.""]","[""test500_timestamp/audio/syn_7""]","[""audio"", ""text""]",text,test
aha_q_1241,aha,"[""sound""]",What is the temporal structure of this audio clip?,"[""The car passes by first, then the beeping sounds follow.""]","[""The beeping sounds occur before the car passes by.""]","[""test500_timestamp/audio/syn_74""]","[""audio"", ""text""]",text,test
aha_q_1242,aha,"[""sound""]",What is the temporal structure of this audio clip?,"[""A neigh occurs, then rustling.""]","[""A neigh occurs, then a gunshot.""]","[""test500_timestamp/audio/syn_80""]","[""audio"", ""text""]",text,test
aha_q_1243,aha,"[""sound""]",What is the chronological order of the sound events in this audio?,"[""The car passes by first, then someone sneezes.""]","[""Someone sneezes first, then a car passes by.""]","[""test500_timestamp/audio/syn_81""]","[""audio"", ""text""]",text,test
aha_q_1244,aha,"[""sound""]",What is the chronological order of the sound events in this audio?,"[""Hiccups occur first, followed by crying and sobbing.""]","[""Crying and sobbing occur first, then hiccups.""]","[""test500_timestamp/audio/syn_82""]","[""audio"", ""text""]",text,test
aha_q_1245,aha,"[""sound""]",What is the chronological order of the sound events in this audio?,"[""The revving vroom occurs first from 1.712 to 5.995 seconds, then again from 7.342 to 10 seconds.""]",[],"[""test500_timestamp/audio/syn_83""]","[""audio"", ""text""]",text,test
aha_q_1246,aha,"[""sound""]",What is the temporal structure of this audio clip?,"[""A groan is heard first, then an engine sound.""]","[""The engine sound is heard first, then the groan.""]","[""test500_timestamp/audio/syn_84""]","[""audio"", ""text""]",text,test
aha_q_1247,aha,"[""sound""]",How many distinct sound events occur in this sequence?,"[""Two sound events occur.""]","[""Three sound events occur.""]","[""test500_timestamp/audio/syn_85""]","[""audio"", ""text""]",text,test
aha_q_1248,aha,"[""sound""]",What is the temporal structure of this audio clip?,"[""A fart occurs first, then two crowing sounds after.""]","[""The crowing happens first, then the fart occurs.""]","[""test500_timestamp/audio/syn_90""]","[""audio"", ""text""]",text,test
aha_q_1249,aha,"[""sound""]",What is the temporal structure of this audio clip?,"[""Sanding occurs in two main segments, followed by a spray sound.""]","[""Sanding occurs multiple times, and there is no spray sound.""]","[""test500_timestamp/audio/syn_94""]","[""audio"", ""text""]",text,test
aha_q_1250,aha,"[""sound""]",How many times does each sound event occur?,"[""The bird chirps twice and breathing once.""]","[""The bird chirps once and breathing twice.""]","[""test500_timestamp/audio/syn_95""]","[""audio"", ""text""]",text,test
aha_q_1251,aha,"[""sound""]",What is the chronological order of the sound events in this audio?,"[""The quack occurs before the passing car.""]","[""The passing car occurs before the quack.""]","[""test500_timestamp/audio/syn_96""]","[""audio"", ""text""]",text,test
