qid,benchmark,question,question_type,correct_answer,distractors,audio_url,category_1,category_2,category_3,category_4,caption,rejected_answer,split
aha_q_1,aha,What is the chronological order of the sound events in this audio?,mcq,"The cat meowed first, then the cowbell rang.","[""The cowbell rang first, then the cat meowed.""]",test500_duration/audio/syn_1,audio,temporal reasoning,temporal order,test,"A cat meowed for 1.092 seconds, followed by a cowbell ringing for 5.167 seconds.","The cowbell rang first, then the cat meowed.",test
aha_q_2,aha,How many times does each sound event occur?,mcq,The telephone rang once and the female sang once.,"[""The telephone rang twice and the female sang once.""]",test500_duration/audio/syn_102,audio,temporal reasoning,event counting,test,"A telephone rang for 1.276 seconds, then a female sang for 3.205 seconds.",The telephone rang twice and the female sang once.,test
aha_q_3,aha,What is the chronological order of the sound events in this audio?,mcq,"The paper rustled first, then the whip cracked.","[""The whip cracked first, then the paper rustled.""]",test500_duration/audio/syn_103,audio,temporal reasoning,temporal order,test,A paper rustled for 2.924 seconds and then a whip cracked for 0.63 seconds.,"The whip cracked first, then the paper rustled.",test
aha_q_4,aha,Which sound event has the longest duration?,mcq,Sanding has the longest duration.,"[""Whip cracked has the longest duration.""]",test500_duration/audio/syn_104,audio,temporal reasoning,duration comparison,test,"Sanding occurred for 1.819 seconds, then a whip cracked for 0.464 seconds.",Whip cracked has the longest duration.,test
aha_q_5,aha,Which sound event has the longest duration?,mcq,The whistle has the longest duration.,"[""The buzz has the longest duration.""]",test500_duration/audio/syn_105,audio,temporal reasoning,duration comparison,test,"A buzz occurred for 1.031 seconds, followed by a whistle lasting 1.386 seconds.",The buzz has the longest duration.,test
aha_q_6,aha,How many distinct sound events occur in this sequence?,mcq,Two sound events occur in this sequence.,"[""Three sound events occur in this sequence.""]",test500_duration/audio/syn_107,audio,temporal reasoning,event counting,test,"A person burped for 0.339 seconds, then the sound of a clock ticking followed for 0.427 seconds.",Three sound events occur in this sequence.,test
aha_q_7,aha,What is the temporal structure of this audio clip?,mcq,"Person breathing, then a ding, then a whistle.","[""A person breathed, a whistle, then a ding.""]",test500_duration/audio/syn_109,audio,temporal reasoning,temporal order,test,"A person breathed for 0.425 seconds, followed by a ding lasting 0.591 seconds, and a whistle for 1.126 seconds.","A person breathed, a whistle, then a ding.",test
aha_q_8,aha,What is the chronological order of the sound events in this audio?,mcq,"The squeak occurs first, followed by the quack.","[""The quack occurs first, followed by the squeak.""]",test500_duration/audio/syn_11,audio,temporal reasoning,temporal order,test,"A squeak lasted for 0.302 seconds, followed by a quack for 0.314 seconds.","The quack occurs first, followed by the squeak.",test
aha_q_9,aha,What is the chronological order of the sound events in this audio?,mcq,Rustling then machine gun firing.,"[""The machine gun fired first, then rustling occurred.""]",test500_duration/audio/syn_110,audio,temporal reasoning,temporal order,test,"A rustling occurred for 0.906 seconds, then a machine gun fired for 1.186 seconds.","The machine gun fired first, then rustling occurred.",test
aha_q_10,aha,How many distinct sound events occur in this sequence?,mcq,Three sound events occur.,"[""Two sound events occur.""]",test500_duration/audio/syn_112,audio,temporal reasoning,event counting,test,"A ticking sound occurred for 0.3 seconds, then laughter for 1.002 seconds, followed by a train horn for 1.071 seconds.",Two sound events occur.,test
aha_q_11,aha,Which sound event has the longest duration?,mcq,The civil defense siren wailed the longest.,"[""The person groaned the longest.""]",test500_duration/audio/syn_113,audio,temporal reasoning,duration comparison,test,"A person groaned for 1.219 seconds, then a civil defense soadern wailed for 4.409 seconds.",The person groaned the longest.,test
aha_q_12,aha,What is the temporal structure of this audio clip?,mcq,"The ticking sound occurs first, then the sanding sound.","[""The sanding sound occurs first, then the ticking sound.""]",test500_duration/audio/syn_114,audio,temporal reasoning,temporal order,test,"A ticking sound occurred for 0.329 seconds, followed by the sound of sanding for 1.717 seconds.","The sanding sound occurs first, then the ticking sound.",test
aha_q_13,aha,What is the chronological order of the sound events in this audio?,mcq,"The pig oinked first, then the telephone bell rang.","[""The telephone bell rang first, then the pig oinked.""]",test500_duration/audio/syn_115,audio,temporal reasoning,temporal order,test,"A pig oinked for 0.323 seconds, and then a telephone bell rang for 1.039 seconds.","The telephone bell rang first, then the pig oinked.",test
aha_q_14,aha,How many distinct sound events occur in this sequence?,mcq,Two sound events occur.,"[""Three sound events occur: a yip, a gunshot, and a scream.""]",test500_duration/audio/syn_116,audio,temporal reasoning,event counting,test,"A yip occurred for 1.268 seconds, followed by the sound of a gunshot for 1.548 seconds.","Three sound events occur: a yip, a gunshot, and a scream.",test
aha_q_15,aha,How many distinct sound events occur in this sequence?,mcq,Two sound events occur.,"[""Three sound events occur.""]",test500_duration/audio/syn_121,audio,temporal reasoning,event counting,test,"A gurgling, bubbling sound occurred for 3.192 seconds, then engine knocking followed for 2.03 seconds.",Three sound events occur.,test
aha_q_16,aha,What is the temporal structure of this audio clip?,mcq,"Hammer strikes first, then music plays.","[""Music starts first, then hammer strikes.""]",test500_duration/audio/syn_124,audio,temporal reasoning,temporal order,test,"A hammer struck for 0.25 seconds, followed by music playing for 5.555 seconds.","Music starts first, then hammer strikes.",test
aha_q_17,aha,What is the sequence of sounds from start to finish?,mcq,"The ship horn blared first, then the cough occurred.","[""The cough occurred before the ship horn.""]",test500_duration/audio/syn_127,audio,temporal reasoning,temporal order,test,"A ship horn blared for 3.409 seconds, then a cough occurred lasting 0.33 seconds.",The cough occurred before the ship horn.,test
aha_q_18,aha,What is the temporal structure of this audio clip?,mcq,"Yip occurs first, then paper rustles.","[""Paper rustles first, then a yip occurs.""]",test500_duration/audio/syn_128,audio,temporal reasoning,temporal order,test,"A yip occurred for 1.268 seconds, then paper rustled for 2.924 seconds.","Paper rustles first, then a yip occurs.",test
aha_q_19,aha,How many distinct sound events occur in this sequence?,mcq,Two sound events occur in this sequence.,"[""Three sound events occur in this sequence.""]",test500_duration/audio/syn_130,audio,temporal reasoning,event counting,test,"Someone tore something for about 1.7 seconds, then burped for precisely 3.181 seconds.",Three sound events occur in this sequence.,test
aha_q_20,aha,What is the temporal structure of this audio clip?,mcq,"The whip cracked first, then the sawing occurred.","[""The sawing came first, then the whip cracked.""]",test500_duration/audio/syn_133,audio,temporal reasoning,temporal order,test,"A whip cracked for 0.693 seconds, followed by the sound of sawing for 1.323 seconds.","The sawing came first, then the whip cracked.",test
aha_q_21,aha,Which sound event has the longest duration?,mcq,Glass shattering has the longest duration.,"[""Gunshot has the longest duration.""]",test500_duration/audio/syn_134,audio,temporal reasoning,duration comparison,test,"A gunshot occurred for 0.441 seconds, followed by a slam lasting 0.549 seconds, and glass shattering for 0.694 seconds.",Gunshot has the longest duration.,test
aha_q_22,aha,What is the chronological order of the sound events in this audio?,mcq,"The doorbell rang first, then snoring.","[""Snoring occurred first, then the doorbell rang.""]",test500_duration/audio/syn_135,audio,temporal reasoning,temporal order,test,"A doorbell rang for 0.982 seconds, then snoring followed for 1.86 seconds.","Snoring occurred first, then the doorbell rang.",test
aha_q_23,aha,What is the temporal structure of this audio clip?,mcq,The chirp and tweet occurred before the jet engine sound.,"[""The jet engine sound occurs first, followed by the chirp and tweet.""]",test500_duration/audio/syn_137,audio,temporal reasoning,temporal order,test,"A chirp and tweet occurred for 0.306 seconds, followed by a jet engine sound for 2.228 seconds.","The jet engine sound occurs first, followed by the chirp and tweet.",test
aha_q_24,aha,What is the temporal structure of this audio clip?,mcq,Person chuckled before the alarm sounded.,"[""The alarm sounded before the person chuckled.""]",test500_duration/audio/syn_138,audio,temporal reasoning,temporal order,test,"A person chuckled and chortled for 2.142 seconds, followed by an alarm sounding for 0.528 seconds.",The alarm sounded before the person chuckled.,test
aha_q_25,aha,What is the sequence of sounds from start to finish?,mcq,Static followed by a police car siren.,"[""There was static then a siren, but the static lasted longer than 1.162 seconds.""]",test500_duration/audio/syn_139,audio,temporal reasoning,temporal order,test,"There was 1.162 seconds of static, followed by a 3.157-second police car siren sound.","There was static then a siren, but the static lasted longer than 1.162 seconds.",test
aha_q_26,aha,What is the chronological order of the sound events in this audio?,mcq,"The whooshing sound occurs first, then the hiss, followed by the telephone dialing.","[""The telephone dialing occurs first, then the hiss, and finally the whooshing sound.""]",test500_duration/audio/syn_14,audio,temporal reasoning,temporal order,test,"A whooshing sound occurs for 0.788 seconds, followed by a 2-second hiss, and a telephone dials for 0.213 seconds.","The telephone dialing occurs first, then the hiss, and finally the whooshing sound.",test
aha_q_27,aha,Which sound event has the longest duration?,mcq,The grunt has the longest duration.,"[""The plop has the longest duration.""]",test500_duration/audio/syn_142,audio,temporal reasoning,duration comparison,test,"A plop occurred lasting 0.228 seconds, followed by a grunt with a 2.024-second duration.",The plop has the longest duration.,test
aha_q_28,aha,Which sound event has the longest duration?,mcq,The whistle has the longest duration.,"[""The ticking sound has the longest duration.""]",test500_duration/audio/syn_143,audio,temporal reasoning,duration comparison,test,"A ticking sound occurred for 0.329 seconds, followed by a whistle that lasted for 1.433 seconds.",The ticking sound has the longest duration.,test
aha_q_29,aha,Which sound event has the longest duration?,mcq,The cock crowed has the longest duration.,"[""The whistle sounded has the longest duration.""]",test500_duration/audio/syn_144,audio,temporal reasoning,duration comparison,test,"A cock crowed for 1.842 seconds, then a whistle sounded for 1.011 seconds.",The whistle sounded has the longest duration.,test
aha_q_30,aha,What is the temporal structure of this audio clip?,mcq,"The cricket chirped first, then the water tap ran.","[""The water tap ran first, then the cricket chirped.""]",test500_duration/audio/syn_145,audio,temporal reasoning,temporal order,test,"A cricket chirped for 0.215 seconds, then a water tap ran for 4.065 seconds.","The water tap ran first, then the cricket chirped.",test
aha_q_31,aha,What is the temporal structure of this audio clip?,mcq,"The growling occurs first, followed by the cap gun.","[""The cap gun occurs first, then the growling.""]",test500_duration/audio/syn_146,audio,temporal reasoning,temporal order,test,"A growling occurred for 2.472 seconds, then a cap gun was heard for 0.315 seconds.","The cap gun occurs first, then the growling.",test
aha_q_32,aha,What is the temporal structure of this audio clip?,mcq,"Hiss occurs first, then thunder rumbling follows.","[""Thunder rumbling occurs first, then hiss.""]",test500_duration/audio/syn_150,audio,temporal reasoning,temporal order,test,"A hiss lasted for 2 seconds, followed by thunder rumbling for 2.917 seconds.","Thunder rumbling occurs first, then hiss.",test
aha_q_33,aha,What is the sequence of sounds from start to finish?,mcq,Dial tone then car horn honk.,"[""Car horn honked first, then the dial tone.""]",test500_duration/audio/syn_151,audio,temporal reasoning,temporal order,test,"A dial tone lasted for 1.558 seconds, then a car horn honked for 1.212 seconds.","Car horn honked first, then the dial tone.",test
aha_q_34,aha,What is the chronological order of the sound events in this audio?,mcq,"The hum occurred first, followed by the liquid sound.","[""The liquid sound happened first, then the hum.""]",test500_duration/audio/syn_152,audio,temporal reasoning,temporal order,test,A hum persisted for 1.654 seconds and then a liquid sound occurred for 0.543 seconds.,"The liquid sound happened first, then the hum.",test
aha_q_35,aha,What is the temporal structure of this audio clip?,mcq,"The sanding noise occurs first, then the fart sound.","[""The fart sound occurs first, then the sanding noise.""]",test500_duration/audio/syn_153,audio,temporal reasoning,temporal order,test,"A sanding noise occurred for 2.622 seconds, followed by a fart sound lasting 0.926 seconds.","The fart sound occurs first, then the sanding noise.",test
aha_q_36,aha,Which sound event has the longest duration?,mcq,The ship's horn has the longest duration.,"[""The biting sound has the longest duration.""]",test500_duration/audio/syn_154,audio,temporal reasoning,duration comparison,test,"A ship's horn blew for 3.409 seconds, then there was the sound of biting for 0.889 seconds.",The biting sound has the longest duration.,test
aha_q_37,aha,What is the chronological order of the sound events in this audio?,mcq,"The whistle occurs first, then someone breathes.","[""Someone breathes first, then a whistle occurs.""]",test500_duration/audio/syn_157,audio,temporal reasoning,temporal order,test,"A whistle occurred for 1.221 seconds, then someone breathed for 0.655 seconds.","Someone breathes first, then a whistle occurs.",test
aha_q_38,aha,Which sound event has the longest duration?,mcq,The fart has the longest duration.,"[""The bird has the longest duration.""]",test500_duration/audio/syn_159,audio,temporal reasoning,duration comparison,test,"A bell dinged for 0.291 seconds, a bird called for 0.661 seconds, followed by a fart lasting 0.926 seconds.",The bird has the longest duration.,test
aha_q_39,aha,What is the temporal structure of this audio clip?,mcq,"The fireworks burst occurs first, followed by the emergency vehicle siren.","[""The emergency vehicle siren wails first, then the fireworks burst.""]",test500_duration/audio/syn_160,audio,temporal reasoning,temporal order,test,"Fireworks burst for 1.286 seconds, then an emergency vehicle siren wailed for 4.573 seconds.","The emergency vehicle siren wails first, then the fireworks burst.",test
aha_q_40,aha,What is the sequence of sounds from start to finish?,mcq,"The dog barked first, then the fire alarm sounded.","[""The fire alarm sounded first, then the dog barked.""]",test500_duration/audio/syn_162,audio,temporal reasoning,temporal order,test,"A dog barked for 0.795 seconds, then a fire alarm sounded for 2.044 seconds.","The fire alarm sounded first, then the dog barked.",test
aha_q_41,aha,What is the temporal structure of this audio clip?,mcq,"The train horn sounds first, then a chirp and tweet, followed by a whistle.","[""The train horn sounds first, then a tweet, followed by a chirp and a whistle.""]",test500_duration/audio/syn_164,audio,temporal reasoning,temporal order,test,"A train horn sounded for 1.071 seconds, followed by a chirp and tweet for 0.451 seconds, and a whistle for 2.047 seconds.","The train horn sounds first, then a tweet, followed by a chirp and a whistle.",test
aha_q_42,aha,Which sound event has the longest duration?,mcq,The engine knocking has the longest duration.,"[""The bleat has the longest duration.""]",test500_duration/audio/syn_165,audio,temporal reasoning,duration comparison,test,"A bleat was heard for nearly 1 second, followed by the sound of an engine knocking for over 4 seconds.",The bleat has the longest duration.,test
aha_q_43,aha,What is the temporal structure of this audio clip?,mcq,Toilet flush followed by a mosquito buzz.,"[""The mosquito buzz occurs first, then the toilet flush.""]",test500_duration/audio/syn_166,audio,temporal reasoning,temporal order,test,"A toilet flushed for 2.842 seconds, then a mosquito buzzed for 2.108 seconds.","The mosquito buzz occurs first, then the toilet flush.",test
aha_q_44,aha,What is the chronological order of the sound events in this audio?,mcq,"Sanding noise occurred first, then the slap-smack sound.","[""The slap-smack sound occurred first, then the sanding noise.""]",test500_duration/audio/syn_167,audio,temporal reasoning,temporal order,test,"A sanding noise occurred for 5.23 seconds, then a slap, smack sound followed, lasting 0.402 seconds.","The slap-smack sound occurred first, then the sanding noise.",test
aha_q_45,aha,What is the temporal structure of this audio clip?,mcq,"A person cleared their throat first, then hiccuped.","[""A person hiccuped first, then cleared their throat.""]",test500_duration/audio/syn_17,audio,temporal reasoning,temporal order,test,"A person cleared their throat for 1.083 seconds, then hiccuped for 0.319 seconds.","A person hiccuped first, then cleared their throat.",test
aha_q_46,aha,What is the chronological order of the sound events in this audio?,mcq,"The person burped first, then a growling sound followed.","[""The growling sound occurred before the person burped.""]",test500_duration/audio/syn_172,audio,temporal reasoning,temporal order,test,"A person burped for 1.701 seconds, then a growling sound followed for 2.472 seconds.",The growling sound occurred before the person burped.,test
aha_q_47,aha,What is the temporal structure of this audio clip?,mcq,"The whistle sounds first, followed by laughter.","[""Laughter sounds first, then the whistle.""]",test500_duration/audio/syn_173,audio,temporal reasoning,temporal order,test,"A whistle sounded for 1.134 seconds, followed by laughter lasting 1.142 seconds.","Laughter sounds first, then the whistle.",test
aha_q_48,aha,What is the chronological order of the sound events in this audio?,mcq,"A hum then a computer keyboard sound, in that order.","[""A computer keyboard sound then a hum, in that order.""]",test500_duration/audio/syn_174,audio,temporal reasoning,temporal order,test,"A hum persisted for 1.654 seconds, then the sound of a computer keyboard followed, lasting 1.124 seconds.","A computer keyboard sound then a hum, in that order.",test
aha_q_49,aha,What is the chronological order of the sound events in this audio?,mcq,"The mosquito buzzed first, then the medium engine ran.","[""The medium engine ran first, then the mosquito buzzed.""]",test500_duration/audio/syn_175,audio,temporal reasoning,temporal order,test,"A mosquito buzzed for 2.008 seconds, then a medium engine ran for 4.972 seconds.","The medium engine ran first, then the mosquito buzzed.",test
aha_q_50,aha,What is the chronological order of the sound events in this audio?,mcq,"The beep bleep sound occurs first, followed by the shout.","[""The shout occurs first, then the beep bleep sound.""]",test500_duration/audio/syn_177,audio,temporal reasoning,temporal order,test,"A beep bleep sound occurred for 0.41 seconds, followed by a shout lasting 0.631 seconds.","The shout occurs first, then the beep bleep sound.",test
aha_q_51,aha,What is the chronological order of the sound events in this audio?,mcq,"A person groaned first, then a sewing machine ran.","[""A sewing machine ran first, then a person groaned.""]",test500_duration/audio/syn_180,audio,temporal reasoning,temporal order,test,"A person groaned for 1.21 seconds, then a sewing machine ran for 2.157 seconds.","A sewing machine ran first, then a person groaned.",test
aha_q_52,aha,What is the chronological order of the sound events in this audio?,mcq,"Gurgling and bubbling, then rustling, then drilling.","[""Rustling, then gurgling and bubbling, then drilling.""]",test500_duration/audio/syn_181,audio,temporal reasoning,temporal order,test,"Gurgling and bubbling occurred for 0.504 seconds, followed by rustling for 0.906 seconds, and then drilling for 0.439 seconds.","Rustling, then gurgling and bubbling, then drilling.",test
aha_q_53,aha,What is the temporal structure of this audio clip?,mcq,"Mosquito buzzed first, then doorbell rang.","[""The doorbell rang first, then a mosquito buzzed.""]",test500_duration/audio/syn_182,audio,temporal reasoning,temporal order,test,"A mosquito buzzed for 2.008 seconds, then a doorbell rang for 0.982 seconds.","The doorbell rang first, then a mosquito buzzed.",test
aha_q_54,aha,What is the temporal structure of this audio clip?,mcq,"The person burped first, followed by laughter.","[""Laughter occurs first, then the person burped.""]",test500_duration/audio/syn_183,audio,temporal reasoning,temporal order,test,"A person burped for 0.653 seconds, then laughter ensued for 0.644 seconds.","Laughter occurs first, then the person burped.",test
aha_q_55,aha,What is the chronological order of the sound events in this audio?,mcq,"A squeak, then hammering, then a bark.","[""The bark occurs first, followed by the squeak, then hammering.""]",test500_duration/audio/syn_185,audio,temporal reasoning,temporal order,test,"A squeak occurred for 0.464 seconds, followed by a hammering noise for 0.25 seconds, and then a bark for 0.69 seconds.","The bark occurs first, followed by the squeak, then hammering.",test
aha_q_56,aha,What is the temporal structure of this audio clip?,mcq,"The whistle sounded first, followed by the paper rustling.","[""The paper rustled first, then the whistle sounded.""]",test500_duration/audio/syn_186,audio,temporal reasoning,temporal order,test,"A whistle sounded for 0.488 seconds, then paper rustled for 2.924 seconds.","The paper rustled first, then the whistle sounded.",test
aha_q_57,aha,Which sound event has the longest duration?,mcq,Bird calls have the longest duration.,"[""Dog barking has the longest duration.""]",test500_duration/audio/syn_19,audio,temporal reasoning,duration comparison,test,"A dog barked for 0.331 seconds, followed by bird calls lasting 2.113 seconds.",Dog barking has the longest duration.,test
aha_q_58,aha,What is the temporal structure of this audio clip?,mcq,"The door slammed first, then the frog croaked.","[""The frog croaked first, then the door slammed.""]",test500_duration/audio/syn_191,audio,temporal reasoning,temporal order,test,"A door slammed for 0.549 seconds, then a frog croaked for 0.654 seconds.","The frog croaked first, then the door slammed.",test
aha_q_59,aha,How many distinct sound events occur in this sequence?,mcq,Two sound events occur.,"[""Three sound events occur.""]",test500_duration/audio/syn_193,audio,temporal reasoning,event counting,test,"A slap or smack sound occurred for 0.402 seconds, followed by the sound of breathing for 0.606 seconds.",Three sound events occur.,test
aha_q_60,aha,Which sound event has the longest duration?,mcq,The tearing noise has the longest duration.,"[""The tearing noise has the shortest duration.""]",test500_duration/audio/syn_195,audio,temporal reasoning,duration comparison,test,"A tearing noise occurred for 1.881 seconds, followed by a sound effect that lasted for 1.694 seconds.",The tearing noise has the shortest duration.,test
aha_q_61,aha,What is the chronological order of the sound events in this audio?,mcq,"The hiss occurs first, then the train whistle.","[""The train whistle occurs before the hiss.""]",test500_duration/audio/syn_196,audio,temporal reasoning,temporal order,test,"A hiss lasted for 2 seconds, followed by a train whistle for 2.873 seconds.",The train whistle occurs before the hiss.,test
aha_q_62,aha,What is the chronological order of the sound events in this audio?,mcq,"A crunch occurred first, followed by the sound of waves and surf.","[""The sound of waves and surf occurred first, then a crunch.""]",test500_duration/audio/syn_197,audio,temporal reasoning,temporal order,test,"A crunch occurred for 1.683 seconds, then the sound of waves and surf followed for 3.319 seconds.","The sound of waves and surf occurred first, then a crunch.",test
aha_q_63,aha,What is the chronological order of the sound events in this audio?,mcq,"The growling occurs first, followed by the ambulance siren.","[""The ambulance siren occurs before the growling.""]",test500_duration/audio/syn_198,audio,temporal reasoning,temporal order,test,"A growling occurred for 2.472 seconds, then an ambulance siren was heard for 2.615 seconds.",The ambulance siren occurs before the growling.,test
aha_q_64,aha,What is the temporal structure of this audio clip?,mcq,"The bite was taken first, followed by throat clearing.","[""Throat clearing occurs before the bite, and it lasts longer.""]",test500_duration/audio/syn_199,audio,temporal reasoning,temporal order,test,"A bite was taken with a duration of 0.889 seconds, followed by the sound of throat clearing for 1.083 seconds.","Throat clearing occurs before the bite, and it lasts longer.",test
aha_q_65,aha,What is the temporal structure of this audio clip?,mcq,"The train whistle sounds first, then the doorbell rings.","[""The doorbell rings first, then the train whistle sounds.""]",test500_duration/audio/syn_200,audio,temporal reasoning,temporal order,test,"A train whistle sounded for 3.672 seconds, then a doorbell rang for 0.982 seconds.","The doorbell rings first, then the train whistle sounds.",test
aha_q_66,aha,What is the temporal structure of this audio clip?,mcq,"The object broke first, then glass shattered.","[""Glass shattered first, then something broke.""]",test500_duration/audio/syn_202,audio,temporal reasoning,temporal order,test,"Something broke for 1.422 seconds, then glass shattered for 1.229 seconds.","Glass shattered first, then something broke.",test
aha_q_67,aha,What is the temporal structure of this audio clip?,mcq,"Throat clearing occurs first, followed by the bathtub sound.","[""The bathtub sound occurs first, then the person clears their throat.""]",test500_duration/audio/syn_203,audio,temporal reasoning,temporal order,test,"A person cleared their throat for 1.083 seconds, then the sound of a bathtub filling or washing followed for 5.477 seconds.","The bathtub sound occurs first, then the person clears their throat.",test
aha_q_68,aha,What is the sequence of sounds from start to finish?,mcq,Car acceleration then hammer,"[""Hammer then car acceleration""]",test500_duration/audio/syn_204,audio,temporal reasoning,temporal order,test,"A car accelerated with a revving sound for 4.283 seconds, followed by the sound of a hammer for 0.25 seconds.",Hammer then car acceleration,test
aha_q_69,aha,What is the chronological order of the sound events in this audio?,mcq,"The bird vocalized first, followed by the shout.","[""The shout occurred first, then the bird vocalized.""]",test500_duration/audio/syn_206,audio,temporal reasoning,temporal order,test,"A bird vocalized briefly for 0.294 seconds, then a shout was heard for 0.631 seconds.","The shout occurred first, then the bird vocalized.",test
aha_q_70,aha,What is the chronological order of the sound events in this audio?,mcq,"Dishes, pots, and pans clanked, then a squeak, followed by a sound effect.","[""A squeak occurred first, then dishes, pots, and pans clanked, followed by a sound effect.""]",test500_duration/audio/syn_207,audio,temporal reasoning,temporal order,test,"Dishes, pots, and pans clanked for 0.499 seconds, a squeak occurred for 0.418 seconds, followed by a sound effect for 1.694 seconds.","A squeak occurred first, then dishes, pots, and pans clanked, followed by a sound effect.",test
aha_q_71,aha,What is the temporal structure of this audio clip?,mcq,The machine gun fire occurred before the ambulance siren.,"[""The ambulance siren started first, then the machine gun fired.""]",test500_duration/audio/syn_209,audio,temporal reasoning,temporal order,test,"A machine gun fired for 1.186 seconds, then an ambulance siren wailed for 3.554 seconds.","The ambulance siren started first, then the machine gun fired.",test
aha_q_72,aha,What is the temporal structure of this audio clip?,mcq,"The drill was played first, then the fireworks erupted afterward.","[""The fireworks occurred first, then the drill operated afterward.""]",test500_duration/audio/syn_21,audio,temporal reasoning,temporal order,test,"A drill operated for 2.669 seconds, then fireworks erupted for 2.117 seconds.","The fireworks occurred first, then the drill operated afterward.",test
aha_q_73,aha,How many distinct sound events occur in this sequence?,mcq,Three sound events occur.,"[""Two sound events occur.""]",test500_duration/audio/syn_210,audio,temporal reasoning,event counting,test,"Someone bit something for 0.889 seconds, then a plop sound occurred for 0.405 seconds, followed by thunder lasting 2.36 seconds.",Two sound events occur.,test
aha_q_74,aha,What is the temporal structure of this audio clip?,mcq,"The vehicle horn is heard first, followed by the fireworks.","[""The fireworks are heard first, then the vehicle horn.""]",test500_duration/audio/syn_211,audio,temporal reasoning,temporal order,test,"A vehicle horn sounded for 1.705 seconds, then fireworks were heard for 1.286 seconds.","The fireworks are heard first, then the vehicle horn.",test
aha_q_75,aha,What is the temporal structure of this audio clip?,mcq,"The rooster crowed first, then there was screaming.","[""The screaming occurred before the rooster crowed.""]",test500_duration/audio/syn_212,audio,temporal reasoning,temporal order,test,"A rooster crowed for 1.842 seconds, then there was screaming for 0.45 seconds.",The screaming occurred before the rooster crowed.,test
aha_q_76,aha,What is the temporal structure of this audio clip?,mcq,"The cricket chirped first, then the steam whistle blew afterward.","[""The steam whistle blew first, then the cricket chirped.""]",test500_duration/audio/syn_214,audio,temporal reasoning,temporal order,test,"A cricket chirped for 0.215 seconds, then a steam whistle blew for 3.761 seconds.","The steam whistle blew first, then the cricket chirped.",test
aha_q_77,aha,What is the temporal structure of this audio clip?,mcq,The train whistle occurs before the fireworks explosion.,"[""The fireworks explode before the train whistle.""]",test500_duration/audio/syn_217,audio,temporal reasoning,temporal order,test,"A train whistle blew for 1.134 seconds, then fireworks exploded for 1.286 seconds.",The fireworks explode before the train whistle.,test
aha_q_78,aha,How many distinct sound events occur in this sequence?,mcq,"Two sound events occur: silence and dishes, pots, and pans.","[""Three sound events: silence, dishes, and a dog barking.""]",test500_duration/audio/syn_218,audio,temporal reasoning,event counting,test,"There was silence for 0.795 seconds, then the sound of dishes, pots, and pans for 0.499 seconds.","Three sound events: silence, dishes, and a dog barking.",test
aha_q_79,aha,What is the chronological order of the sound events in this audio?,mcq,"The train horn blared first, then the shout occurred.","[""The shout happened before the train horn blared.""]",test500_duration/audio/syn_219,audio,temporal reasoning,temporal order,test,"A train horn blared for 1.071 seconds, followed by a shout lasting 2.015 seconds.",The shout happened before the train horn blared.,test
aha_q_80,aha,What is the chronological order of the sound events in this audio?,mcq,"Someone spoke first, then a clock ticked.","[""The clock ticked first, then someone spoke.""]",test500_duration/audio/syn_22,audio,temporal reasoning,temporal order,test,"Someone spoke for 1.268 seconds, then there was the sound of a clock ticking for 3.623 seconds.","The clock ticked first, then someone spoke.",test
aha_q_81,aha,What is the chronological order of the sound events in this audio?,mcq,"The woman sang, then gurgled and bubbled, then a slam occurred.","[""The woman sang, then a slam, then gurgled and bubbled.""]",test500_duration/audio/syn_220,audio,temporal reasoning,temporal order,test,"A woman sang for 3.205 seconds, followed by 0.504 seconds of gurgling and bubbling, and then a slam lasting 0.549 seconds.","The woman sang, then a slam, then gurgled and bubbled.",test
aha_q_82,aha,What is the chronological order of the sound events in this audio?,mcq,"The clock ticked first, then the helicopter was heard.","[""The helicopter was heard first, then the clock ticked.""]",test500_duration/audio/syn_222,audio,temporal reasoning,temporal order,test,A clock ticked for 0.448 seconds and then a helicopter was heard for 5.239 seconds.,"The helicopter was heard first, then the clock ticked.",test
aha_q_83,aha,What is the temporal structure of this audio clip?,mcq,Baby crying then keys jangling.,"[""Keys jangled then the baby cried.""]",test500_duration/audio/syn_224,audio,temporal reasoning,temporal order,test,"A baby cried for 0.824 seconds, then keys jangled for 2.575 seconds.",Keys jangled then the baby cried.,test
aha_q_84,aha,Which sound event has the longest duration?,mcq,The clock ticking has the longest duration.,"[""The dog whimpered has the longest duration.""]",test500_duration/audio/syn_225,audio,temporal reasoning,duration comparison,test,A clock ticked for 3.654 seconds and then a dog whimpered briefly for 0.638 seconds.,The dog whimpered has the longest duration.,test
aha_q_85,aha,Which sound event has the longest duration?,mcq,The siren wailed for the longest duration.,"[""The mosquito buzzed for the longest duration.""]",test500_duration/audio/syn_226,audio,temporal reasoning,duration comparison,test,"A mosquito buzzed for 1.409 seconds, then a siren wailed for 3.2 seconds.",The mosquito buzzed for the longest duration.,test
aha_q_86,aha,What is the temporal structure of this audio clip?,mcq,"Keys jangled first, then an oink.","[""Oink is heard first, followed by keys jangled.""]",test500_duration/audio/syn_227,audio,temporal reasoning,temporal order,test,"Keys jangled for 2.575 seconds, followed by an oink lasting 0.299 seconds.","Oink is heard first, followed by keys jangled.",test
aha_q_87,aha,Which sound event has the longest duration?,mcq,The bathtub filling or washing has the longest duration.,"[""The police car siren has the longest duration.""]",test500_duration/audio/syn_228,audio,temporal reasoning,duration comparison,test,"A bathtub was filled or washed for 3.252 seconds, followed by a police car siren for 2.288 seconds.",The police car siren has the longest duration.,test
aha_q_88,aha,What is the temporal structure of this audio clip?,mcq,"The ship horn sounded first, then laughter followed.","[""Laughter sounded first, then the ship horn.""]",test500_duration/audio/syn_229,audio,temporal reasoning,temporal order,test,"A ship horn sounded for 3.409 seconds, then laughter followed for 0.644 seconds.","Laughter sounded first, then the ship horn.",test
aha_q_89,aha,What is the chronological order of the sound events in this audio?,mcq,"The glass shattered first, then a shout occurred.","[""The shout occurred first, then the glass shattered.""]",test500_duration/audio/syn_232,audio,temporal reasoning,temporal order,test,"A glass shattered for 0.714 seconds, then a shout occurred lasting 0.66 seconds.","The shout occurred first, then the glass shattered.",test
aha_q_90,aha,Which sound event has the longest duration?,mcq,The sawing sound has the longest duration.,"[""The train horn has the longest duration.""]",test500_duration/audio/syn_234,audio,temporal reasoning,duration comparison,test,"A sawing sound occurred for 1.323 seconds, followed by a train horn lasting 1.071 seconds.",The train horn has the longest duration.,test
aha_q_91,aha,How many distinct sound events occur in this sequence?,mcq,Two sound events occur.,"[""Three sound events occur.""]",test500_duration/audio/syn_236,audio,temporal reasoning,event counting,test,"A dog barked for 0.795 seconds, followed by a fart that lasted 1.559 seconds.",Three sound events occur.,test
aha_q_92,aha,Which sound event has the longest duration?,mcq,The foghorn has the longest duration.,"[""The slap or smack has the longest duration.""]",test500_duration/audio/syn_238,audio,temporal reasoning,duration comparison,test,"A slap or smack occurred for 0.214 seconds, followed by a foghorn sounding for 3.71 seconds.",The slap or smack has the longest duration.,test
aha_q_93,aha,What is the chronological order of the sound events in this audio?,mcq,"The cat meowed first, then the whip cracked, and finally, the typewriter keys clacked.","[""The whip cracked first, then the typewriter keys clacked, followed by the cat meowed.""]",test500_duration/audio/syn_24,audio,temporal reasoning,temporal order,test,"A cat meowed for 0.795 seconds, a whip cracked for 0.464 seconds, followed by typewriter keys clacking for 2.654 seconds.","The whip cracked first, then the typewriter keys clacked, followed by the cat meowed.",test
aha_q_94,aha,Which sound event has the longest duration?,mcq,The spraying sound has the longest duration.,"[""The alarm sound has the longest duration.""]",test500_duration/audio/syn_241,audio,temporal reasoning,duration comparison,test,"An alarm sounded for 0.607 seconds, then there was the sound of spraying for 2.322 seconds.",The alarm sound has the longest duration.,test
aha_q_95,aha,What is the temporal structure of this audio clip?,mcq,"Liquid poured first, then an explosion occurred.","[""The explosion happened first, then the liquid poured.""]",test500_duration/audio/syn_243,audio,temporal reasoning,temporal order,test,"Liquid poured for 2.85 seconds, then an explosion occurred lasting 1.614 seconds.","The explosion happened first, then the liquid poured.",test
aha_q_96,aha,What is the chronological order of the sound events in this audio?,mcq,"The yip occurred first, then the sawing, followed by the mosquito buzzing.","[""The mosquito buzzing occurred first, then the yip, followed by the sawing.""]",test500_duration/audio/syn_244,audio,temporal reasoning,temporal order,test,"A yip occurred for 1.268 seconds, then sawing for 1.323 seconds, followed by a mosquito buzzing for 2.279 seconds.","The mosquito buzzing occurred first, then the yip, followed by the sawing.",test
aha_q_97,aha,What is the chronological order of the sound events in this audio?,mcq,"The horse neighed first, then the paper rustled.","[""The paper rustled first, then the horse neighed.""]",test500_duration/audio/syn_245,audio,temporal reasoning,temporal order,test,"A horse neighed for 1.71 seconds, then paper rustled for 2.924 seconds.","The paper rustled first, then the horse neighed.",test
aha_q_98,aha,What is the temporal structure of this audio clip?,mcq,"The buzzer sounded first, then the sneeze.","[""The sneeze sounded first, then the buzzer.""]",test500_duration/audio/syn_248,audio,temporal reasoning,temporal order,test,"A buzzer sounded for 0.766 seconds, then a sneeze occurred lasting 0.914 seconds.","The sneeze sounded first, then the buzzer.",test
aha_q_99,aha,What is the chronological order of the sound events in this audio?,mcq,"The air horn from a truck blared first, then the police car siren wailed.","[""The police car siren wailed first, then the air horn from the truck blared.""]",test500_duration/audio/syn_250,audio,temporal reasoning,temporal order,test,"An air horn from a truck blared for 1.7 seconds, then a police car siren wailed for 2.2 seconds.","The police car siren wailed first, then the air horn from the truck blared.",test
aha_q_100,aha,What is the chronological order of the sound events in this audio?,mcq,"The machine gun firing occurred first, followed by the fire engine siren.","[""The fire engine siren occurred first, then the machine gun fired.""]",test500_duration/audio/syn_251,audio,temporal reasoning,temporal order,test,"A machine gun fired for 1.186 seconds, then a fire engine siren blared for 4.671 seconds.","The fire engine siren occurred first, then the machine gun fired.",test
aha_q_101,aha,Which sound event has the longest duration?,mcq,The person crying and sobbing has the longest duration.,"[""The ticking sound has the longest duration.""]",test500_duration/audio/syn_256,audio,temporal reasoning,duration comparison,test,"A person cried and sobbed for 5.369 seconds, followed by a ticking sound for 0.236 seconds.",The ticking sound has the longest duration.,test
aha_q_102,aha,Which sound event has the longest duration?,mcq,Paper rustled for 2.924 seconds.,"[""The alarm sounded for 0.249 seconds.""]",test500_duration/audio/syn_260,audio,temporal reasoning,duration comparison,test,"Paper rustled for 2.924 seconds, then an alarm sounded for 0.249 seconds.",The alarm sounded for 0.249 seconds.,test
aha_q_103,aha,What is the chronological order of the sound events in this audio?,mcq,"The spray occurs first, followed by the cat's sound.","[""The cat's sound occurs first, followed by the spray.""]",test500_duration/audio/syn_261,audio,temporal reasoning,temporal order,test,"A spray occurred for 2.322 seconds, followed by a cat's sound lasting 0.898 seconds.","The cat's sound occurs first, followed by the spray.",test
aha_q_104,aha,What is the chronological order of the sound events in this audio?,mcq,"The filing rasp occurs first, followed by the growling sound.","[""The growling sound occurs first, then the filing rasp.""]",test500_duration/audio/syn_262,audio,temporal reasoning,temporal order,test,"A filing rasp occurred for 2.44 seconds, followed by a growling sound for 2.472 seconds.","The growling sound occurs first, then the filing rasp.",test
aha_q_105,aha,How many distinct sound events occur in this sequence?,mcq,Three sound events occur in this sequence.,"[""Two sound events occur: the squeak and bird calls.""]",test500_duration/audio/syn_263,audio,temporal reasoning,event counting,test,"A squeak lasted for 0.851 seconds, then an air horn blared for 0.741 seconds, followed by bird calls for 1.087 seconds.",Two sound events occur: the squeak and bird calls.,test
aha_q_106,aha,How many distinct sound events occur in this sequence?,mcq,Two sound events occur in this sequence.,"[""Three sound events occur in this sequence.""]",test500_duration/audio/syn_264,audio,temporal reasoning,event counting,test,A ship's sound occurred for 3.409 seconds and was followed by a grunt lasting 2.024 seconds.,Three sound events occur in this sequence.,test
aha_q_107,aha,How many times does each sound event occur?,mcq,There is one howl and one keys jangled sound.,"[""There are two howls and two keys jingled sounds.""]",test500_duration/audio/syn_265,audio,temporal reasoning,event counting,test,"A howl sounded for 2.425 seconds, then keys jangled for 2.575 seconds.",There are two howls and two keys jingled sounds.,test
aha_q_108,aha,Which sound event has the longest duration?,mcq,The emergency vehicle siren has the longest duration.,"[""The crunching sound has the longest duration.""]",test500_duration/audio/syn_266,audio,temporal reasoning,duration comparison,test,"A crunching sound occurred for 1.683 seconds, followed by an emergency vehicle siren lasting 3.679 seconds.",The crunching sound has the longest duration.,test
aha_q_109,aha,What is the chronological order of the sound events in this audio?,mcq,"The squeak occurs first, then the waterfall.","[""The waterfall occurs first, then the squeak.""]",test500_duration/audio/syn_27,audio,temporal reasoning,temporal order,test,"A squeak occurred for 0.573 seconds, followed by the sound of a waterfall for 4.095 seconds.","The waterfall occurs first, then the squeak.",test
aha_q_110,aha,What is the chronological order of the sound events in this audio?,mcq,"The bird vocalized first, followed by the spray sound.","[""The spray sound occurred before the bird vocalization.""]",test500_duration/audio/syn_270,audio,temporal reasoning,temporal order,test,"A bird vocalized for 0.613 seconds, then there was a spray sound for 0.288 seconds.",The spray sound occurred before the bird vocalization.,test
aha_q_111,aha,How many distinct sound events occur in this sequence?,mcq,Two sound events occur.,"[""Three sound events occur.""]",test500_duration/audio/syn_271,audio,temporal reasoning,event counting,test,"A cat meowed for 0.701 seconds, then there was the sound of snoring for 1.075 seconds.",Three sound events occur.,test
aha_q_112,aha,What is the temporal structure of this audio clip?,mcq,"The electric shaver buzzed first, then the gurgling sound occurred.","[""The gurgling sound occurred first, then the electric shaver buzzed.""]",test500_duration/audio/syn_273,audio,temporal reasoning,temporal order,test,"An electric shaver buzzed for 4.102 seconds, then a gurgling, bubbling sound occurred for 0.504 seconds.","The gurgling sound occurred first, then the electric shaver buzzed.",test
aha_q_113,aha,How many distinct sound events occur in this sequence?,mcq,There are two distinct sound events.,"[""There is only one sound event in the sequence.""]",test500_duration/audio/syn_274,audio,temporal reasoning,event counting,test,"A person whistled for 1.732 seconds, then the sound of sawing occurred for 1.323 seconds.",There is only one sound event in the sequence.,test
aha_q_114,aha,What is the chronological order of the sound events in this audio?,mcq,"The person whistled first, then chuckled and chortled.","[""The person chuckled first, then whistled.""]",test500_duration/audio/syn_275,audio,temporal reasoning,temporal order,test,"A person whistled for 2.842 seconds, then chuckled and chortled for 2.142 seconds.","The person chuckled first, then whistled.",test
aha_q_115,aha,How many distinct sound events occur in this sequence?,mcq,Two sound events occur: door opening and waterfall.,"[""Three sound events occur: door opening, waterfall, and footsteps.""]",test500_duration/audio/syn_276,audio,temporal reasoning,event counting,test,"A door opened for 0.378 seconds, then the sound of a waterfall persisted for 5.409 seconds.","Three sound events occur: door opening, waterfall, and footsteps.",test
aha_q_116,aha,What is the temporal structure of this audio clip?,mcq,Gurgling occurs before the telephone ringing.,"[""The telephone ringing occurs before the gurgling sound.""]",test500_duration/audio/syn_277,audio,temporal reasoning,temporal order,test,"A gurgling, bubbling sound occurred for 0.504 seconds, followed by a telephone ringing for 3.376 seconds.",The telephone ringing occurs before the gurgling sound.,test
aha_q_117,aha,What is the temporal structure of this audio clip?,mcq,"Knocking occurs first, followed by inhalation, then cap gun firing.","[""The cap gun fires first, then knocking, then inhaling.""]",test500_duration/audio/syn_279,audio,temporal reasoning,temporal order,test,"Someone knocked for 0.858 seconds, inhaled briefly for 0.399 seconds, then a cap gun fired for 0.315 seconds.","The cap gun fires first, then knocking, then inhaling.",test
aha_q_118,aha,Which sound event has the longest duration?,mcq,Sanding has the longest duration.,"[""The beep sound has the longest duration.""]",test500_duration/audio/syn_28,audio,temporal reasoning,duration comparison,test,"Sanding occurred for 1.811 seconds, followed by a beep, bleep sound for 0.782 seconds.",The beep sound has the longest duration.,test
aha_q_119,aha,What is the temporal structure of this audio clip?,mcq,"The gunshot is heard first, followed by aircraft noise.","[""Aircraft noise was heard before the gunshot.""]",test500_duration/audio/syn_281,audio,temporal reasoning,temporal order,test,"A gunshot was heard for 2.055 seconds, then aircraft noise followed for 2.035 seconds.",Aircraft noise was heard before the gunshot.,test
aha_q_120,aha,What is the chronological order of the sound events in this audio?,mcq,"Someone knocked first, then there was a grunt.","[""The grunt occurred first, followed by someone knocking.""]",test500_duration/audio/syn_282,audio,temporal reasoning,temporal order,test,"Someone knocked for 0.9 seconds, then there was a grunt lasting 1.976 seconds.","The grunt occurred first, followed by someone knocking.",test
aha_q_121,aha,What is the temporal structure of this audio clip?,mcq,The hammer sound occurs before the ship sound.,"[""The ship sound occurs before the hammer sound.""]",test500_duration/audio/syn_283,audio,temporal reasoning,temporal order,test,"A hammer struck for 0.25 seconds, then a ship was heard for 3.409 seconds.",The ship sound occurs before the hammer sound.,test
aha_q_122,aha,What is the temporal structure of this audio clip?,mcq,The growling noise is heard before the drill.,"[""The drill is heard before the growling noise.""]",test500_duration/audio/syn_286,audio,temporal reasoning,temporal order,test,"A growling noise lasted for 2.472 seconds, then a drill was heard for 2.996 seconds.",The drill is heard before the growling noise.,test
aha_q_123,aha,What is the temporal structure of this audio clip?,mcq,"Sanding occurs first, then toilet flushing.","[""Toilet flushing occurs first, then sanding.""]",test500_duration/audio/syn_288,audio,temporal reasoning,temporal order,test,"Sanding occurred for 0.448 seconds, followed by a toilet flushing for 5.698 seconds.","Toilet flushing occurs first, then sanding.",test
aha_q_124,aha,What is the order of sound events in this audio?,mcq,"A person spoke first, then static followed.","[""Static occurs before the person spoke.""]",test500_duration/audio/syn_29,audio,temporal reasoning,temporal order,test,"A person spoke for 3.59 seconds, followed by a burst of static lasting 1.312 seconds.",Static occurs before the person spoke.,test
aha_q_125,aha,What is the chronological order of the sound events in this audio?,mcq,"The person snored first, then the vehicle accelerated and revved.","[""The vehicle accelerated first, then the person snored.""]",test500_duration/audio/syn_292,audio,temporal reasoning,temporal order,test,"A person snored for 1.248 seconds, then a vehicle accelerated and revved for 2.869 seconds.","The vehicle accelerated first, then the person snored.",test
aha_q_126,aha,Which sound event has the longest duration?,mcq,The truck horn has the longest duration.,"[""The person snored for the longest time.""]",test500_duration/audio/syn_293,audio,temporal reasoning,duration comparison,test,"Someone snored for 1.992 seconds, then a truck horn blared for 2.347 seconds.",The person snored for the longest time.,test
aha_q_127,aha,What is the chronological order of the sound events in this audio?,mcq,"The buzzer sounded first, then the jet engine roared.","[""The jet engine roared first, then the buzzer sounded.""]",test500_duration/audio/syn_294,audio,temporal reasoning,temporal order,test,"A buzzer sounded for 0.766 seconds, then a jet engine roared for 2.678 seconds.","The jet engine roared first, then the buzzer sounded.",test
aha_q_128,aha,What is the temporal structure of this audio clip?,mcq,"A knock occurred first, then a jet engine was heard afterward.","[""A jet engine was heard first, then a knock occurred.""]",test500_duration/audio/syn_295,audio,temporal reasoning,temporal order,test,"A knock occurred for 0.677 seconds, then a jet engine was heard for 5.741 seconds.","A jet engine was heard first, then a knock occurred.",test
aha_q_129,aha,What is the chronological order of the sound events in this audio?,mcq,"Knocking occurs first, then the insect sound.","[""The insect sound occurs first, followed by knocking.""]",test500_duration/audio/syn_296,audio,temporal reasoning,temporal order,test,"Someone knocked for 0.715 seconds, then an insect was heard for 4.166 seconds.","The insect sound occurs first, followed by knocking.",test
aha_q_130,aha,What is the chronological order of the sound events in this audio?,mcq,Silence followed by a buzz.,"[""Buzz followed by silence.""]",test500_duration/audio/syn_298,audio,temporal reasoning,temporal order,test,"There was silence for 0.966 seconds, followed by a buzz lasting 1.031 seconds.",Buzz followed by silence.,test
aha_q_131,aha,What is the temporal structure of this audio clip?,mcq,"The door opens first, then slams shut.","[""The door slams shut first, then opens.""]",test500_duration/audio/syn_299,audio,temporal reasoning,temporal order,test,"A door opened for 0.284 seconds, followed by the sound of it slamming shut for 1.12 seconds.","The door slams shut first, then opens.",test
aha_q_132,aha,What is the chronological order of the sound events in this audio?,mcq,"The air horn blared first, then the gurgling, bubbling sound followed.","[""The gurgling, bubbling sound occurred first, followed by the air horn.""]",test500_duration/audio/syn_300,audio,temporal reasoning,temporal order,test,"An air horn blared for 0.543 seconds, then a gurgling, bubbling sound followed for 3.192 seconds.","The gurgling, bubbling sound occurred first, followed by the air horn.",test
aha_q_133,aha,How many distinct sound events occur in this sequence?,mcq,Two sound events occur: giggling and sanding.,"[""Three sound events occur: giggling, sanding, and coughing.""]",test500_duration/audio/syn_301,audio,temporal reasoning,event counting,test,"Someone giggled for 0.968 seconds, then the sound of sanding continued for 1.094 seconds.","Three sound events occur: giggling, sanding, and coughing.",test
aha_q_134,aha,How many distinct sound events occur in this sequence?,mcq,Two sound events occur: a hiss and a cap gun shot.,"[""Three sound events occur: a hiss, a cap gun, and a scream.""]",test500_duration/audio/syn_302,audio,temporal reasoning,event counting,test,"A hiss occurred for 2 seconds, then a cap gun was fired for 0.393 seconds.","Three sound events occur: a hiss, a cap gun, and a scream.",test
aha_q_135,aha,What is the temporal structure of this audio clip?,mcq,"Thump and thud, then whip crack, then bark.","[""The whip crack occurs before the thump and thud, followed by a bark.""]",test500_duration/audio/syn_303,audio,temporal reasoning,temporal order,test,"A thump and thud lasted for 0.441 seconds, then a whip cracked for 0.693 seconds, followed by a bark lasting 0.393 seconds.","The whip crack occurs before the thump and thud, followed by a bark.",test
aha_q_136,aha,How many distinct sound events occur in this sequence?,mcq,Two sound events occur: tire squeal and truck horn.,"[""Three sound events occur: tire squeal, truck horn, and siren.""]",test500_duration/audio/syn_304,audio,temporal reasoning,event counting,test,"A tire squealed and skidded for 4.6 seconds, followed by a truck horn blowing for 0.7 seconds.","Three sound events occur: tire squeal, truck horn, and siren.",test
aha_q_137,aha,Which sound event has the longest duration?,mcq,The ambulance siren has the longest duration.,"[""The dishes clattered has the longest duration.""]",test500_duration/audio/syn_308,audio,temporal reasoning,duration comparison,test,"Dishes clattered for about half a second, followed by an ambulance siren for 3.47 seconds.",The dishes clattered has the longest duration.,test
aha_q_138,aha,What is the temporal structure of this audio clip?,mcq,"The busy signal beeped first, then the civil defense siren wailed.","[""The civil defense siren wailed first, then the busy signal beeped.""]",test500_duration/audio/syn_31,audio,temporal reasoning,temporal order,test,"A busy signal beeped for 0.961 seconds, then a civil defense siren wailed for 4.961 seconds.","The civil defense siren wailed first, then the busy signal beeped.",test
aha_q_139,aha,Which sound event has the longest duration?,mcq,The aircraft engine has the longest duration.,"[""The spray has the longest duration.""]",test500_duration/audio/syn_310,audio,temporal reasoning,duration comparison,test,"A spray occurred for 2.322 seconds, then an aircraft engine ran for 3.114 seconds.",The spray has the longest duration.,test
aha_q_140,aha,What is the temporal structure of this audio clip?,mcq,"The person cleared their throat first, then the foghorn sounded.","[""The foghorn blared first, followed by the person clearing their throat.""]",test500_duration/audio/syn_311,audio,temporal reasoning,temporal order,test,"A person cleared their throat for 1.083 seconds, then a foghorn blared for 3.71 seconds.","The foghorn blared first, followed by the person clearing their throat.",test
aha_q_141,aha,What is the chronological order of the sound events in this audio?,mcq,"The ship's horn sounded first, followed by the buzzer.","[""The buzzer sounded first, then the ship's horn.""]",test500_duration/audio/syn_312,audio,temporal reasoning,temporal order,test,"A ship's horn sounded for 3.409 seconds, followed by a buzzer for 0.766 seconds.","The buzzer sounded first, then the ship's horn.",test
aha_q_142,aha,Which sound event has the longest duration?,mcq,The groan has the longest duration.,"[""The bird vocalized longer than the groan.""]",test500_duration/audio/syn_313,audio,temporal reasoning,duration comparison,test,"A bird vocalized for 0.614 seconds, then a groan followed, lasting 1.21 seconds.",The bird vocalized longer than the groan.,test
aha_q_143,aha,Which sound event has the longest duration?,mcq,The burping sound has the longest duration.,"[""The thump has the longest duration.""]",test500_duration/audio/syn_316,audio,temporal reasoning,duration comparison,test,"A thump and thud occurred for 0.874 seconds, followed by a burping sound lasting 3.181 seconds.",The thump has the longest duration.,test
aha_q_144,aha,How many distinct sound events occur in this sequence?,mcq,"Three sound events occur: burping, throat clearing, and a sound effect.","[""Two sound events happen: burping and a sound effect.""]",test500_duration/audio/syn_317,audio,temporal reasoning,event counting,test,"A person burped for 1.827 seconds, cleared their throat for 1.083 seconds, and then a sound effect played for 1.694 seconds.",Two sound events happen: burping and a sound effect.,test
aha_q_145,aha,What is the chronological order of the sound events in this audio?,mcq,"The person screamed first, then the mosquito buzzed.","[""The mosquito buzzed first, then the person screamed.""]",test500_duration/audio/syn_318,audio,temporal reasoning,temporal order,test,"A person screamed for 2.078 seconds, then a mosquito buzzed for 0.866 seconds.","The mosquito buzzed first, then the person screamed.",test
aha_q_146,aha,Which sound event has the longest duration?,mcq,The groan has the longest duration.,"[""The giggle has the longest duration.""]",test500_duration/audio/syn_319,audio,temporal reasoning,duration comparison,test,"A giggle is heard for 0.531 seconds, then a groan for 1.218 seconds.",The giggle has the longest duration.,test
aha_q_147,aha,What is the chronological order of the sound events in this audio?,mcq,"The bathtub filling or washing occurs first, followed by the engine knocking.","[""The engine knocking occurs first, then the bathtub filling or washing.""]",test500_duration/audio/syn_32,audio,temporal reasoning,temporal order,test,"A bathtub filled or washed for 3.252 seconds, followed by an engine knocking for 3.653 seconds.","The engine knocking occurs first, then the bathtub filling or washing.",test
aha_q_148,aha,What is the temporal structure of this audio clip?,mcq,The rustling sound occurs before the static noise.,"[""The static noise occurs before the rustling sound.""]",test500_duration/audio/syn_320,audio,temporal reasoning,temporal order,test,"A rustling sound occurred for 0.906 seconds, followed by static noise lasting 0.748 seconds.",The static noise occurs before the rustling sound.,test
aha_q_149,aha,What is the temporal structure of this audio clip?,mcq,"The train horn sounds first, then the sewing machine runs afterward.","[""The sewing machine sounds first, then the train horn sounds afterward.""]",test500_duration/audio/syn_322,audio,temporal reasoning,temporal order,test,"A train horn sounded for 1.071 seconds, followed by a sewing machine running for 4.015 seconds.","The sewing machine sounds first, then the train horn sounds afterward.",test
aha_q_150,aha,Which sound event has the longest duration?,mcq,The waterfall has the longest duration.,"[""The busy signal has the longest duration.""]",test500_duration/audio/syn_327,audio,temporal reasoning,duration comparison,test,"A busy signal occurred for 0.801 seconds, followed by the sound of a waterfall for 4.574 seconds.",The busy signal has the longest duration.,test
aha_q_151,aha,How many distinct sound events occur in this sequence?,mcq,Two sound events occur.,"[""Three sound events occur.""]",test500_duration/audio/syn_328,audio,temporal reasoning,event counting,test,"A child sang for 1.827 seconds, then someone cleared their throat for 1.083 seconds.",Three sound events occur.,test
aha_q_152,aha,Which sound event has the longest duration?,mcq,The bell ringing has the longest duration.,"[""The telephone dialing using DTMF tones has the longest duration.""]",test500_duration/audio/syn_33,audio,temporal reasoning,duration comparison,test,"A bell rang for 4.276 seconds, then a telephone was dialed using DTMF tones for 0.212 seconds.",The telephone dialing using DTMF tones has the longest duration.,test
aha_q_153,aha,Which sound event has the longest duration?,mcq,The vacuum cleaner has the longest duration.,"[""The bell dinged for 0.291 seconds, then a vacuum cleaner ran for 4.348 seconds.""]",test500_duration/audio/syn_332,audio,temporal reasoning,duration comparison,test,"A bell dinged for 0.291 seconds, then a vacuum cleaner ran for 4.348 seconds.","The bell dinged for 0.291 seconds, then a vacuum cleaner ran for 4.348 seconds.",test
aha_q_154,aha,Which sound event has the longest duration?,mcq,The person spoke has the longest duration.,"[""The static has the longest duration.""]",test500_duration/audio/syn_334,audio,temporal reasoning,duration comparison,test,"A burst of static lasted for 0.722 seconds, then a person spoke for 3.59 seconds.",The static has the longest duration.,test
aha_q_155,aha,What is the temporal structure of this audio clip?,mcq,Glass shattering occurs before the dog whimpering.,"[""The dog whimpering happens before the glass shattering.""]",test500_duration/audio/syn_335,audio,temporal reasoning,temporal order,test,"A glass shattered for 1.229 seconds, then a dog whimpered for 0.905 seconds.",The dog whimpering happens before the glass shattering.,test
aha_q_156,aha,What is the chronological order of the sound events in this audio?,mcq,"The clock ticked, then rustled, then a car passed by.","[""The rustling occurred first, then the clock ticked, and later a car passed by.""]",test500_duration/audio/syn_336,audio,temporal reasoning,temporal order,test,"A clock tick-tocked for 0.427 seconds, followed by rustling for 0.906 seconds, and a car passed by for 3.286 seconds.","The rustling occurred first, then the clock ticked, and later a car passed by.",test
aha_q_157,aha,Which sound event has the longest duration?,mcq,The electric shaver buzzed the longest.,"[""The sanding sound lasted longer than the shaver.""]",test500_duration/audio/syn_337,audio,temporal reasoning,duration comparison,test,"An electric shaver buzzed for 4.102 seconds, then there was the sound of sanding for 0.448 seconds.",The sanding sound lasted longer than the shaver.,test
aha_q_158,aha,How many distinct sound events occur in this sequence?,mcq,Two sound events occur.,"[""Three sound events occur.""]",test500_duration/audio/syn_339,audio,temporal reasoning,event counting,test,"A person cleared their throat for 1.083 seconds, then paper rustled for 2.924 seconds.",Three sound events occur.,test
aha_q_159,aha,What is the chronological order of the sound events in this audio?,mcq,"The growling sound occurs first, followed by the helicopter noise.","[""The helicopter noise occurs first, followed by the growling sound.""]",test500_duration/audio/syn_340,audio,temporal reasoning,temporal order,test,"A growling sound lasted for 2.472 seconds, followed by the noise of a helicopter for 4.184 seconds.","The helicopter noise occurs first, followed by the growling sound.",test
aha_q_160,aha,What is the chronological order of the sound events in this audio?,mcq,"The ticking sound occurs first, followed by screaming.","[""The screaming occurs first, then the ticking sound.""]",test500_duration/audio/syn_341,audio,temporal reasoning,temporal order,test,"A ticking sound occurred for 0.3 seconds, followed by screaming lasting for 1.383 seconds.","The screaming occurs first, then the ticking sound.",test
aha_q_161,aha,What is the sequence of sounds from start to finish?,mcq,"A buzz occurred first, then a doorbell ring.","[""The doorbell ring occurred first, followed by a buzz.""]",test500_duration/audio/syn_342,audio,temporal reasoning,temporal order,test,"A buzz occurred for 1.126 seconds, followed by a doorbell ring lasting 0.982 seconds.","The doorbell ring occurred first, followed by a buzz.",test
aha_q_162,aha,Which sound event has the longest duration?,mcq,Rain on a surface has the longest duration.,"[""The beep sound has the longest duration.""]",test500_duration/audio/syn_343,audio,temporal reasoning,duration comparison,test,"A beep sounded for 0.229 seconds, then there was the sound of rain on a surface for 6.659 seconds.",The beep sound has the longest duration.,test
aha_q_163,aha,What is the chronological order of the sound events in this audio?,mcq,"The person coughed first, then there was a buzzing sound.","[""The buzzing sound occurred before the person coughed.""]",test500_duration/audio/syn_345,audio,temporal reasoning,temporal order,test,"A person coughed for 0.354 seconds, then there was a buzzing sound for 1.126 seconds.",The buzzing sound occurred before the person coughed.,test
aha_q_164,aha,How many distinct sound events occur in this sequence?,mcq,Two sound events occur in this sequence.,"[""Three sound events occur in this sequence.""]",test500_duration/audio/syn_347,audio,temporal reasoning,event counting,test,"A whistle sounded for 2.047 seconds, then dishes, pots, and pans clattered for 0.499 seconds.",Three sound events occur in this sequence.,test
aha_q_165,aha,What is the temporal structure of this audio clip?,mcq,"The air horn sounded first, then the ding followed.","[""The ding sounded first, then the air horn followed.""]",test500_duration/audio/syn_348,audio,temporal reasoning,temporal order,test,"An air horn from a truck sounded for 0.323 seconds, then a ding followed, lasting 0.591 seconds.","The ding sounded first, then the air horn followed.",test
aha_q_166,aha,What is the temporal structure of this audio clip?,mcq,Liquid poured then a burp.,"[""A burp then liquid poured.""]",test500_duration/audio/syn_349,audio,temporal reasoning,temporal order,test,"Liquid poured for 1.803 seconds, then a burp followed lasting 2.417 seconds.",A burp then liquid poured.,test
aha_q_167,aha,How many distinct sound events occur in this sequence?,mcq,There are two distinct sound events: a cough and a machine gun fire.,"[""There are three distinct sound events: a cough, a machine gun fire, and a siren.""]",test500_duration/audio/syn_35,audio,temporal reasoning,event counting,test,"A person coughed for 0.353 seconds, then a machine gun fired for 1.186 seconds.","There are three distinct sound events: a cough, a machine gun fire, and a siren.",test
aha_q_168,aha,Which sound event has the longest duration?,mcq,The engine revving has the longest duration.,"[""The engine revving has the shortest duration.""]",test500_duration/audio/syn_350,audio,temporal reasoning,duration comparison,test,"An engine accelerated with a revving vroom for 4.283 seconds, followed by silence for 0.764 seconds.",The engine revving has the shortest duration.,test
aha_q_169,aha,What is the temporal structure of this audio clip?,mcq,"The hum occurs first, followed by the busy signal.","[""The busy signal occurs first, then the hum.""]",test500_duration/audio/syn_351,audio,temporal reasoning,temporal order,test,"A hum occurred for 1.654 seconds, then a busy signal followed for 0.977 seconds.","The busy signal occurs first, then the hum.",test
aha_q_170,aha,What is the temporal structure of this audio clip?,mcq,"The pig oinked first, then the swooshing sound followed.","[""The swooshing sound occurred first, then the pig oinked.""]",test500_duration/audio/syn_352,audio,temporal reasoning,temporal order,test,"A pig oinked for 1.341 seconds, then there was a whooshing, swooshing, swishing sound for 1.441 seconds.","The swooshing sound occurred first, then the pig oinked.",test
aha_q_171,aha,What is the temporal structure of this audio clip?,mcq,"The doorbell rings first, then crumpling occurs.","[""The crumpling sounds before the doorbell rings.""]",test500_duration/audio/syn_353,audio,temporal reasoning,temporal order,test,"A doorbell rang for 0.982 seconds, followed by the sound of crumpling for 1.891 seconds.",The crumpling sounds before the doorbell rings.,test
aha_q_172,aha,What is the temporal structure of this audio clip?,mcq,The grunt occurs before the slap.,"[""The slap occurs before the grunt.""]",test500_duration/audio/syn_355,audio,temporal reasoning,temporal order,test,"A grunt occurred for 1.976 seconds, then a slap or smack followed, lasting 0.381 seconds.",The slap occurs before the grunt.,test
aha_q_173,aha,What is the temporal structure of this audio clip?,mcq,"A person shouted first, then coughed.","[""The person coughed first, then shouted.""]",test500_duration/audio/syn_356,audio,temporal reasoning,temporal order,test,"A person shouted for 0.66 seconds, then coughed for 0.481 seconds.","The person coughed first, then shouted.",test
aha_q_174,aha,Which sound event has the longest duration?,mcq,Thunder rumbled for the longest duration.,"[""The air horn sounded for the longest time.""]",test500_duration/audio/syn_358,audio,temporal reasoning,duration comparison,test,"An air horn sounded for 0.323 seconds, then thunder rumbled for 6.027 seconds.",The air horn sounded for the longest time.,test
aha_q_175,aha,How many distinct sound events occur in this sequence?,mcq,Two sound events occur.,"[""Three sound events occur in the sequence.""]",test500_duration/audio/syn_36,audio,temporal reasoning,event counting,test,"A hiccup occurred for 0.319 seconds, followed by the sound of sawing for 1.323 seconds.",Three sound events occur in the sequence.,test
aha_q_176,aha,Which sound event has the longest duration?,mcq,The howl has the longest duration.,"[""The bell dinged has the longest duration.""]",test500_duration/audio/syn_360,audio,temporal reasoning,duration comparison,test,"A bell dinged for 0.308 seconds, then a howl followed, lasting 2.425 seconds.",The bell dinged has the longest duration.,test
aha_q_177,aha,What is the temporal structure of this audio clip?,mcq,"Throat clearing occurs first, then a hiss follows.","[""The hiss occurs before the throat clearing in the audio.""]",test500_duration/audio/syn_361,audio,temporal reasoning,temporal order,test,"A throat clearing occurred for 1.083 seconds, followed by a hiss lasting 2 seconds.",The hiss occurs before the throat clearing in the audio.,test
aha_q_178,aha,What is the temporal structure of this audio clip?,mcq,"The slap occurs first, then the engine runs.","[""The engine runs first, then the slap occurs.""]",test500_duration/audio/syn_363,audio,temporal reasoning,temporal order,test,"A slap or smack occurred for 0.402 seconds, followed by a medium-pitched engine running for 4.455 seconds.","The engine runs first, then the slap occurs.",test
aha_q_179,aha,What is the chronological order of the sound events in this audio?,mcq,"A person spoke first, then a telephone rang.","[""The telephone rang first, then a person spoke.""]",test500_duration/audio/syn_364,audio,temporal reasoning,temporal order,test,"A person spoke for 3.442 seconds, and then a telephone rang for 2.673 seconds.","The telephone rang first, then a person spoke.",test
aha_q_180,aha,What is the temporal structure of this audio clip?,mcq,"The cowbell sounded first, followed by a brief dog bark.","[""The dog barked first, then the cowbell rang.""]",test500_duration/audio/syn_365,audio,temporal reasoning,temporal order,test,"A cowbell rang for 4.307 seconds, then a dog barked briefly for 0.277 seconds.","The dog barked first, then the cowbell rang.",test
aha_q_181,aha,What is the chronological order of the sound events in this audio?,mcq,"Water gurgled and bubbled first, then a bark.","[""A bark occurred first, then water gurgled and bubbled.""]",test500_duration/audio/syn_367,audio,temporal reasoning,temporal order,test,Water gurgled and bubbled for 3.192 seconds followed by a bark lasting 0.462 seconds.,"A bark occurred first, then water gurgled and bubbled.",test
aha_q_182,aha,What is the chronological order of the sound events in this audio?,mcq,"The buzz occurs first, then the power saw operates afterwards.","[""The power saw occurs first, then the buzz.""]",test500_duration/audio/syn_368,audio,temporal reasoning,temporal order,test,"A buzz occurred for 1.031 seconds, followed by a power saw operating for 4.866 seconds.","The power saw occurs first, then the buzz.",test
aha_q_183,aha,What is the temporal structure of this audio clip?,mcq,"The chirp and tweet occurred first, followed by silence.","[""The tweet occurred first, followed by the chirp, then silence.""]",test500_duration/audio/syn_37,audio,temporal reasoning,temporal order,test,"A chirp and tweet occurred for 1.937 seconds, followed by silence for 0.966 seconds.","The tweet occurred first, followed by the chirp, then silence.",test
aha_q_184,aha,What is the temporal structure of this audio clip?,mcq,"The child sang first, then there was a fart sound.","[""The fart sound occurred first, then the child sang.""]",test500_duration/audio/syn_370,audio,temporal reasoning,temporal order,test,"A child sang for 2.543 seconds, then there was a fart sound lasting 0.926 seconds.","The fart sound occurred first, then the child sang.",test
aha_q_185,aha,Which sound event has the longest duration?,mcq,The aircraft engine has the longest duration.,"[""The cock crowed has the longest duration.""]",test500_duration/audio/syn_371,audio,temporal reasoning,duration comparison,test,"A cock crowed for 1.842 seconds, then an aircraft engine sounded for 2.804 seconds.",The cock crowed has the longest duration.,test
aha_q_186,aha,What is the temporal structure of this audio clip?,mcq,"The pig oinked first, then the whooshing sound.","[""The whooshing sound happened before the pig oinked.""]",test500_duration/audio/syn_372,audio,temporal reasoning,temporal order,test,"A pig oinked for 0.307 seconds, then a whooshing sound occurred for 1.112 seconds.",The whooshing sound happened before the pig oinked.,test
aha_q_187,aha,What is the chronological order of the sound events in this audio?,mcq,"The female sang first, then a slap or smack.","[""A slap or smack occurred first, then the female sang.""]",test500_duration/audio/syn_373,audio,temporal reasoning,temporal order,test,"A female sang for 3.205 seconds, then a slap or smack occurred, lasting 0.43 seconds.","A slap or smack occurred first, then the female sang.",test
aha_q_188,aha,Which sound event has the longest duration?,mcq,The engine knocked has the longest duration.,"[""The duck quacked has the longest duration.""]",test500_duration/audio/syn_374,audio,temporal reasoning,duration comparison,test,"A duck quacked for 0.226 seconds, then an engine knocked for 6.118 seconds.",The duck quacked has the longest duration.,test
aha_q_189,aha,What is the temporal structure of this audio clip?,mcq,"The beep bleeped first, then the dog whimpered.","[""The dog whimpered first, then the beep bleeped.""]",test500_duration/audio/syn_375,audio,temporal reasoning,temporal order,test,"A beep bleeped for 0.205 seconds, then a dog whimpered for 0.905 seconds.","The dog whimpered first, then the beep bleeped.",test
aha_q_190,aha,What is the chronological order of the sound events in this audio?,mcq,"The telephone rang first, then there was a grunt.","[""The grunt occurred before the telephone rang.""]",test500_duration/audio/syn_376,audio,temporal reasoning,temporal order,test,"A telephone rang for 3.376 seconds, then there was a grunt lasting 0.567 seconds.",The grunt occurred before the telephone rang.,test
aha_q_191,aha,What is the temporal structure of this audio clip?,mcq,"The clock ticked first, then someone grunted.","[""Someone grunted first, then the clock ticked.""]",test500_duration/audio/syn_377,audio,temporal reasoning,temporal order,test,A clock ticked for 3.654 seconds and then someone grunted for 1.976 seconds.,"Someone grunted first, then the clock ticked.",test
aha_q_192,aha,How many distinct sound events occur in this sequence?,mcq,There are two sound events: a baby crying and an oink.,"[""There is only one sound event, the baby crying.""]",test500_duration/audio/syn_382,audio,temporal reasoning,event counting,test,"A baby cried for 1.115 seconds, then a sound of an oink lasted 0.244 seconds.","There is only one sound event, the baby crying.",test
aha_q_193,aha,What is the chronological order of the sound events in this audio?,mcq,"The person sneezed first, then the mosquito buzzed.","[""The mosquito buzzed first, then the person sneezed.""]",test500_duration/audio/syn_383,audio,temporal reasoning,temporal order,test,"A person sneezed for 0.914 seconds, then a mosquito buzzed for 3.747 seconds.","The mosquito buzzed first, then the person sneezed.",test
aha_q_194,aha,What is the temporal structure of this audio clip?,mcq,The chuckle or chortle is heard before the laughter.,"[""The laughter occurs before the chuckle or chortle.""]",test500_duration/audio/syn_385,audio,temporal reasoning,temporal order,test,"A chuckle or chortle lasted 3.104 seconds, followed by laughter for 1.622 seconds.",The laughter occurs before the chuckle or chortle.,test
aha_q_195,aha,Which sound event has the longest duration?,mcq,The yip has the longest duration.,"[""The grunt has the longest duration.""]",test500_duration/audio/syn_386,audio,temporal reasoning,duration comparison,test,"A grunt occurred for 0.567 seconds, followed by a yip lasting 1.268 seconds.",The grunt has the longest duration.,test
aha_q_196,aha,What is the temporal structure of this audio clip?,mcq,The gunshot occurs before the child sings.,"[""The child sings before the gunshot.""]",test500_duration/audio/syn_387,audio,temporal reasoning,temporal order,test,"A gunshot rang out for 1.315 seconds, and then a child sang for 1.771 seconds.",The child sings before the gunshot.,test
aha_q_197,aha,What is the chronological order of the sound events in this audio?,mcq,"The knock occurs first, then the sewing machine runs.","[""The sewing machine runs first, then the knock occurs.""]",test500_duration/audio/syn_388,audio,temporal reasoning,temporal order,test,"A knock occurred for 0.9 seconds, followed by a sewing machine running for 2.157 seconds.","The sewing machine runs first, then the knock occurs.",test
aha_q_198,aha,What is the temporal structure of this audio clip?,mcq,"The baby laughed first, then someone cleared their throat.","[""Someone cleared their throat first, then the baby laughed.""]",test500_duration/audio/syn_390,audio,temporal reasoning,temporal order,test,"A baby laughed for nearly 1 second, then someone cleared their throat for approximately 1.08 seconds.","Someone cleared their throat first, then the baby laughed.",test
aha_q_199,aha,How many distinct sound events occur in this sequence?,mcq,"Three sound events occur: door opening, gunshot, and bird call.","[""Two sound events occur: door opening and gunshot.""]",test500_duration/audio/syn_391,audio,temporal reasoning,event counting,test,"A door opened for 0.378 seconds, followed by a gunshot lasting 1.548 seconds, and a bird call that took 0.953 seconds.",Two sound events occur: door opening and gunshot.,test
aha_q_200,aha,Which sound event has the longest duration?,mcq,The jet engine sound has the longest duration.,"[""The spray sound has the longest duration.""]",test500_duration/audio/syn_395,audio,temporal reasoning,duration comparison,test,"A spray occurred for 1.738 seconds, followed by a jet engine sound for 2.69 seconds.",The spray sound has the longest duration.,test
aha_q_201,aha,What is the temporal structure of this audio clip?,mcq,"The rustle occurs first, then the knock.","[""The knock occurs before the rustle.""]",test500_duration/audio/syn_396,audio,temporal reasoning,temporal order,test,"A rustle occurred for 0.906 seconds, followed by a knock lasting 0.858 seconds.",The knock occurs before the rustle.,test
aha_q_202,aha,What is the chronological order of the sound events in this audio?,mcq,"The fart occurred first, then the biting sound came afterward.","[""The biting sound occurred first, followed by the fart.""]",test500_duration/audio/syn_397,audio,temporal reasoning,temporal order,test,"A fart occurred lasting 0.651 seconds, and then there was the sound of biting for 0.889 seconds.","The biting sound occurred first, followed by the fart.",test
aha_q_203,aha,How many distinct sound events occur in this sequence?,mcq,There are two distinct sound events.,"[""There are three distinct sound events in the sequence.""]",test500_duration/audio/syn_398,audio,temporal reasoning,event counting,test,"A tick-tock sound occurred for 0.455 seconds, then a telephone rang for 1.276 seconds.",There are three distinct sound events in the sequence.,test
aha_q_204,aha,What is the chronological order of the sound events in this audio?,mcq,"The person spoke first, then the aircraft sound occurred.","[""The aircraft sound happened before the person spoke.""]",test500_duration/audio/syn_399,audio,temporal reasoning,temporal order,test,"A person spoke for 0.795 seconds, then the sound of an aircraft lasted for 5.344 seconds.",The aircraft sound happened before the person spoke.,test
aha_q_205,aha,How many distinct sound events occur in this sequence?,mcq,Two sound events occur: a dial tone and a busy signal.,"[""Three sound events occur: a dial tone, a busy signal, and a ringing sound.""]",test500_duration/audio/syn_40,audio,temporal reasoning,event counting,test,"A dial tone lasted for 1.558 seconds, then a busy signal followed for 1.023 seconds.","Three sound events occur: a dial tone, a busy signal, and a ringing sound.",test
aha_q_206,aha,How many distinct sound events occur in this sequence?,mcq,Two sound events occur.,"[""Three sound events occur.""]",test500_duration/audio/syn_401,audio,temporal reasoning,event counting,test,"A fart occurred for 1.559 seconds, followed by a liquid sound lasting 1.74 seconds.",Three sound events occur.,test
aha_q_207,aha,What is the temporal structure of this audio clip?,mcq,"The person chuckled and chortled first, then groaned.","[""The person groaned first, then chuckled and chortled.""]",test500_duration/audio/syn_402,audio,temporal reasoning,temporal order,test,"A person chuckled and chortled for 2.142 seconds, then groaned for 1.219 seconds.","The person groaned first, then chuckled and chortled.",test
aha_q_208,aha,What is the chronological order of the sound events in this audio?,mcq,"The doorbell rang first, then a grunt was heard.","[""The grunt was heard first, then the doorbell rang.""]",test500_duration/audio/syn_403,audio,temporal reasoning,temporal order,test,"A doorbell rang for 0.982 seconds, then a grunt was heard lasting 2.024 seconds.","The grunt was heard first, then the doorbell rang.",test
aha_q_209,aha,What is the temporal structure of this audio clip?,mcq,Sawing occurs before paper rustling.,"[""Paper rustling occurs before sawing.""]",test500_duration/audio/syn_405,audio,temporal reasoning,temporal order,test,"A sawing sound occurred for 1.323 seconds, then paper rustling followed for 2.924 seconds.",Paper rustling occurs before sawing.,test
aha_q_210,aha,What is the temporal structure of this audio clip?,mcq,"The busy signal beeped first, then the cricket chirped.","[""The cricket chirped first, then the busy signal beeped.""]",test500_duration/audio/syn_406,audio,temporal reasoning,temporal order,test,"A busy signal beeped for 1.457 seconds, and then a cricket chirped briefly for 0.281 seconds.","The cricket chirped first, then the busy signal beeped.",test
aha_q_211,aha,Which sound event has the longest duration?,mcq,The person laughing has the longest duration.,"[""The plop sound has the longest duration.""]",test500_duration/audio/syn_407,audio,temporal reasoning,duration comparison,test,"A person laughed for 1.354 seconds, then a plop sound occurred for 0.405 seconds.",The plop sound has the longest duration.,test
aha_q_212,aha,What is the temporal structure of this audio clip?,mcq,"The person cried and sobbed first, followed by a squeak.","[""The squeak occurred before the person cried and sobbed.""]",test500_duration/audio/syn_408,audio,temporal reasoning,temporal order,test,"A person cried and sobbed for 2.316 seconds, then there was a squeak lasting 0.855 seconds.",The squeak occurred before the person cried and sobbed.,test
aha_q_213,aha,What is the chronological order of the sound events in this audio?,mcq,"The cat meowed first, then there was the sound of something breaking.","[""The sound of something breaking occurred first, followed by the cat meowing.""]",test500_duration/audio/syn_41,audio,temporal reasoning,temporal order,test,"A cat meowed for 0.701 seconds, then there was the sound of something breaking for 1.41 seconds.","The sound of something breaking occurred first, followed by the cat meowing.",test
aha_q_214,aha,Which sound event has the longest duration?,mcq,The snoring has the longest duration.,"[""The person breathed has the longest duration.""]",test500_duration/audio/syn_410,audio,temporal reasoning,duration comparison,test,A person breathed for 0.473 seconds and then snored for 1.075 seconds.,The person breathed has the longest duration.,test
aha_q_215,aha,What is the temporal structure of this audio clip?,mcq,"The shouting occurs first, then the whip crack.","[""The whip crack occurs first, then the shouting.""]",test500_duration/audio/syn_411,audio,temporal reasoning,temporal order,test,"A person shouted for just under 1 second, followed by the sound of a whip cracking for almost half a second.","The whip crack occurs first, then the shouting.",test
aha_q_216,aha,What is the temporal structure of this audio clip?,mcq,"The door creaked first, then the duck quacked, followed by silence.","[""The duck quacked first, then the door creaked, and there was no silence afterward.""]",test500_duration/audio/syn_412,audio,temporal reasoning,temporal order,test,"A door creaked for 0.284 seconds, then a duck quacked for 0.287 seconds, followed by silence for 0.764 seconds.","The duck quacked first, then the door creaked, and there was no silence afterward.",test
aha_q_217,aha,What is the chronological order of the sound events in this audio?,mcq,"The growling occurred first, then the sound effect followed.","[""The sound effect occurred first, then the growling.""]",test500_duration/audio/syn_413,audio,temporal reasoning,temporal order,test,"A growling occurred for 2.472 seconds, then a sound effect lasted for 1.694 seconds.","The sound effect occurred first, then the growling.",test
aha_q_218,aha,Which sound event has the longest duration?,mcq,The gunshot has the longest duration.,"[""The clang has the longest duration.""]",test500_duration/audio/syn_414,audio,temporal reasoning,duration comparison,test,"A gunshot occurred for 1.118 seconds, then a clang followed for 0.707 seconds.",The clang has the longest duration.,test
aha_q_219,aha,What is the temporal structure of this audio clip?,mcq,"The alarm sounded first, followed by the waterfall.","[""The waterfall sounded first, then the alarm.""]",test500_duration/audio/syn_415,audio,temporal reasoning,temporal order,test,"An alarm sounded for 1.071 seconds, then a waterfall was heard for 3.169 seconds.","The waterfall sounded first, then the alarm.",test
aha_q_220,aha,How many distinct sound events occur in this sequence?,mcq,Two sound events occur.,"[""Three sound events occur.""]",test500_duration/audio/syn_416,audio,temporal reasoning,event counting,test,"A slap or smack occurred for 0.43 seconds, followed by the sound of crying or sobing lasting 2.701 seconds.",Three sound events occur.,test
aha_q_221,aha,What is the chronological order of the sound events in this audio?,mcq,"The growling occurred first, followed by the waterfall.","[""The waterfall occurred first, then the growling.""]",test500_duration/audio/syn_417,audio,temporal reasoning,temporal order,test,A growling occurred for 2.472 seconds and was followed by the sound of a waterfall for 3.599 seconds.,"The waterfall occurred first, then the growling.",test
aha_q_222,aha,How many distinct sound events occur in this sequence?,mcq,There are two sound events: a whip cracking and a sneeze.,"[""There is only one sound event: a sneeze.""]",test500_duration/audio/syn_419,audio,temporal reasoning,event counting,test,"A whip cracked for 0.446 seconds, followed by a sneeze lasting 0.914 seconds.",There is only one sound event: a sneeze.,test
aha_q_223,aha,What is the temporal structure of this audio clip?,mcq,"The squeak occurs first, followed by the whistling.","[""The whistle occurs first, then the squeak.""]",test500_duration/audio/syn_42,audio,temporal reasoning,temporal order,test,"A squeak occurred for 0.272 seconds, followed by whistling for 2.842 seconds.","The whistle occurs first, then the squeak.",test
aha_q_224,aha,Which sound event has the longest duration?,mcq,The electric shaver has the longest duration.,"[""The crunching sound has the longest duration.""]",test500_duration/audio/syn_422,audio,temporal reasoning,duration comparison,test,"A crunching sound lasted for 1.683 seconds, followed by an electric shaver running for 4.102 seconds.",The crunching sound has the longest duration.,test
aha_q_225,aha,What is the temporal structure of this audio clip?,mcq,"The fire alarm sounded first, followed by the beep bleep noise.","[""The beep bleep noise occurred before the fire alarm.""]",test500_duration/audio/syn_423,audio,temporal reasoning,temporal order,test,"A fire alarm sounded for 5.2 seconds, then a beep bleep noise occurred for 0.3 seconds.",The beep bleep noise occurred before the fire alarm.,test
aha_q_226,aha,What is the chronological order of the sound events in this audio?,mcq,"The mosquito buzzed first, then the cricket chirped.","[""The cricket chirped first, then the mosquito buzzed.""]",test500_duration/audio/syn_424,audio,temporal reasoning,temporal order,test,"A mosquito buzzed for 0.866 seconds, then a cricket chirped briefly for 0.22 seconds.","The cricket chirped first, then the mosquito buzzed.",test
aha_q_227,aha,What is the temporal structure of this audio clip?,mcq,"The tire squealed and skidded first, then a brief squeak.","[""The brief squeak occurs first, followed by the tire skidding sound.""]",test500_duration/audio/syn_428,audio,temporal reasoning,temporal order,test,"A tire squealed and skidded for 4.559 seconds, followed by a brief squeak lasting 1.164 seconds.","The brief squeak occurs first, followed by the tire skidding sound.",test
aha_q_228,aha,What is the chronological order of the sound events in this audio?,mcq,"The filing rasp sound occurred first, followed by the belly laugh.","[""The belly laugh occurred first, then the filing rasp sound.""]",test500_duration/audio/syn_43,audio,temporal reasoning,temporal order,test,"A filing rasp sound occurred for 2.44 seconds, followed by a belly laugh lasting 1.976 seconds.","The belly laugh occurred first, then the filing rasp sound.",test
aha_q_229,aha,What is the temporal structure of this audio clip?,mcq,Hum then aircraft engine.,"[""Aircraft engine then hum.""]",test500_duration/audio/syn_430,audio,temporal reasoning,temporal order,test,"A hum occurred for 1.654 seconds, then an aircraft engine was heard for 3.793 seconds.",Aircraft engine then hum.,test
aha_q_230,aha,What is the first sound event in this audio?,mcq,The first sound event is a buzz.,"[""The first sound event is a cowbell.""]",test500_duration/audio/syn_431,audio,temporal reasoning,temporal order,test,"A buzz occurred for 1.031 seconds, then a cowbell was heard for 3.126 seconds.",The first sound event is a cowbell.,test
aha_q_231,aha,Which sound event has the longest duration?,mcq,The person chuckled has the longest duration.,"[""The rooster crowed has the longest duration.""]",test500_duration/audio/syn_432,audio,temporal reasoning,duration comparison,test,"A person chuckled for 2.142 seconds, then a rooster crowed for 1.842 seconds.",The rooster crowed has the longest duration.,test
aha_q_232,aha,How many distinct sound events occur in this sequence?,mcq,Two sound events occur: hiss and laughter.,"[""There is only one sound event: hiss.""]",test500_duration/audio/syn_433,audio,temporal reasoning,event counting,test,"A hiss was heard for 2 seconds, then a burst of laughter for approximately 0.359 seconds.",There is only one sound event: hiss.,test
aha_q_233,aha,Which sound event has the longest duration?,mcq,The steam whistle has the longest duration.,"[""The whistle sounded for the longest duration, followed by the steam whistle.""]",test500_duration/audio/syn_435,audio,temporal reasoning,duration comparison,test,"A whistle sounded for 1.181 seconds, then a steam whistle blew for 5.172 seconds.","The whistle sounded for the longest duration, followed by the steam whistle.",test
aha_q_234,aha,What is the temporal structure of this audio clip?,mcq,"The pig oinked first, followed by the sound of liquid.","[""The sound of liquid occurs before the pig oinked.""]",test500_duration/audio/syn_437,audio,temporal reasoning,temporal order,test,"A pig oinked for 1.341 seconds, then the sound of liquid followed for 1.119 seconds.",The sound of liquid occurs before the pig oinked.,test
aha_q_235,aha,How many distinct sound events occur in this sequence?,mcq,Two sound events occur: a whistle and a dental drill.,"[""Three sound events occur: a whistle, a dental drill, and a siren.""]",test500_duration/audio/syn_438,audio,temporal reasoning,event counting,test,"A whistle sounded for 2.047 seconds, then a dental drill buzzed for 3.127 seconds.","Three sound events occur: a whistle, a dental drill, and a siren.",test
aha_q_236,aha,Which sound event has the longest duration?,mcq,The medium engine sound has the longest duration.,"[""The spray sound has the longest duration.""]",test500_duration/audio/syn_44,audio,temporal reasoning,duration comparison,test,"A spray occurred for 0.519 seconds, and then a medium engine sound lasted for 2.772 seconds.",The spray sound has the longest duration.,test
aha_q_237,aha,What is the temporal structure of this audio clip?,mcq,"Hiss occurs first, followed by the combined thump and thud.","[""The combined thump and thud sound occurs first, then the hiss.""]",test500_duration/audio/syn_441,audio,temporal reasoning,temporal order,test,"A hiss occurred for 2 seconds, then a combined thump and thud sound happened for 0.686 seconds.","The combined thump and thud sound occurs first, then the hiss.",test
aha_q_238,aha,Which sound event has the longest duration?,mcq,The person speaking has the longest duration.,"[""The static noise has the longest duration.""]",test500_duration/audio/syn_442,audio,temporal reasoning,duration comparison,test,"A person spoke for 1.763 seconds, then there was static noise for 0.582 seconds.",The static noise has the longest duration.,test
aha_q_239,aha,Which sound event has the longest duration?,mcq,The dental drill has the longest duration.,"[""The goat bleated the longest.""]",test500_duration/audio/syn_443,audio,temporal reasoning,duration comparison,test,"A goat bleated for just under a second, followed by the sound of a dental drill for over four seconds.",The goat bleated the longest.,test
aha_q_240,aha,What is the chronological order of the sound events in this audio?,mcq,The yip occurs before the busy signal.,"[""The busy signal occurs before the yip.""]",test500_duration/audio/syn_444,audio,temporal reasoning,temporal order,test,"A yip occurred for 1.268 seconds, followed by a busy signal lasting 1.023 seconds.",The busy signal occurs before the yip.,test
aha_q_241,aha,What is the chronological order of the sound events in this audio?,mcq,"The spray occurred first, then the bird chirped.","[""The bird chirped first, then the spray occurred.""]",test500_duration/audio/syn_445,audio,temporal reasoning,temporal order,test,"A spray occurred for 1.806 seconds, then a bird chirped for 2.618 seconds.","The bird chirped first, then the spray occurred.",test
aha_q_242,aha,What is the chronological order of the sound events in this audio?,mcq,"The dog whimpered first, then the clang sounded.","[""The clang sounded first, then the dog whimpered.""]",test500_duration/audio/syn_446,audio,temporal reasoning,temporal order,test,"A dog whimpered for 0.638 seconds, then a clang sounded for 0.707 seconds.","The clang sounded first, then the dog whimpered.",test
aha_q_243,aha,What is the chronological order of the sound events in this audio?,mcq,"First, there is a burst of static, then a toilet flush.","[""The toilet flush occurs first, followed by a burst of static.""]",test500_duration/audio/syn_448,audio,temporal reasoning,temporal order,test,"A burst of static lasted for 0.472 seconds, then a toilet flushed for 3.291 seconds.","The toilet flush occurs first, followed by a burst of static.",test
aha_q_244,aha,How many distinct sound events occur in this sequence?,mcq,There are two distinct sound events.,"[""There are three distinct sound events.""]",test500_duration/audio/syn_449,audio,temporal reasoning,event counting,test,"A typewriter clicked for 2.701 seconds, then a siren wailed for 5.204 seconds.",There are three distinct sound events.,test
aha_q_245,aha,What is the temporal structure of this audio clip?,mcq,"The whistle sounds first, followed by the thunder.","[""The thunder sounds first, then the whistle.""]",test500_duration/audio/syn_45,audio,temporal reasoning,temporal order,test,"A whistle sounded for 0.716 seconds, then thunder rumbled for 4.942 seconds.","The thunder sounds first, then the whistle.",test
aha_q_246,aha,What is the chronological order of the sound events in this audio?,mcq,"The duck quacked first, then the telephone rang.","[""The telephone rang first, then the duck quacked.""]",test500_duration/audio/syn_453,audio,temporal reasoning,temporal order,test,"A duck quacked for 0.274 seconds, then a telephone rang for 3.502 seconds.","The telephone rang first, then the duck quacked.",test
aha_q_247,aha,How many distinct sound events occur in this sequence?,mcq,Two sound events occur: clock ticking and biting.,"[""Three sound events occur: clock ticking, biting, and a ringing sound.""]",test500_duration/audio/syn_454,audio,temporal reasoning,event counting,test,A clock ticked for 3.654 seconds and then there was the sound of biting for 0.889 seconds.,"Three sound events occur: clock ticking, biting, and a ringing sound.",test
aha_q_248,aha,Which sound event has the longest duration?,mcq,The cock crowed for the longest duration.,"[""The person cleared their throat for the longest duration.""]",test500_duration/audio/syn_455,audio,temporal reasoning,duration comparison,test,"A cock crowed for 1.842 seconds, then someone cleared their throat for 1.083 seconds.",The person cleared their throat for the longest duration.,test
aha_q_249,aha,Which sound event has the longest duration?,mcq,The sound of rain on a surface has the longest duration.,"[""The person sneezed has the longest duration.""]",test500_duration/audio/syn_457,audio,temporal reasoning,duration comparison,test,"A person sneezed for 0.835 seconds, followed by the sound of rain on a surface for 5.266 seconds.",The person sneezed has the longest duration.,test
aha_q_250,aha,What is the temporal structure of this audio clip?,mcq,"The slam occurred first, then the drill.","[""The drill occurred first, then the slam.""]",test500_duration/audio/syn_459,audio,temporal reasoning,temporal order,test,"A slam occurred for 0.549 seconds, then a drill was heard for 2.124 seconds.","The drill occurred first, then the slam.",test
aha_q_251,aha,What is the chronological order of the sound events in this audio?,mcq,"The liquid poured first, then music played.","[""Music played first, then the liquid was poured.""]",test500_duration/audio/syn_460,audio,temporal reasoning,temporal order,test,"A liquid poured for 1.74 seconds, then music played for 2.997 seconds.","Music played first, then the liquid was poured.",test
aha_q_252,aha,What is the chronological order of the sound events in this audio?,mcq,"The toilet flushed first, followed by the chirping and tweeting sound.","[""The chirping and tweeting sound occurred first, then the toilet flushed.""]",test500_duration/audio/syn_461,audio,temporal reasoning,temporal order,test,"A toilet flushed for 3.429 seconds, then a chirping and tweeting sound occurred for 0.457 seconds.","The chirping and tweeting sound occurred first, then the toilet flushed.",test
aha_q_253,aha,Which sound event has the longest duration?,mcq,The burp has the longest duration.,"[""The silence has the longest duration.""]",test500_duration/audio/syn_463,audio,temporal reasoning,duration comparison,test,"There was silence for 0.764 seconds, then a burp lasting 2.417 seconds.",The silence has the longest duration.,test
aha_q_254,aha,What is the temporal structure of this audio clip?,mcq,"The whooshing sound occurs first, then the mosquito buzzing.","[""The mosquito buzzing occurs first, then the whooshing sound.""]",test500_duration/audio/syn_464,audio,temporal reasoning,temporal order,test,"A whooshing sound occurred for 1.099 seconds, followed by a mosquito buzzing for 4.538 seconds.","The mosquito buzzing occurs first, then the whooshing sound.",test
aha_q_255,aha,What is the chronological order of the sound events in this audio?,mcq,"The shout occurs first, followed by baby laughter.","[""Baby laughter occurs before the shout.""]",test500_duration/audio/syn_465,audio,temporal reasoning,temporal order,test,"A shout occurred for 0.66 seconds, then baby laughter followed for 0.807 seconds.",Baby laughter occurs before the shout.,test
aha_q_256,aha,Which sound event has the longest duration?,mcq,The cowbell has the longest duration.,"[""The breath has the longest duration.""]",test500_duration/audio/syn_466,audio,temporal reasoning,duration comparison,test,"A person breathed briefly for 0.228 seconds, then a cowbell rang for 3.559 seconds.",The breath has the longest duration.,test
aha_q_257,aha,Which sound event has the longest duration?,mcq,The chuckle or chortle has the longest duration.,"[""The neigh or whinny has the longest duration.""]",test500_duration/audio/syn_468,audio,temporal reasoning,duration comparison,test,"A chuckle or chortle lasted for 2.142 seconds, then a neigh or whinny followed, lasting for 1.811 seconds.",The neigh or whinny has the longest duration.,test
aha_q_258,aha,What is the temporal structure of this audio clip?,mcq,"The mosquito buzzed first, then the emergency vehicle siren wailed.","[""The emergency vehicle siren wailed before the mosquito buzzed.""]",test500_duration/audio/syn_47,audio,temporal reasoning,temporal order,test,"A mosquito buzzed for 0.866 seconds, then an emergency vehicle siren wailed for 2.848 seconds.",The emergency vehicle siren wailed before the mosquito buzzed.,test
aha_q_259,aha,What is the temporal structure of this audio clip?,mcq,"The pig oinked first, followed by a hissing sound.","[""The hissing sound occurs before the pig oinked.""]",test500_duration/audio/syn_470,audio,temporal reasoning,temporal order,test,"A pig oinked for 0.307 seconds, then there was a hissing sound for 2 seconds.",The hissing sound occurs before the pig oinked.,test
aha_q_260,aha,What is the temporal structure of this audio clip?,mcq,"The drill occurs first, followed by the doorbell ringing.","[""The doorbell rings first, then the drill operates.""]",test500_duration/audio/syn_471,audio,temporal reasoning,temporal order,test,"A drill operated for 2.669 seconds, followed by a doorbell ringing for 0.982 seconds.","The doorbell rings first, then the drill operates.",test
aha_q_261,aha,Which sound event has the longest duration?,mcq,The train whistle has the longest duration.,"[""The rumble has the longest duration.""]",test500_duration/audio/syn_473,audio,temporal reasoning,duration comparison,test,"A train whistle sounded for 3.672 seconds, then a rumble followed for 2.443 seconds.",The rumble has the longest duration.,test
aha_q_262,aha,What is the chronological order of the sound events in this audio?,mcq,"A door slammed shut, then an explosion occurred.","[""An explosion occurred first, followed by a door slamming.""]",test500_duration/audio/syn_475,audio,temporal reasoning,temporal order,test,"A door slammed shut for 0.549 seconds, followed by an explosion lasting 1.359 seconds.","An explosion occurred first, followed by a door slamming.",test
aha_q_263,aha,Which sound event has the longest duration?,mcq,The slam has the longest duration.,"[""The slam has the shortest duration.""]",test500_duration/audio/syn_476,audio,temporal reasoning,duration comparison,test,"A slam occurred for 1.12 seconds, then a thump and thud followed for 0.441 seconds.",The slam has the shortest duration.,test
aha_q_264,aha,What is the temporal structure of this audio clip?,mcq,"The horse neighs first, followed by static noise.","[""The static noise occurs before the horse neighs.""]",test500_duration/audio/syn_477,audio,temporal reasoning,temporal order,test,"A horse neighed for 1.858 seconds, then static noise occurred for 3.069 seconds.",The static noise occurs before the horse neighs.,test
aha_q_265,aha,How many distinct sound events occur in this sequence?,mcq,"Three distinct sound events occur: ticking, thump and thud, and plop.","[""Two sounds occur: ticking and thump, with no plop.""]",test500_duration/audio/syn_478,audio,temporal reasoning,event counting,test,"A clock tick-tocked for 0.414 seconds, followed by a thump and thud lasting 0.441 seconds, then a plop for 0.405 seconds.","Two sounds occur: ticking and thump, with no plop.",test
aha_q_266,aha,What is the chronological order of the sound events in this audio?,mcq,"The pig oinked first, then someone belly laughed.","[""Someone belly laughed first, then a pig oinked.""]",test500_duration/audio/syn_479,audio,temporal reasoning,temporal order,test,"A pig oinked for 1.341 seconds, then someone belly laughed for 1.976 seconds.","Someone belly laughed first, then a pig oinked.",test
aha_q_267,aha,How many distinct sound events occur in this sequence?,mcq,Three sound events occur.,"[""Two sound events occur in the sequence.""]",test500_duration/audio/syn_480,audio,temporal reasoning,event counting,test,"A hiss sounds for 2 seconds, followed by a giggle lasting 0.968 seconds, and the clatter of dishes, pots, and pans for 0.308 seconds.",Two sound events occur in the sequence.,test
aha_q_268,aha,What is the temporal structure of this audio clip?,mcq,Crunching then lawn mower.,"[""Lawn mower then crunching.""]",test500_duration/audio/syn_481,audio,temporal reasoning,temporal order,test,"A crunching sound occurred for 1.683 seconds, followed by the sound of a lawn mower for 2.949 seconds.",Lawn mower then crunching.,test
aha_q_269,aha,What is the chronological order of the sound events in this audio?,mcq,"The buzzer sounds first, then the quack.","[""The quack sounds first, then the buzzer.""]",test500_duration/audio/syn_482,audio,temporal reasoning,temporal order,test,"A buzzer sounded for 1.412 seconds, followed by a quack lasting 0.274 seconds.","The quack sounds first, then the buzzer.",test
aha_q_270,aha,Which sound event has the longest duration?,mcq,Water has the longest duration.,"[""The fart has the longest duration.""]",test500_duration/audio/syn_484,audio,temporal reasoning,duration comparison,test,"A fart occurred for 0.622 seconds, then the sound of water for 4.442 seconds.",The fart has the longest duration.,test
aha_q_271,aha,What is the temporal structure of this audio clip?,mcq,"Paper rustled first, then the sewing machine ran.","[""The sewing machine ran first, then paper rustled.""]",test500_duration/audio/syn_485,audio,temporal reasoning,temporal order,test,"Paper rustled for 2.924 seconds, then a sewing machine ran for 3.662 seconds.","The sewing machine ran first, then paper rustled.",test
aha_q_272,aha,Which sound event has the longest duration?,mcq,The power tool has the longest duration.,"[""The dog has the longest duration.""]",test500_duration/audio/syn_486,audio,temporal reasoning,duration comparison,test,"A power tool ran for 2.709 seconds, then a dog barked for 0.795 seconds.",The dog has the longest duration.,test
aha_q_273,aha,How many distinct sound events occur in this sequence?,mcq,Two sound events occur.,"[""Three sound events occur.""]",test500_duration/audio/syn_488,audio,temporal reasoning,event counting,test,"A child sang for 2.213 seconds, then a drill was heard for 3.904 seconds.",Three sound events occur.,test
aha_q_274,aha,What is the chronological order of the sound events in this audio?,mcq,"The telephone rang first, followed by the train whistle.","[""The train whistle happened first, then the telephone rang.""]",test500_duration/audio/syn_49,audio,temporal reasoning,temporal order,test,A telephone rang for 3.376 seconds and then a train whistle blew for 0.898 seconds.,"The train whistle happened first, then the telephone rang.",test
aha_q_275,aha,How many distinct sound events occur in this sequence?,mcq,Two sound events occur.,"[""Three sound events occur.""]",test500_duration/audio/syn_490,audio,temporal reasoning,event counting,test,"A thump and thud occurred for 0.598 seconds, followed by an ambulance siren lasting 3.192 seconds.",Three sound events occur.,test
aha_q_276,aha,What is the temporal structure of this audio clip?,mcq,"A crunch sound occurs first, then silence follows.","[""Silence occurs first, then a crunch sound.""]",test500_duration/audio/syn_491,audio,temporal reasoning,temporal order,test,"A crunch occurred for 1.683 seconds, followed by silence lasting 0.764 seconds.","Silence occurs first, then a crunch sound.",test
aha_q_277,aha,What is the temporal structure of this audio clip?,mcq,"The hammer sounds first, followed by the dog bark.","[""The dog barked first, then the hammer struck.""]",test500_duration/audio/syn_492,audio,temporal reasoning,temporal order,test,"A hammer struck for 0.25 seconds, then a dog barked for 0.69 seconds.","The dog barked first, then the hammer struck.",test
aha_q_278,aha,What is the chronological order of the sound events in this audio?,mcq,"The hissing sound occurred first, followed by the whistle.","[""The whistle occurred first, then the hissing sound.""]",test500_duration/audio/syn_493,audio,temporal reasoning,temporal order,test,"A hissing sound occurred for 2 seconds, then a whistle was heard for 0.614 seconds.","The whistle occurred first, then the hissing sound.",test
aha_q_279,aha,What is the temporal structure of this audio clip?,mcq,"The cat meowed first, then the rooster crowed.","[""The rooster crowed first, then the cat meowed.""]",test500_duration/audio/syn_497,audio,temporal reasoning,temporal order,test,A cat meowed for 0.795 seconds followed by a rooster crowing for 1.842 seconds.,"The rooster crowed first, then the cat meowed.",test
aha_q_280,aha,What is the sequence of sounds from start to finish?,mcq,"Someone bit into something first, then a mosquito buzzed.","[""A mosquito buzzed first, then someone bit into something.""]",test500_duration/audio/syn_498,audio,temporal reasoning,temporal order,test,"Someone bit into something for 0.889 seconds, then a mosquito buzzed for 2.008 seconds.","A mosquito buzzed first, then someone bit into something.",test
aha_q_281,aha,What is the temporal structure of this audio clip?,mcq,"The cock crowed first, then the machine gun fired.","[""The machine gun fired first, then the cock crowed.""]",test500_duration/audio/syn_499,audio,temporal reasoning,temporal order,test,"A cock crowed for 1.842 seconds, then a machine gun fired for 1.186 seconds.","The machine gun fired first, then the cock crowed.",test
aha_q_282,aha,Which sound event has the longest duration?,mcq,The train whistle has the longest duration.,"[""The neigh has the longest duration.""]",test500_duration/audio/syn_5,audio,temporal reasoning,duration comparison,test,"A neigh and whinny occurred for 1.811 seconds, followed by a train whistle lasting 3.677 seconds.",The neigh has the longest duration.,test
aha_q_283,aha,Which sound event has the longest duration?,mcq,"The gurgling, bubbling sound has the longest duration.","[""The paper rustling sound has the longest duration.""]",test500_duration/audio/syn_500,audio,temporal reasoning,duration comparison,test,"A gurgling, bubbling sound persisted for 3.192 seconds, then paper rustling occurred for 2.342 seconds.",The paper rustling sound has the longest duration.,test
aha_q_284,aha,How many distinct sound events occur in this sequence?,mcq,There are two sound events: a vehicle horn and a fire alarm.,"[""There are three sound events: a vehicle horn, a fire alarm, and a siren.""]",test500_duration/audio/syn_51,audio,temporal reasoning,event counting,test,"A vehicle horn honked for 0.636 seconds, followed by a fire alarm sounding for 5.199 seconds.","There are three sound events: a vehicle horn, a fire alarm, and a siren.",test
aha_q_285,aha,What is the chronological order of the sound events in this audio?,mcq,"The air horn or truck horn sounds first, then the rain hits a surface.","[""The rain hits a surface first, then the air horn or truck horn sounds.""]",test500_duration/audio/syn_52,audio,temporal reasoning,temporal order,test,"An air horn or truck horn sounded for 1.702 seconds, followed by rain hitting a surface for 4.39 seconds.","The rain hits a surface first, then the air horn or truck horn sounds.",test
aha_q_286,aha,Which sound event has the longest duration?,mcq,The civil defense siren has the longest duration.,"[""The howl has the longest duration.""]",test500_duration/audio/syn_55,audio,temporal reasoning,duration comparison,test,"A howl was heard for 2.425 seconds, followed by a civil defense siren lasting 4.29 seconds.",The howl has the longest duration.,test
aha_q_287,aha,What is the temporal structure of this audio clip?,mcq,"The whooshing sound occurs first, followed by the crowing noise.","[""The crowing noise occurs first, then the whooshing sound.""]",test500_duration/audio/syn_56,audio,temporal reasoning,temporal order,test,"A whooshing sound occurred for 0.544 seconds, followed by a crowing noise lasting 1.842 seconds.","The crowing noise occurs first, then the whooshing sound.",test
aha_q_288,aha,What is the temporal structure of this audio clip?,mcq,The sound effect was heard before the emergency vehicle.,"[""The emergency vehicle was heard before the sound effect.""]",test500_duration/audio/syn_57,audio,temporal reasoning,temporal order,test,"A sound effect occurred for 1.694 seconds, then an emergency vehicle was heard for 5.439 seconds.",The emergency vehicle was heard before the sound effect.,test
aha_q_289,aha,How many distinct sound events occur in this sequence?,mcq,Two sound events occur: a cat meow and an explosion.,"[""Three sound events occur: a meow, a ringing, and an explosion.""]",test500_duration/audio/syn_59,audio,temporal reasoning,event counting,test,"A cat meowed for 0.795 seconds, and then there was an explosion lasting 0.811 seconds.","Three sound events occur: a meow, a ringing, and an explosion.",test
aha_q_290,aha,Which sound event has the longest duration?,mcq,The toilet flushed has the longest duration.,"[""The ding has the longest duration.""]",test500_duration/audio/syn_63,audio,temporal reasoning,duration comparison,test,"A toilet flushed for 2.842 seconds, then a ding sounded for 0.291 seconds.",The ding has the longest duration.,test
aha_q_291,aha,What is the chronological order of the sound events in this audio?,mcq,"The air horn from a truck blared first, then the sound of accelerating with revving followed.","[""The sound of accelerating with revving occurred first, then the air horn from the truck blared.""]",test500_duration/audio/syn_64,audio,temporal reasoning,temporal order,test,"An air horn from a truck blared for 2.45 seconds, then came the sound of accelerating with revving at 2.042 seconds.","The sound of accelerating with revving occurred first, then the air horn from the truck blared.",test
aha_q_292,aha,What is the sequence of sounds from start to finish?,mcq,"Rustle, spray, sawing.","[""Rustle, sawing, spray.""]",test500_duration/audio/syn_65,audio,temporal reasoning,temporal order,test,"A rustle lasted for 0.906 seconds, then a spray persisted for 1.806 seconds, followed by sawing for 1.323 seconds.","Rustle, sawing, spray.",test
aha_q_293,aha,What is the temporal structure of this audio clip?,mcq,The rustle occurs before the typewriter.,"[""The typewriter occurs before the rustle.""]",test500_duration/audio/syn_66,audio,temporal reasoning,temporal order,test,"A rustle occurred for 0.906 seconds, then a typewriter was heard for 1.448 seconds.",The typewriter occurs before the rustle.,test
aha_q_294,aha,Which sound event has the longest duration?,mcq,The aircraft noise has the longest duration.,"[""The spray has the longest duration.""]",test500_duration/audio/syn_67,audio,temporal reasoning,duration comparison,test,"A spray occurred for 1.738 seconds, followed by an aircraft noise lasting 2.83 seconds.",The spray has the longest duration.,test
aha_q_295,aha,What is the chronological order of the sound events in this audio?,mcq,"The sound effect occurred first, followed by the thump and thud.","[""The thump and thud occurred first, then the sound effect.""]",test500_duration/audio/syn_69,audio,temporal reasoning,temporal order,test,"A sound effect occurred for 1.694 seconds, followed by a thump, thud for 0.598 seconds.","The thump and thud occurred first, then the sound effect.",test
aha_q_296,aha,What is the temporal structure of this audio clip?,mcq,"Thump and thud occurred first, followed by a sneeze.","[""Sneeze occurred first, followed by the thump.""]",test500_duration/audio/syn_70,audio,temporal reasoning,temporal order,test,"A thump and thud occurred for 0.874 seconds, followed by a sneeze lasting 0.914 seconds.","Sneeze occurred first, followed by the thump.",test
aha_q_297,aha,How many times does each sound event occur?,mcq,The person grunted once and the emergency vehicle was heard once.,"[""The person grunted twice and the emergency vehicle was heard twice.""]",test500_duration/audio/syn_71,audio,temporal reasoning,event counting,test,"A person grunted for 1.976 seconds, then an emergency vehicle was heard for 2.083 seconds.",The person grunted twice and the emergency vehicle was heard twice.,test
aha_q_298,aha,Which sound event has the longest duration?,mcq,The medium engine humming has the longest duration.,"[""The baby laughed has the longest duration.""]",test500_duration/audio/syn_74,audio,temporal reasoning,duration comparison,test,"A baby laughed for approximately 1 second, followed by the sound of a medium engine humming for about 2.7 seconds.",The baby laughed has the longest duration.,test
aha_q_299,aha,What is the chronological order of the sound events in this audio?,mcq,"The keyboard was tapped first, then the whip cracked.","[""The whip cracked first, then the keyboard was tapped.""]",test500_duration/audio/syn_78,audio,temporal reasoning,temporal order,test,"A computer keyboard was tapped for 0.252 seconds, then a whip cracked for 0.693 seconds.","The whip cracked first, then the keyboard was tapped.",test
aha_q_300,aha,What is the temporal structure of this audio clip?,mcq,Laughing occurs before the fart.,"[""The fart occurs before the person laughs.""]",test500_duration/audio/syn_79,audio,temporal reasoning,temporal order,test,"A person laughed for 2.03 seconds, then there was a fart lasting 0.661 seconds.",The fart occurs before the person laughs.,test
aha_q_301,aha,What is the temporal structure of this audio clip?,mcq,Sneezing occurs before the electric shaver noise.,"[""The electric shaver noise happens before the person sneezes.""]",test500_duration/audio/syn_8,audio,temporal reasoning,temporal order,test,"A person sneezed for 0.914 seconds, then the buzz of an electric shaver lasted for 3.137 seconds.",The electric shaver noise happens before the person sneezes.,test
aha_q_302,aha,What is the order of the sound events in this audio?,mcq,"The clock ticked first, then the mosquito buzzed.","[""The mosquito buzzed first, then the clock ticked.""]",test500_duration/audio/syn_82,audio,temporal reasoning,temporal order,test,"A clock tick-tocked for 0.455 seconds, then a mosquito buzzed for 0.866 seconds.","The mosquito buzzed first, then the clock ticked.",test
aha_q_303,aha,What is the temporal structure of this audio clip?,mcq,"The person groaned first, then snored.","[""The person snored first, then groaned.""]",test500_duration/audio/syn_83,audio,temporal reasoning,temporal order,test,A person groaned for 1.21 seconds and then snored for 1.248 seconds.,"The person snored first, then groaned.",test
aha_q_304,aha,Which sound event has the longest duration?,mcq,The rooster crowed has the longest duration.,"[""The dog barked has the longest duration.""]",test500_duration/audio/syn_86,audio,temporal reasoning,duration comparison,test,"A dog barked for 0.95 seconds, then a rooster crowed for 1.842 seconds.",The dog barked has the longest duration.,test
aha_q_305,aha,What is the temporal structure of this audio clip?,mcq,"The cat meowed first, then the rumble.","[""The rumble occurs before the cat meowed.""]",test500_duration/audio/syn_87,audio,temporal reasoning,temporal order,test,"A cat meowed for 1.092 seconds, followed by a rumble lasting 3.657 seconds.",The rumble occurs before the cat meowed.,test
aha_q_306,aha,What is the chronological order of the sound events in this audio?,mcq,Someone tore something then water was heard.,"[""The water was heard first, then someone tore something.""]",test500_duration/audio/syn_9,audio,temporal reasoning,temporal order,test,"Someone tore something for 1.9 seconds, then the sound of water was heard for 2.4 seconds.","The water was heard first, then someone tore something.",test
aha_q_307,aha,What is the temporal structure of this audio clip?,mcq,"The child sang first, then there was a cough.","[""The cough occurred before the child sang.""]",test500_duration/audio/syn_90,audio,temporal reasoning,temporal order,test,"A child sang for 2.213 seconds, then there was a cough lasting 0.33 seconds.",The cough occurred before the child sang.,test
aha_q_308,aha,What is the order of the sound events in this audio?,mcq,"The croak occurs first, followed by the telephone bell.","[""The telephone bell rings first, then the croak occurs.""]",test500_duration/audio/syn_91,audio,temporal reasoning,temporal order,test,"A croak lasted for 0.654 seconds, then a telephone bell rang continuously for 5.144 seconds.","The telephone bell rings first, then the croak occurs.",test
aha_q_309,aha,Which sound event has the longest duration?,mcq,The tearing sound has the longest duration.,"[""The knocking sound has the longest duration.""]",test500_duration/audio/syn_95,audio,temporal reasoning,duration comparison,test,"A knock occurred for 0.858 seconds, and then there was the sound of tearing for 1.881 seconds.",The knocking sound has the longest duration.,test
aha_q_310,aha,What is the temporal structure of this audio clip?,mcq,"The person screamed first, then sanding.","[""The sanding sound occurs before the scream.""]",test500_duration/audio/syn_96,audio,temporal reasoning,temporal order,test,"A person screamed for 0.45 seconds, then the sound of sanding followed for 1.811 seconds.",The sanding sound occurs before the scream.,test
aha_q_311,aha,What is the temporal structure of this audio clip?,mcq,Fireworks then gurgling and bubbling.,"[""Gurgling and bubbling then fireworks.""]",test500_duration/audio/syn_97,audio,temporal reasoning,temporal order,test,"Fireworks erupted for 1.286 seconds, then gurgling and bubbling persisted for 3.192 seconds.",Gurgling and bubbling then fireworks.,test
aha_q_312,aha,What is the chronological order of the sound events in this audio?,mcq,"The slap or smack occurred first, followed by the female singing.","[""The female singing occurred first, then the slap or smack.""]",test500_duration/audio/syn_98,audio,temporal reasoning,temporal order,test,"A slap or smack occurred lasting 0.43 seconds, followed by a female singing for 3.205 seconds.","The female singing occurred first, then the slap or smack.",test
aha_q_313,aha,What is the temporal structure of this audio clip?,mcq,"Whip cracks, then a whoosh, then a slam.","[""The slam occurs before the whip cracks, with a single whip crack, a slam, and a whoosh.""]",test500_frequency/audio/syn_10,audio,temporal reasoning,temporal order,test,"A whip cracks twice, followed by a whoosh sound once, and ends with a slam occurring once.","The slam occurs before the whip cracks, with a single whip crack, a slam, and a whoosh.",test
aha_q_314,aha,How many distinct sound events occur in this sequence?,mcq,"Three sound events occur: machine gun shot, whip crack, and engine start.","[""Two sound events occur: machine gun shot and whip crack.""]",test500_frequency/audio/syn_101,audio,temporal reasoning,event counting,test,"A machine gun fired once, followed by a whip cracking once, and then a medium engine started once.",Two sound events occur: machine gun shot and whip crack.,test
aha_q_315,aha,What is the temporal structure of this audio clip?,mcq,Dog bark then person screams twice.,"[""Person screams twice then dog barks.""]",test500_frequency/audio/syn_105,audio,temporal reasoning,temporal order,test,"A dog barks once, followed by a person screaming twice.",Person screams twice then dog barks.,test
aha_q_316,aha,How many times does each sound event occur?,mcq,"Waves crashed once, rumbling sound once.","[""Waves crashed twice, rumbling sound twice.""]",test500_frequency/audio/syn_106,audio,temporal reasoning,event counting,test,"Waves crashed once, followed by a single occurrence of a rumbling sound.","Waves crashed twice, rumbling sound twice.",test
aha_q_317,aha,How many distinct sound events occur in this sequence?,mcq,Two distinct sound events occur: something breaks and a ship sound.,"[""Three distinct sound events occur: something breaks, a ship sound, and a siren.""]",test500_frequency/audio/syn_107,audio,temporal reasoning,event counting,test,"Something breaks once, then a ship sound occurs once.","Three distinct sound events occur: something breaks, a ship sound, and a siren.",test
aha_q_318,aha,How many distinct sound events occur in this sequence?,mcq,Two sound events occur: a bell ding and thunder.,"[""Three sound events occur: a bell ding, thunder, and rain.""]",test500_frequency/audio/syn_109,audio,temporal reasoning,event counting,test,"A bell dinged once, followed by a single instance of thunder.","Three sound events occur: a bell ding, thunder, and rain.",test
aha_q_319,aha,What is the temporal structure of this audio clip?,mcq,"Sanding occurs first, then throat clearing happens twice.","[""Throat clearing occurs first, then sanding.""]",test500_frequency/audio/syn_11,audio,temporal reasoning,temporal order,test,"Sanding occurs once, followed by throat clearing twice.","Throat clearing occurs first, then sanding.",test
aha_q_320,aha,How many instances of sound events occur in this sequence?,mcq,There are two sound events: static and lawn mower.,"[""There is only one sound event, the lawn mower.""]",test500_frequency/audio/syn_110,audio,temporal reasoning,event counting,test,There's once instance of static followed by the sound of a lawn mower once.,"There is only one sound event, the lawn mower.",test
aha_q_321,aha,How many times does each sound event occur?,mcq,Spray occurs twice; barking occurs once.,"[""Spray occurs once; barking occurs twice.""]",test500_frequency/audio/syn_111,audio,temporal reasoning,event counting,test,"The spray occurred twice, followed by one instance of barking.",Spray occurs once; barking occurs twice.,test
aha_q_322,aha,What is the chronological order of the sound events in this audio?,mcq,"The rooster crowed first, then a gunshot occurred.","[""The gunshot happened first, then the rooster crowed.""]",test500_frequency/audio/syn_112,audio,temporal reasoning,temporal order,test,"A rooster crowed once, followed by a single gunshot.","The gunshot happened first, then the rooster crowed.",test
aha_q_323,aha,What is the temporal structure of this audio clip?,mcq,"Someone laughed once, then there was the sound of tearing twice.","[""The sound of tearing occurred before someone laughed.""]",test500_frequency/audio/syn_113,audio,temporal reasoning,temporal order,test,"Someone laughed once, then there was the sound of tearing twice.",The sound of tearing occurred before someone laughed.,test
aha_q_324,aha,What is the temporal structure of this audio clip?,mcq,"Hiss occurred twice, then a dial tone.","[""A dial tone occurred twice, followed by a hiss.""]",test500_frequency/audio/syn_116,audio,temporal reasoning,temporal order,test,"A hiss occurred twice, followed by a single dial tone.","A dial tone occurred twice, followed by a hiss.",test
aha_q_325,aha,What is the temporal structure of this audio clip?,mcq,"Keyboard typing occurs first, then waterflow.","[""Keyboard typing occurs twice, then a waterfall.""]",test500_frequency/audio/syn_117,audio,temporal reasoning,temporal order,test,"A computer keyboard was typed on twice, followed by the sound of a waterfall once.","Keyboard typing occurs twice, then a waterfall.",test
aha_q_326,aha,What is the temporal structure of this audio clip?,mcq,"Alarm sounds twice, then the power saw activates once.","[""The power saw sounds twice, then the alarm activates once.""]",test500_frequency/audio/syn_119,audio,temporal reasoning,temporal order,test,"An alarm sounds twice, followed by a power saw activating once.","The power saw sounds twice, then the alarm activates once.",test
aha_q_327,aha,What is the temporal structure of this audio clip?,mcq,"Whip crack, then hum, then dental drill.","[""The dental drill sounds before the whip crack, followed by a hum.""]",test500_frequency/audio/syn_120,audio,temporal reasoning,temporal order,test,"A whip cracks once, followed by a single hum, and then a dental drill is heard once.","The dental drill sounds before the whip crack, followed by a hum.",test
aha_q_328,aha,What is the chronological order of the sound events in this audio?,mcq,"The dog barked three times first, then it howled once.","[""The dog howled first, then barked three times.""]",test500_frequency/audio/syn_123,audio,temporal reasoning,temporal order,test,"A dog barked three times, then howled once.","The dog howled first, then barked three times.",test
aha_q_329,aha,How many times does each sound event occur?,mcq,"The sound effect occurred once, followed by sanding twice.","[""The sound effect occurred twice, followed by sanding once.""]",test500_frequency/audio/syn_124,audio,temporal reasoning,event counting,test,"A sound effect occurred once, followed by sanding twice.","The sound effect occurred twice, followed by sanding once.",test
aha_q_330,aha,How many distinct sound events occur in this sequence?,mcq,Two sound events occur.,"[""Three sound events occur.""]",test500_frequency/audio/syn_127,audio,temporal reasoning,event counting,test,"A cat meowed once, then there was a single clang.",Three sound events occur.,test
aha_q_331,aha,How many times does each sound event occur?,mcq,The clock ticked three times and the rustle occurred three times.,"[""The clock ticked once and the rustle occurred twice.""]",test500_frequency/audio/syn_128,audio,temporal reasoning,event counting,test,"A clock tick-tocked three times, followed by a rustle three times.",The clock ticked once and the rustle occurred twice.,test
aha_q_332,aha,How many times does each sound event occur?,mcq,"Someone screamed three times, and a power tool occurs once.","[""Someone screamed twice, followed by a power tool twice.""]",test500_frequency/audio/syn_133,audio,temporal reasoning,event counting,test,"Someone screamed three times, followed by the sound of a power tool once.","Someone screamed twice, followed by a power tool twice.",test
aha_q_333,aha,How many times does each sound event occur?,mcq,The belly laugh occurs twice; water occurs once.,"[""The belly laugh occurs once; water occurs twice.""]",test500_frequency/audio/syn_14,audio,temporal reasoning,event counting,test,"A belly laugh occurs twice, followed by the sound of water once.",The belly laugh occurs once; water occurs twice.,test
aha_q_334,aha,What is the temporal structure of this audio clip?,mcq,"The duck quacks three times, then music plays once.","[""Music plays first, then the duck quacks three times.""]",test500_frequency/audio/syn_140,audio,temporal reasoning,temporal order,test,"A duck quacks three times, and then music plays once.","Music plays first, then the duck quacks three times.",test
aha_q_335,aha,What is the chronological order of the sound events in this audio?,mcq,"The cock crowed twice first, then the two ticking sounds followed.","[""The ticking sounds occurred before the cock crowed twice.""]",test500_frequency/audio/syn_141,audio,temporal reasoning,temporal order,test,"A cock crowed twice, followed by two ticking sounds.",The ticking sounds occurred before the cock crowed twice.,test
aha_q_336,aha,What is the order of the sound events in this audio?,mcq,"The foghorn sounded first, followed by two slaps or smacks.","[""The slaps sounded first, then the foghorn.""]",test500_frequency/audio/syn_142,audio,temporal reasoning,temporal order,test,"A foghorn sounded once, then there were two instances of a slap or smack.","The slaps sounded first, then the foghorn.",test
aha_q_337,aha,What is the temporal structure of this audio clip?,mcq,"The thump and thud sounds occurred twice, then the ship sound followed.","[""The ship sound occurred twice, then the thump and thud sounds.""]",test500_frequency/audio/syn_143,audio,temporal reasoning,temporal order,test,"A thump and thud occurred twice, followed by one ship sound.","The ship sound occurred twice, then the thump and thud sounds.",test
aha_q_338,aha,What is the temporal structure of this audio clip?,mcq,"Giggling twice, then drilling, then croaking twice.","[""Giggling twice, then croaking twice, then drilling.""]",test500_frequency/audio/syn_146,audio,temporal reasoning,temporal order,test,"Someone giggles twice, followed by a single instance of drilling, then a croaking sound occurs twice.","Giggling twice, then croaking twice, then drilling.",test
aha_q_339,aha,What is the chronological order of the sound events in this audio?,mcq,"The frog croaked twice first, then the tearing sound occurred.","[""The tearing sound happened first, then the frog croaked twice.""]",test500_frequency/audio/syn_148,audio,temporal reasoning,temporal order,test,"A frog croaked twice, followed by the sound of something tearing once.","The tearing sound happened first, then the frog croaked twice.",test
aha_q_340,aha,What is the temporal structure of this audio clip?,mcq,Paper rustled then toilet flushed.,"[""Toilet flushed then paper rustled.""]",test500_frequency/audio/syn_149,audio,temporal reasoning,temporal order,test,"Paper rustled once, then a toilet flushed once.",Toilet flushed then paper rustled.,test
aha_q_341,aha,What is the sequence of sounds from start to finish?,mcq,"Dial tone, dial tone, then child singing.","[""Child singing first, then dial tone twice.""]",test500_frequency/audio/syn_152,audio,temporal reasoning,temporal order,test,"A dial tone sounds twice, followed by a child singing once.","Child singing first, then dial tone twice.",test
aha_q_342,aha,What is the order of the sound events in this audio?,mcq,"Someone shouted twice, then three quacks.","[""Three quacks occur first, followed by someone shouting twice.""]",test500_frequency/audio/syn_153,audio,temporal reasoning,temporal order,test,"Someone shouted twice, followed by three quacks.","Three quacks occur first, followed by someone shouting twice.",test
aha_q_343,aha,Which sound event has the longest duration?,mcq,The sound effect has the longest duration.,"[""The telephone rang the most.""]",test500_frequency/audio/syn_154,audio,temporal reasoning,duration comparison,test,"A telephone rang once, followed by a sound effect occurring once.",The telephone rang the most.,test
aha_q_344,aha,What is the chronological order of the sound events in this audio?,mcq,Gurgling and bubbling then crumpling and crinkling.,"[""Gurgling and bubbling occurred after crumpling and crinkling.""]",test500_frequency/audio/syn_156,audio,temporal reasoning,temporal order,test,"Gurgling and bubbling occurred once, followed by crumpling and crinkling once.",Gurgling and bubbling occurred after crumpling and crinkling.,test
aha_q_345,aha,How many times does each sound event occur?,mcq,"Cat meowed twice, mosquito buzzed once, baby laughed once.","[""Cat meowed once, mosquito buzzed twice, baby laughed once.""]",test500_frequency/audio/syn_165,audio,temporal reasoning,event counting,test,"A cat meowed twice, followed by a single mosquito buzzing, then a baby laughed once.","Cat meowed once, mosquito buzzed twice, baby laughed once.",test
aha_q_346,aha,How many times does each sound event occur?,mcq,"The door slammed twice, and there is a moment of silence afterward.","[""The door slammed twice and there was a single moment of silence.""]",test500_frequency/audio/syn_167,audio,temporal reasoning,event counting,test,"The door slammed twice, followed by a single moment of silence.",The door slammed twice and there was a single moment of silence.,test
aha_q_347,aha,What is the temporal structure of this audio clip?,mcq,"Screaming occurred three times, then breaking.","[""Breaking occurred multiple times, then screaming.""]",test500_frequency/audio/syn_168,audio,temporal reasoning,temporal order,test,"Screaming occurred three times, followed by one instance of breaking.","Breaking occurred multiple times, then screaming.",test
aha_q_348,aha,What is the chronological order of the sound events in this audio?,mcq,"The bell rang first, then the waves sounded afterward.","[""The waves rang first, then the bell sounded afterward.""]",test500_frequency/audio/syn_169,audio,temporal reasoning,temporal order,test,"A bell rang once, then the sound of waves came once.","The waves rang first, then the bell sounded afterward.",test
aha_q_349,aha,How many times does each sound event occur?,mcq,"Sanding occurs once, and typewriting occurs once.","[""Sanding occurs twice, and typewriting occurs once.""]",test500_frequency/audio/syn_170,audio,temporal reasoning,event counting,test,"Sanding occurred once, followed by typewriting once.","Sanding occurs twice, and typewriting occurs once.",test
aha_q_350,aha,How many distinct sound events occur in this sequence?,mcq,There are two sound events: a door slam and a fire alarm.,"[""There is only one sound event: a fire alarm.""]",test500_frequency/audio/syn_174,audio,temporal reasoning,event counting,test,"A door slammed once, followed by a fire alarm sounding once.",There is only one sound event: a fire alarm.,test
aha_q_351,aha,How many times does each sound event occur?,mcq,"The dog whimpered twice, and the water tap occurs once.","[""The dog whimpered once, and the water tap occurs twice.""]",test500_frequency/audio/syn_175,audio,temporal reasoning,event counting,test,"A dog whimpered twice, followed by the sound of a water tap once.","The dog whimpered once, and the water tap occurs twice.",test
aha_q_352,aha,How many times does each sound event occur?,mcq,Squeak occurs once; gurgling occurs twice.,"[""Squeak occurs twice; gurgling occurs once.""]",test500_frequency/audio/syn_176,audio,temporal reasoning,event counting,test,"A squeak occurs once, followed by gurgling, bubbling sounds happening twice.",Squeak occurs twice; gurgling occurs once.,test
aha_q_353,aha,What is the temporal structure of this audio clip?,mcq,"The telephone dial occurs first, followed by two sneezes.","[""The sneeze occurs first, then the telephone dial.""]",test500_frequency/audio/syn_177,audio,temporal reasoning,temporal order,test,"A telephone dials once, then there are two sneezes.","The sneeze occurs first, then the telephone dial.",test
aha_q_354,aha,How many distinct sound events occur in this sequence?,mcq,Two distinct sound events occur: a duck quack and a clock tick.,"[""Three distinct sound events occur: a duck quack, a clock tick, and a dog barking.""]",test500_frequency/audio/syn_179,audio,temporal reasoning,event counting,test,"A duck quacked once, then a clock ticked once.","Three distinct sound events occur: a duck quack, a clock tick, and a dog barking.",test
aha_q_355,aha,What is the temporal structure of this audio clip?,mcq,"Water sounds occur first, then a spray sound.","[""The spray sound occurs before the water sounds.""]",test500_frequency/audio/syn_181,audio,temporal reasoning,temporal order,test,"Water sounds occur three times, followed by one instance of a spray sound.",The spray sound occurs before the water sounds.,test
aha_q_356,aha,What is the temporal structure of this audio clip?,mcq,"Breaking occurred twice, then one oink.","[""Oink occurred twice, followed by two breaking sounds.""]",test500_frequency/audio/syn_182,audio,temporal reasoning,temporal order,test,"Breaking occurred twice, followed by one oink.","Oink occurred twice, followed by two breaking sounds.",test
aha_q_357,aha,Which sound event has the longest duration?,mcq,The foghorn has the longest duration.,"[""The croak has the longest duration.""]",test500_frequency/audio/syn_185,audio,temporal reasoning,duration comparison,test,"A foghorn sounded once, followed by a single door slam, and then one croak.",The croak has the longest duration.,test
aha_q_358,aha,How many times does each sound event occur?,mcq,Someone sneezed twice and then there were two silences.,"[""Someone sneezed once and there was only one silence.""]",test500_frequency/audio/syn_186,audio,temporal reasoning,event counting,test,"Someone sneezed twice, followed by two separate instances of silence.",Someone sneezed once and there was only one silence.,test
aha_q_359,aha,What is the temporal structure of this audio clip?,mcq,"The engine revved first, then a shout occurred.","[""The shout occurred first, then the engine revved.""]",test500_frequency/audio/syn_188,audio,temporal reasoning,temporal order,test,"An engine revved once, then a shout occurred once.","The shout occurred first, then the engine revved.",test
aha_q_360,aha,What is the chronological order of the sound events in this audio?,mcq,"Someone snored first, then there was a single instance of engine knocking.","[""Engine knocking occurred first, then someone snored.""]",test500_frequency/audio/syn_189,audio,temporal reasoning,temporal order,test,"Someone snored once, then there was a single instance of engine knocking.","Engine knocking occurred first, then someone snored.",test
aha_q_361,aha,What is the chronological order of the sound events in this audio?,mcq,"Dishes, pots, and pans clashed twice, then a ship's horn sounded once.","[""The sound events are dishes, pots, and pans clashing once, followed by a ship's horn sounding twice.""]",test500_frequency/audio/syn_19,audio,temporal reasoning,temporal order,test,"Dishes, pots, and pans clashed twice, followed by a ship's horn sounding once.","The sound events are dishes, pots, and pans clashing once, followed by a ship's horn sounding twice.",test
aha_q_362,aha,What is the temporal structure of this audio clip?,mcq,"The doorbell rang twice, then an aircraft sound occurred.","[""The aircraft sound rang before the doorbell.""]",test500_frequency/audio/syn_190,audio,temporal reasoning,temporal order,test,"The doorbell rang twice, followed by an aircraft sound once.",The aircraft sound rang before the doorbell.,test
aha_q_363,aha,How many distinct sound events occur in this sequence?,mcq,Three sound events occur.,"[""Four sound events occur.""]",test500_frequency/audio/syn_191,audio,temporal reasoning,event counting,test,"Someone giggled once, then there were two farts, followed by a single neigh or whinny.",Four sound events occur.,test
aha_q_364,aha,What is the first sound event in this audio?,mcq,The first sound event is a whip cracking twice.,"[""The first sound event is a clock ticking once.""]",test500_frequency/audio/syn_193,audio,temporal reasoning,temporal order,test,"A whip cracked twice, followed by a clock ticking once.",The first sound event is a clock ticking once.,test
aha_q_365,aha,What is the temporal structure of this audio clip?,mcq,Hammer strikes then thunder.,"[""Thunder occurs before the hammer strikes.""]",test500_frequency/audio/syn_194,audio,temporal reasoning,temporal order,test,"A hammer struck twice, followed by a single occurrence of thunder.",Thunder occurs before the hammer strikes.,test
aha_q_366,aha,What is the chronological order of the sound events in this audio?,mcq,"The yip occurs first, followed by the helicopter.","[""The helicopter occurs first, then the yip.""]",test500_frequency/audio/syn_195,audio,temporal reasoning,temporal order,test,"A yip occurred once, followed by the sound of a helicopter once.","The helicopter occurs first, then the yip.",test
aha_q_367,aha,What is the temporal structure of this audio clip?,mcq,The goat bleated first and then bleated again later.,"[""The goat bleated twice, with a dog barking in between.""]",test500_frequency/audio/syn_198,audio,temporal reasoning,temporal order,test,"A goat bleated twice, first at the beginning and then later on.","The goat bleated twice, with a dog barking in between.",test
aha_q_368,aha,What is the sequence of sounds from start to finish?,mcq,"The goat bleated first, then the crunching sound occurred twice.","[""The goat bleated first, followed by a single crunching sound, then another goat bleated.""]",test500_frequency/audio/syn_199,audio,temporal reasoning,temporal order,test,"A goat bleated once, followed by a crunching sound twice.","The goat bleated first, followed by a single crunching sound, then another goat bleated.",test
aha_q_369,aha,What is the temporal structure of this audio clip?,mcq,"Dishes, pots, and pans clattered twice, then a chuckle.","[""The chuckle happens before the dishes and pans clattered.""]",test500_frequency/audio/syn_20,audio,temporal reasoning,temporal order,test,"Dishes, pots, and pans clattered twice, followed by a single chuckle.",The chuckle happens before the dishes and pans clattered.,test
aha_q_370,aha,What is the temporal structure of this audio clip?,mcq,"The tire squealed and skidded first, then water was heard.","[""Water was heard first, then the tire squealed and skidded.""]",test500_frequency/audio/syn_200,audio,temporal reasoning,temporal order,test,"A tire squealed and skidded once, then water was heard once.","Water was heard first, then the tire squealed and skidded.",test
aha_q_371,aha,How many times does each sound event occur?,mcq,"Mosquito buzzed once, cowbell rang twice.","[""Mosquito buzzed twice, cowbell rang once.""]",test500_frequency/audio/syn_203,audio,temporal reasoning,event counting,test,"A mosquito buzzed once, followed by a cowbell ringing twice.","Mosquito buzzed twice, cowbell rang once.",test
aha_q_372,aha,What is the order of the sound events in this audio?,mcq,"Someone chuckled once, then hiccupped twice, then burped twice.","[""Someone hiccupped twice, then chuckled once, then burped twice.""]",test500_frequency/audio/syn_206,audio,temporal reasoning,temporal order,test,"Someone chuckled once, hiccupped twice, and then burped twice in sequence.","Someone hiccupped twice, then chuckled once, then burped twice.",test
aha_q_373,aha,What is the sequence of sounds from start to finish?,mcq,"A gunshot is followed by a baby crying, then again baby crying.","[""The audio starts with a baby crying, then a gunshot occurs.""]",test500_frequency/audio/syn_207,audio,temporal reasoning,temporal order,test,"A gunshot is heard once, followed by a baby crying twice.","The audio starts with a baby crying, then a gunshot occurs.",test
aha_q_374,aha,What is the temporal structure of this audio clip?,mcq,"The train whistle blew first, then the shouts occurred.","[""The shouts came first, followed by the train whistle.""]",test500_frequency/audio/syn_208,audio,temporal reasoning,temporal order,test,"The train whistle blew twice, followed by two shouts.","The shouts came first, followed by the train whistle.",test
aha_q_375,aha,What is the temporal structure of this audio clip?,mcq,"Static occurs first, followed by a single jackhammer.","[""The jackhammer starts first, then static.""]",test500_frequency/audio/syn_21,audio,temporal reasoning,temporal order,test,"There was one instance of static, followed by a single occurrence of a jackhammer.","The jackhammer starts first, then static.",test
aha_q_376,aha,What is the chronological order of the sound events in this audio?,mcq,"The clock ticks first, then the rooster crows.","[""The rooster crows first, then the clock ticks.""]",test500_frequency/audio/syn_211,audio,temporal reasoning,temporal order,test,"A clock ticks once, then a rooster crows once.","The rooster crows first, then the clock ticks.",test
aha_q_377,aha,What is the temporal structure of this audio clip?,mcq,"The cap gun fires twice, then two coughs, then a siren sounds once.","[""The siren sounds first, followed by a cap gun firing twice, then coughs.""]",test500_frequency/audio/syn_212,audio,temporal reasoning,temporal order,test,"A cap gun fires twice, followed by two coughs, and then a siren sounds once.","The siren sounds first, followed by a cap gun firing twice, then coughs.",test
aha_q_378,aha,What is the temporal structure of this audio clip?,mcq,"Screaming occurs first, followed by a mosquito sound.","[""The mosquito sound occurs first, followed by screaming.""]",test500_frequency/audio/syn_214,audio,temporal reasoning,temporal order,test,"There was one instance of screaming, followed by a single occurrence of a mosquito sound.","The mosquito sound occurs first, followed by screaming.",test
aha_q_379,aha,How many distinct sound events occur in this sequence?,mcq,"There are four distinct sound events: liquid sounds, liquid sounds, knocks, and knocks.","[""There are three distinct sound events: liquid sounds, knocks, and a ringing noise.""]",test500_frequency/audio/syn_215,audio,temporal reasoning,event counting,test,"Liquid sounds twice, followed by two knocks.","There are three distinct sound events: liquid sounds, knocks, and a ringing noise.",test
aha_q_380,aha,What is the chronological order of the sound events in this audio?,mcq,"Paper was crumpled, then an electric shaver was used.","[""An electric shaver was used first, then paper was crumpled.""]",test500_frequency/audio/syn_216,audio,temporal reasoning,temporal order,test,"Paper was crumpled once, then an electric shaver was used once.","An electric shaver was used first, then paper was crumpled.",test
aha_q_381,aha,How many distinct sound events occur in this sequence?,mcq,There are three distinct sound events.,"[""There are two distinct sound events: rustle and machine gun.""]",test500_frequency/audio/syn_217,audio,temporal reasoning,event counting,test,"There was a rustle once, followed by a single burst of a machine gun, and then a belly laugh once.",There are two distinct sound events: rustle and machine gun.,test
aha_q_382,aha,How many times does each sound event occur?,mcq,The frog croaked twice and the keys jangled once.,"[""The frog croaked once and the keys jangled twice.""]",test500_frequency/audio/syn_218,audio,temporal reasoning,event counting,test,"A frog croaked twice, and then keys jangled once.",The frog croaked once and the keys jangled twice.,test
aha_q_383,aha,How many times does each sound event occur?,mcq,"The power tool, glass shattering, and the tick each occur once.","[""The power tool, glass shattering, and the duck quacking each occur once.""]",test500_frequency/audio/syn_220,audio,temporal reasoning,event counting,test,"A power tool is used once, followed by glass shattering once, and then a single tick occurs.","The power tool, glass shattering, and the duck quacking each occur once.",test
aha_q_384,aha,What is the chronological order of the sound events in this audio?,mcq,"Static, then three burps, then a beep.","[""Static, then a beep, then three burps.""]",test500_frequency/audio/syn_223,audio,temporal reasoning,temporal order,test,"There is one instance of static, followed by three burps, and then a single beep.","Static, then a beep, then three burps.",test
aha_q_385,aha,What is the chronological order of the sound events in this audio?,mcq,"A fart occurred first, followed by an emergency vehicle sound.","[""The emergency vehicle sound occurred first, then the fart.""]",test500_frequency/audio/syn_225,audio,temporal reasoning,temporal order,test,"A fart occurred once, followed by the sound of an emergency vehicle once.","The emergency vehicle sound occurred first, then the fart.",test
aha_q_386,aha,How many times does each sound event occur?,mcq,Gurgling and bubbling occurred once; liquid sounds occurred twice.,"[""Gurgling occurred twice; bubbling occurred once; liquid sounds occurred once.""]",test500_frequency/audio/syn_226,audio,temporal reasoning,event counting,test,"Gurgling, bubbling occurred once, followed by liquid sounds twice.",Gurgling occurred twice; bubbling occurred once; liquid sounds occurred once.,test
aha_q_387,aha,What is the chronological order of the sound events in this audio?,mcq,"Water flows twice, then a cap gun fires three bullets, followed by a person speaking once.","[""Water flows twice, then a person speaks, followed by a cap gun firing bullets.""]",test500_frequency/audio/syn_227,audio,temporal reasoning,temporal order,test,"Water flows twice, cap gun fires three bullets, followed by a person speaking once.","Water flows twice, then a person speaks, followed by a cap gun firing bullets.",test
aha_q_388,aha,How many times does each sound event occur?,mcq,"Laughter occurs twice, electric shaver once.","[""Laughter occurs once, electric shaver twice.""]",test500_frequency/audio/syn_228,audio,temporal reasoning,event counting,test,"Someone laughed twice, followed by the sound of an electric shaver once.","Laughter occurs once, electric shaver twice.",test
aha_q_389,aha,What is the chronological order of the sound events in this audio?,mcq,"Tearing occurs first, then a yip.","[""The yip happens first, followed by tearing.""]",test500_frequency/audio/syn_23,audio,temporal reasoning,temporal order,test,There is one instance of tearing followed by a single yip.,"The yip happens first, followed by tearing.",test
aha_q_390,aha,What is the temporal structure of this audio clip?,mcq,"The train whistled twice, then a rumble occurred.","[""The train whistled once, then a rumble, and finally the train whistled twice.""]",test500_frequency/audio/syn_231,audio,temporal reasoning,temporal order,test,"The train whistled twice, followed by a single occurrence of a rumble.","The train whistled once, then a rumble, and finally the train whistled twice.",test
aha_q_391,aha,What is the chronological order of the sound events in this audio?,mcq,"An alarm goes off, then the buzzer sounds twice, followed by the duck quacking twice.","[""The alarm goes off, the duck quacks twice, then the buzzer sounds twice.""]",test500_frequency/audio/syn_233,audio,temporal reasoning,temporal order,test,"An alarm goes off once, followed by a buzzer sounding twice, and then a duck quacks twice.","The alarm goes off, the duck quacks twice, then the buzzer sounds twice.",test
aha_q_392,aha,What is the chronological order of the sound events in this audio?,mcq,"The sequence is bell dinged twice, hammer struck three times, then a single tick.","[""The order is hammer struck three times, bell dinged twice, then a single tick.""]",test500_frequency/audio/syn_243,audio,temporal reasoning,temporal order,test,"A bell dinged twice, a hammer struck three times, followed by a single tick.","The order is hammer struck three times, bell dinged twice, then a single tick.",test
aha_q_393,aha,How many times does each sound event occur?,mcq,"Static occurs once, shouting occurs twice.","[""Static occurs three times, shouting occurs once.""]",test500_frequency/audio/syn_244,audio,temporal reasoning,event counting,test,"There was one occurrence of static, followed by two instances of shouting.","Static occurs three times, shouting occurs once.",test
aha_q_394,aha,How many times does each sound event occur?,mcq,"Grunt occurs twice, sanding once, tick once.","[""Grunt occurs twice, sanding twice, tick once.""]",test500_frequency/audio/syn_245,audio,temporal reasoning,event counting,test,"A grunt occurs twice, followed by sanding once, and a single tick sound.","Grunt occurs twice, sanding twice, tick once.",test
aha_q_395,aha,How many times does each sound event occur?,mcq,The dog barks twice; the gunshots occur twice.,"[""The dog barks once and the gunshots occur three times.""]",test500_frequency/audio/syn_246,audio,temporal reasoning,event counting,test,"A dog barks twice, followed by two gunshots.",The dog barks once and the gunshots occur three times.,test
aha_q_396,aha,What is the temporal structure of this audio clip?,mcq,"Steam whistle sounded first, then mosquito buzzed twice.","[""Mosquito buzzed first, then the steam whistle sounded.""]",test500_frequency/audio/syn_25,audio,temporal reasoning,temporal order,test,"A steam whistle sounded once, then a mosquito buzzed twice.","Mosquito buzzed first, then the steam whistle sounded.",test
aha_q_397,aha,How many distinct sound events occur in this sequence?,mcq,Two sound events occur: a pig oink and an aircraft sound.,"[""Three sound events occur: a pig oink, an aircraft sound, and a dog barking.""]",test500_frequency/audio/syn_250,audio,temporal reasoning,event counting,test,"A pig oinks once, then an aircraft sound is heard once.","Three sound events occur: a pig oink, an aircraft sound, and a dog barking.",test
aha_q_398,aha,How many times does each sound event occur?,mcq,"Spray occurs twice, helicopter once, clang once.","[""Spray occurs once, helicopter twice, clang once.""]",test500_frequency/audio/syn_251,audio,temporal reasoning,event counting,test,"A spray occurs twice, followed by a single helicopter sound, and then one clang.","Spray occurs once, helicopter twice, clang once.",test
aha_q_399,aha,What is the temporal structure of this audio clip?,mcq,"The tire squealed first, then the hammer was struck three times.","[""The hammer was struck first, then the tire squealed.""]",test500_frequency/audio/syn_252,audio,temporal reasoning,temporal order,test,"A tire squealed once, then a hammer was struck three times.","The hammer was struck first, then the tire squealed.",test
aha_q_400,aha,What is the temporal structure of this audio clip?,mcq,"The whistle occurs first, then the engine knocking.","[""The engine knocking occurs before the whistle.""]",test500_frequency/audio/syn_253,audio,temporal reasoning,temporal order,test,"A whistle occurs once, followed by an engine knocking once.",The engine knocking occurs before the whistle.,test
aha_q_401,aha,What is the temporal structure of this audio clip?,mcq,"Rustling occurred first, then the dial tone three times.","[""The dial tone occurs first, then rustling, with multiple rustles.""]",test500_frequency/audio/syn_254,audio,temporal reasoning,temporal order,test,"Rustling occurred once, followed by a dial tone three times.","The dial tone occurs first, then rustling, with multiple rustles.",test
aha_q_402,aha,How many times does each sound event occur?,mcq,The whistle sounds three times and the bell rings twice.,"[""The whistle sounds twice and the bell rings three times.""]",test500_frequency/audio/syn_256,audio,temporal reasoning,event counting,test,"A whistle sounded three times, followed by a bell ringing twice.",The whistle sounds twice and the bell rings three times.,test
aha_q_403,aha,How many distinct sound events occur in this sequence?,mcq,Two sound events occur: a clock tick-tock and an engine revving.,"[""Three sound events occur: a clock tick-tock, an engine revving, and a horn honking.""]",test500_frequency/audio/syn_257,audio,temporal reasoning,event counting,test,"A clock tick-tocked once, followed by a medium engine revving once.","Three sound events occur: a clock tick-tock, an engine revving, and a horn honking.",test
aha_q_404,aha,How many times does each sound event occur?,mcq,"Hiccup occurs once, alarm sounds three times, buzzer goes off twice.","[""Hiccup occurs twice, alarm sounds three times, buzzer goes off once.""]",test500_frequency/audio/syn_259,audio,temporal reasoning,event counting,test,"There's one hiccup, followed by the alarm sounding three times, and the buzzer going off twice.","Hiccup occurs twice, alarm sounds three times, buzzer goes off once.",test
aha_q_405,aha,What is the temporal structure of this audio clip?,mcq,"Bird chirped three times, then a person laughed twice.","[""A person laughed twice, followed by the bird chirping three times.""]",test500_frequency/audio/syn_26,audio,temporal reasoning,temporal order,test,"Bird chirped three times, followed by a person laughing twice.","A person laughed twice, followed by the bird chirping three times.",test
aha_q_406,aha,Which sound event has the longest duration?,mcq,The typewriter has the longest duration.,"[""The buzzer has the longest duration.""]",test500_frequency/audio/syn_260,audio,temporal reasoning,duration comparison,test,"A typewriter was used once, followed by a buzzer sounding once.",The buzzer has the longest duration.,test
aha_q_407,aha,What is the temporal structure of this audio clip?,mcq,"The buzzer sounds three times, then a shout occurs.","[""The shout happens first, then the buzzer sounds three times.""]",test500_frequency/audio/syn_261,audio,temporal reasoning,temporal order,test,"A buzzer sounded three times, followed by a single shout.","The shout happens first, then the buzzer sounds three times.",test
aha_q_408,aha,Does the baby cry more than once?,mcq,"Yes, the baby cried twice.","[""No, the baby cried only once.""]",test500_frequency/audio/syn_262,audio,temporal reasoning,event counting,test,"A foghorn sounded once, then a baby cried twice.","No, the baby cried only once.",test
aha_q_409,aha,What is the chronological order of the sound events in this audio?,mcq,"Two grunts occur first, followed by an engine sound.","[""A single grunt occurs first, then an engine sound, with no other sounds.""]",test500_frequency/audio/syn_264,audio,temporal reasoning,temporal order,test,"A grunt occurred twice, followed by an engine sound once.","A single grunt occurs first, then an engine sound, with no other sounds.",test
aha_q_410,aha,How many times does each sound event occur?,mcq,"The bell rang twice, the cricket sounds occurred twice.","[""The bell rang once, and the cricket sounds occurred twice.""]",test500_frequency/audio/syn_266,audio,temporal reasoning,event counting,test,"The bell rang twice, followed by cricket sounds occurring twice.","The bell rang once, and the cricket sounds occurred twice.",test
aha_q_411,aha,What is the temporal structure of this audio clip?,mcq,"The cat meowed three times, then the horse neighed once.","[""The horse neighed first, then the cat meowed three times.""]",test500_frequency/audio/syn_269,audio,temporal reasoning,temporal order,test,"A cat meowed three times, followed by a horse neighing once.","The horse neighed first, then the cat meowed three times.",test
aha_q_412,aha,What is the sequence of sounds from start to finish?,mcq,"Mosquito buzzed three times, then sanding noise.","[""Mosquito buzzed once, followed by sanding noise.""]",test500_frequency/audio/syn_27,audio,temporal reasoning,temporal order,test,"A mosquito buzzed three times, followed by one instance of sanding noise.","Mosquito buzzed once, followed by sanding noise.",test
aha_q_413,aha,How many times does each sound event occur?,mcq,"The goat bleated twice, and the water sound occurred twice.","[""The goat bleated once, and the water sound occurred three times.""]",test500_frequency/audio/syn_270,audio,temporal reasoning,event counting,test,"A goat bleated twice, followed by the sound of something plopping into water twice.","The goat bleated once, and the water sound occurred three times.",test
aha_q_414,aha,What is the chronological order of the sound events in this audio?,mcq,Tire squeal and skid followed by two shouts.,"[""The two shouts occurred first, then the tire squeal and skid.""]",test500_frequency/audio/syn_271,audio,temporal reasoning,temporal order,test,"A tire squeal and skid occurred once, followed by two shouts.","The two shouts occurred first, then the tire squeal and skid.",test
aha_q_415,aha,What is the chronological order of the sound events in this audio?,mcq,"The doorbell rang twice first, then a single crowing of a cock-a-doodle-doo.","[""The single crowing of a cock-a-doodle-doo occurred first, followed by the doorbell ringing twice.""]",test500_frequency/audio/syn_275,audio,temporal reasoning,temporal order,test,"The doorbell rang twice, followed by a single crowing of a cock-a-doodle-doo.","The single crowing of a cock-a-doodle-doo occurred first, followed by the doorbell ringing twice.",test
aha_q_416,aha,What is the temporal structure of this audio clip?,mcq,"A break occurs first, then keys jangle twice.","[""Keys jangle twice first, then something breaks.""]",test500_frequency/audio/syn_280,audio,temporal reasoning,temporal order,test,"Something breaks once, then keys jangle twice.","Keys jangle twice first, then something breaks.",test
aha_q_417,aha,What is the chronological order of the sound events in this audio?,mcq,"The telephone was dialed twice, then a helicopter passed by.","[""The helicopter passed by first, then the telephone was dialed twice.""]",test500_frequency/audio/syn_288,audio,temporal reasoning,temporal order,test,"A telephone was dialed twice, followed by a helicopter passing by once.","The helicopter passed by first, then the telephone was dialed twice.",test
aha_q_418,aha,What is the chronological order of the sound events in this audio?,mcq,"The computer keyboard was used first, then the sewing machine ran.","[""The sewing machine was used before the computer keyboard.""]",test500_frequency/audio/syn_29,audio,temporal reasoning,temporal order,test,"A computer keyboard was used once, followed by a sewing machine running once.",The sewing machine was used before the computer keyboard.,test
aha_q_419,aha,Which sound event has the longest duration?,mcq,The waterfall has the longest duration.,"[""The waterfall has the shortest duration.""]",test500_frequency/audio/syn_290,audio,temporal reasoning,duration comparison,test,"Someone cleared their throat once, followed by the sound of a waterfall.",The waterfall has the shortest duration.,test
aha_q_420,aha,What is the sequence of sounds from start to finish?,mcq,"Sawing, then throat clearing.","[""Throat clearing first, followed by three instances of sawing.""]",test500_frequency/audio/syn_291,audio,temporal reasoning,temporal order,test,"Sawing occurred three times, followed by one instance of throat clearing.","Throat clearing first, followed by three instances of sawing.",test
aha_q_421,aha,What is the chronological order of the sound events in this audio?,mcq,Gunshot followed by two slamming noises.,"[""Two slamming noises followed by a gunshot.""]",test500_frequency/audio/syn_292,audio,temporal reasoning,temporal order,test,"A gunshot was heard once, followed by two occurrences of a slamming noise.",Two slamming noises followed by a gunshot.,test
aha_q_422,aha,What is the temporal structure of this audio clip?,mcq,The drill occurred three times before the crumpling or crinkling.,"[""The crumpling or crinkling occurred three times before the drill.""]",test500_frequency/audio/syn_293,audio,temporal reasoning,temporal order,test,"A drill operated three times, then there was one instance of crumpling or crinkling.",The crumpling or crinkling occurred three times before the drill.,test
aha_q_423,aha,What is the temporal structure of this audio clip?,mcq,"The telephone was dialed twice, then a helicopter passed by once.","[""A helicopter passed by twice, followed by the telephone being dialed once.""]",test500_frequency/audio/syn_294,audio,temporal reasoning,temporal order,test,"A telephone was dialed twice, followed by a helicopter passing by once.","A helicopter passed by twice, followed by the telephone being dialed once.",test
aha_q_424,aha,How many times does each sound event occur?,mcq,"Someone laughed once, and the bird chirped twice.","[""Someone laughed twice, and the bird chirped once.""]",test500_frequency/audio/syn_295,audio,temporal reasoning,event counting,test,"Someone laughed once, followed by a bird chirping and tweeting twice.","Someone laughed twice, and the bird chirped once.",test
aha_q_425,aha,What is the temporal structure of this audio clip?,mcq,"The hums occurred first, then the rasp sound followed.","[""The rasp sound happened before the hums, and there were three hums in total.""]",test500_frequency/audio/syn_298,audio,temporal reasoning,temporal order,test,"A hum occurred twice, followed by the sound of filing (rasp) once.","The rasp sound happened before the hums, and there were three hums in total.",test
aha_q_426,aha,What is the sequence of sounds from start to finish?,mcq,"The cat meowed three times, then the telephone rang once.","[""The telephone rang once, then the cat meowed three times.""]",test500_frequency/audio/syn_299,audio,temporal reasoning,temporal order,test,"A cat meowed three times, followed by a telephone ringing once.","The telephone rang once, then the cat meowed three times.",test
aha_q_427,aha,What is the sequence of sounds from start to finish?,mcq,"Fart, then cock crowing, then whistling.","[""Fart, then whistling, then cock crowing.""]",test500_frequency/audio/syn_30,audio,temporal reasoning,temporal order,test,"A fart occurred once, followed by a cock crowing once, and then a single instance of whistling.","Fart, then whistling, then cock crowing.",test
aha_q_428,aha,What is the temporal structure of this audio clip?,mcq,Coughing occurs before the woman sings.,"[""The woman sings before any coughing occurs.""]",test500_frequency/audio/syn_302,audio,temporal reasoning,temporal order,test,"Someone coughed three times, then a woman sang once.",The woman sings before any coughing occurs.,test
aha_q_429,aha,What is the temporal structure of this audio clip?,mcq,The squeak occurs before the power tool.,"[""The power tool occurs before the squeak.""]",test500_frequency/audio/syn_304,audio,temporal reasoning,temporal order,test,"A squeak occurred once, followed by the use of a power tool once.",The power tool occurs before the squeak.,test
aha_q_430,aha,What is the temporal structure of this audio clip?,mcq,"Water gurgled and bubbled once, then a ship sound occurred twice.","[""The ship sound happened first, followed by water gurgling and bubbling.""]",test500_frequency/audio/syn_305,audio,temporal reasoning,temporal order,test,"Water gurgled and bubbled once, then a ship sound occurred twice.","The ship sound happened first, followed by water gurgling and bubbling.",test
aha_q_431,aha,What is the first sound event in this audio?,mcq,The first sound event is a cricket chirping.,"[""The first sound event is a police car siren.""]",test500_frequency/audio/syn_307,audio,temporal reasoning,temporal order,test,"A cricket chirped once, followed by a police car siren sounding once.",The first sound event is a police car siren.,test
aha_q_432,aha,What is the sequence of sounds from start to finish?,mcq,"Thump thud, then growling, then cough.","[""Growling occurs first, followed by a thump sound, then a cough.""]",test500_frequency/audio/syn_308,audio,temporal reasoning,temporal order,test,"A thump thud sound twice, followed by growling once and a single cough.","Growling occurs first, followed by a thump sound, then a cough.",test
aha_q_433,aha,How many times does each sound event occur?,mcq,Air horn and truck horn each sounded twice; crunch sounded once.,"[""Air horn sounded once, truck horn twice, and crunch three times.""]",test500_frequency/audio/syn_31,audio,temporal reasoning,event counting,test,"An air horn and truck horn sounded twice, followed by one crunch.","Air horn sounded once, truck horn twice, and crunch three times.",test
aha_q_434,aha,What is the temporal structure of this audio clip?,mcq,Gunshot followed by tearing sounds twice.,"[""Tearing sounds occur before the gunshot.""]",test500_frequency/audio/syn_310,audio,temporal reasoning,temporal order,test,"A gunshot was heard once, followed by the sound of tearing twice.",Tearing sounds occur before the gunshot.,test
aha_q_435,aha,What is the temporal structure of this audio clip?,mcq,"Buzzes, then a clang, then a mosquito.","[""A mosquito sound occurred twice, followed by a clang and a buzz.""]",test500_frequency/audio/syn_311,audio,temporal reasoning,temporal order,test,"A buzz occurred twice, followed by a single clang, and then a mosquito sound happened once.","A mosquito sound occurred twice, followed by a clang and a buzz.",test
aha_q_436,aha,What is the temporal structure of this audio clip?,mcq,"Farting occurred twice, then a biting sound, followed by a whoosh and swoosh noise.","[""Farting occurred once, then a biting sound, followed by a loud explosion.""]",test500_frequency/audio/syn_312,audio,temporal reasoning,temporal order,test,"Someone farted twice, then there was one biting sound, followed by a single whoosh, swoosh, swish noise.","Farting occurred once, then a biting sound, followed by a loud explosion.",test
aha_q_437,aha,What is the chronological order of the sound events in this audio?,mcq,"Tearing occurs twice, then a tick-tock follows.","[""There was tearing once, followed by a tick-tock and then tearing again.""]",test500_frequency/audio/syn_313,audio,temporal reasoning,temporal order,test,"There was tearing twice, followed by a single tick-tock.","There was tearing once, followed by a tick-tock and then tearing again.",test
aha_q_438,aha,How many distinct sound events occur in this sequence?,mcq,"There are three sound events: fart, buzz, and ambulance siren.","[""There are two sound events: fart and ambulance siren.""]",test500_frequency/audio/syn_316,audio,temporal reasoning,event counting,test,"A fart occurred once, followed by a buzz once, and then an ambulance siren once.",There are two sound events: fart and ambulance siren.,test
aha_q_439,aha,What is the temporal structure of this audio clip?,mcq,"The fire alarm goes off first, then breathing occurs.","[""Breathing occurs before the fire alarm goes off.""]",test500_frequency/audio/syn_317,audio,temporal reasoning,temporal order,test,"A fire alarm goes off once, followed by a single instance of breathing.",Breathing occurs before the fire alarm goes off.,test
aha_q_440,aha,What is the sequence of sounds from start to finish?,mcq,"Someone bit twice, then an aircraft engine runs once.","[""An aircraft engine runs once, then someone bit twice.""]",test500_frequency/audio/syn_318,audio,temporal reasoning,temporal order,test,"Someone bit twice, followed by an aircraft engine running once.","An aircraft engine runs once, then someone bit twice.",test
aha_q_441,aha,What is the chronological order of the sound events in this audio?,mcq,"The frog croaked three times first, then the engine knocked once.","[""The engine knocked once before the frog croaked three times.""]",test500_frequency/audio/syn_32,audio,temporal reasoning,temporal order,test,"A frog croaked three times, followed by an engine knocking once.",The engine knocked once before the frog croaked three times.,test
aha_q_442,aha,How many distinct sound events occur in this sequence?,mcq,"There are three sound events: static, singing, crying and sobbing.","[""There are four sound events: static, singing, crying, sobbing, and shouting.""]",test500_frequency/audio/syn_322,audio,temporal reasoning,event counting,test,"There is one instance of static, followed by a child singing once and then crying, sobbing once.","There are four sound events: static, singing, crying, sobbing, and shouting.",test
aha_q_443,aha,What is the sequence of sounds from start to finish?,mcq,A whooshing sound was followed by two bell rings.,"[""A bell ringing twice occurred first, then a whooshing sound.""]",test500_frequency/audio/syn_323,audio,temporal reasoning,temporal order,test,"A whooshing sound occurred once, followed by a bell ringing twice.","A bell ringing twice occurred first, then a whooshing sound.",test
aha_q_444,aha,What is the temporal structure of this audio clip?,mcq,"Door slammed, then knocked, then dog barked.","[""Dog barked first, then door slammed, then knocked.""]",test500_frequency/audio/syn_324,audio,temporal reasoning,temporal order,test,"A door slammed once, followed by a single knock, and then a dog barked once.","Dog barked first, then door slammed, then knocked.",test
aha_q_445,aha,What is the temporal structure of this audio clip?,mcq,"The train horn blared first, followed by crumpling or crinkling noises.","[""The crumpling noises occurred first, then the train horn blared.""]",test500_frequency/audio/syn_325,audio,temporal reasoning,temporal order,test,"A train horn blared once, then crumpling or crinkling noises occurred once.","The crumpling noises occurred first, then the train horn blared.",test
aha_q_446,aha,What is the order of the sound events in this audio?,mcq,"The dog barked first, then the car horn honked, and finally the telephone rang.","[""The dog barked last, the telephone rang first, and the car horn honked second.""]",test500_frequency/audio/syn_326,audio,temporal reasoning,temporal order,test,"A dog barked once, followed by a car horn honking once, and then a telephone rang once.","The dog barked last, the telephone rang first, and the car horn honked second.",test
aha_q_447,aha,What is the chronological order of the sound events in this audio?,mcq,"Whistling, then hiccup, then buzzing three times.","[""Whistling occurs once, followed by a hiccup, then buzzing two times.""]",test500_frequency/audio/syn_327,audio,temporal reasoning,temporal order,test,"Whistling occurs once, followed by a single hiccup, then buzzing happens three times.","Whistling occurs once, followed by a hiccup, then buzzing two times.",test
aha_q_448,aha,What is the chronological order of the sound events in this audio?,mcq,"The mosquito buzzed first, then something broke.","[""The mosquito buzzed after something broke.""]",test500_frequency/audio/syn_329,audio,temporal reasoning,temporal order,test,"A mosquito buzzed once, then something broke once.",The mosquito buzzed after something broke.,test
aha_q_449,aha,What is the sequence of sounds from start to finish?,mcq,"Growling, then growling again, followed by a cap gun firing.","[""Growling once, then a cap gun firing, followed by another growling.""]",test500_frequency/audio/syn_33,audio,temporal reasoning,temporal order,test,"There was growling twice, followed by a cap gun firing once.","Growling once, then a cap gun firing, followed by another growling.",test
aha_q_450,aha,What is the temporal structure of this audio clip?,mcq,"The baby cried first, then someone sobbed.","[""Someone sobbed first, then the baby cried.""]",test500_frequency/audio/syn_330,audio,temporal reasoning,temporal order,test,"A baby cried once, followed by someone sobbing once.","Someone sobbed first, then the baby cried.",test
aha_q_451,aha,What is the temporal structure of this audio clip?,mcq,"The frog croaked first, then the foghorn sounded.","[""The foghorn sounded first, then the frog croaked.""]",test500_frequency/audio/syn_331,audio,temporal reasoning,temporal order,test,"A frog croaked once, followed by a foghorn sounding once.","The foghorn sounded first, then the frog croaked.",test
aha_q_452,aha,What is the chronological order of the sound events in this audio?,mcq,"The train horn sounded first, then the rooster crowed twice.","[""The rooster crowed first, then the train horn sounded.""]",test500_frequency/audio/syn_334,audio,temporal reasoning,temporal order,test,"The train horn sounded once, followed by a rooster crowing twice.","The rooster crowed first, then the train horn sounded.",test
aha_q_453,aha,What is the chronological order of the sound events in this audio?,mcq,"The fire alarm goes off first, then a slap or smack sound occurs.","[""The slap or smack sound occurs first, followed by the fire alarm.""]",test500_frequency/audio/syn_335,audio,temporal reasoning,temporal order,test,"A fire alarm goes off once, followed by a single slap or smack sound.","The slap or smack sound occurs first, followed by the fire alarm.",test
aha_q_454,aha,What is the chronological order of the sound events in this audio?,mcq,"The horse neighed first, then there were two knocks.","[""There were two knocks first, then the horse neighed.""]",test500_frequency/audio/syn_337,audio,temporal reasoning,temporal order,test,"A horse neighed once, then there were two knocks.","There were two knocks first, then the horse neighed.",test
aha_q_455,aha,How many distinct sound events occur in this sequence?,mcq,Two sound events occur: the water tap turning on and the growling.,"[""Three sound events occur: water tap turning on, growling, and a dog barking.""]",test500_frequency/audio/syn_34,audio,temporal reasoning,event counting,test,"A water tap or faucet turned on once, followed by growling occurring once.","Three sound events occur: water tap turning on, growling, and a dog barking.",test
aha_q_456,aha,What is the sequence of sounds from start to finish?,mcq,"Dishes, pots, and pans clashed twice, then a belly laugh twice.","[""Dishes, pots, and pans clashed twice, followed by a belly laugh twice.""]",test500_frequency/audio/syn_340,audio,temporal reasoning,temporal order,test,"Dishes, pots, and pans clashed twice, followed by a belly laugh twice.","Dishes, pots, and pans clashed twice, followed by a belly laugh twice.",test
aha_q_457,aha,What is the chronological order of the sound events in this audio?,mcq,"A clang sounded first, then water was heard twice.","[""Water was heard twice first, then a clang sounded.""]",test500_frequency/audio/syn_343,audio,temporal reasoning,temporal order,test,"A clang sounded once, then water was heard at two different times.","Water was heard twice first, then a clang sounded.",test
aha_q_458,aha,What is the chronological order of the sound events in this audio?,mcq,"Someone snored first, then a civil defense siren sounded afterward.","[""A civil defense siren sounded first, then someone snored afterward.""]",test500_frequency/audio/syn_344,audio,temporal reasoning,temporal order,test,"Someone snored once, then a civil defense siren sounded once.","A civil defense siren sounded first, then someone snored afterward.",test
aha_q_459,aha,What is the temporal structure of this audio clip?,mcq,Someone groaned three times then whistled.,"[""Someone groaned twice followed by a single instance of whistling.""]",test500_frequency/audio/syn_347,audio,temporal reasoning,temporal order,test,"Someone groaned three times, followed by a single instance of whistling.",Someone groaned twice followed by a single instance of whistling.,test
aha_q_460,aha,How many distinct sound events occur in this sequence?,mcq,Two sound events occur: something broke and a busy signal.,"[""Three sound events occur: something broke, a busy signal, and a ringing tone.""]",test500_frequency/audio/syn_348,audio,temporal reasoning,event counting,test,"Something broke once, then a busy signal occurred once.","Three sound events occur: something broke, a busy signal, and a ringing tone.",test
aha_q_461,aha,How many times does each sound event occur?,mcq,"The telephone rings three times, and the pig oinks once.","[""The telephone rings twice, and the pig oinks twice.""]",test500_frequency/audio/syn_35,audio,temporal reasoning,event counting,test,"A telephone rings three times, followed by one oink from a pig.","The telephone rings twice, and the pig oinks twice.",test
aha_q_462,aha,How many distinct sound events occur in this sequence?,mcq,Two sound events occur.,"[""Three sound events occur.""]",test500_frequency/audio/syn_351,audio,temporal reasoning,event counting,test,"An air horn sounds once, followed by an electric shaver running once.",Three sound events occur.,test
aha_q_463,aha,What is the order of sound events in this audio?,mcq,"The hiss occurred twice first, then the civil defense siren sounded once.","[""The civil defense siren occurred before the hiss sound.""]",test500_frequency/audio/syn_352,audio,temporal reasoning,temporal order,test,"A hiss occurred twice, followed by a civil defense siren sounding once.",The civil defense siren occurred before the hiss sound.,test
aha_q_464,aha,What is the sequence of sounds from start to finish?,mcq,"The jackhammer is heard first, then the breaking sound.","[""The breaking sound occurs first, followed by the jackhammer.""]",test500_frequency/audio/syn_353,audio,temporal reasoning,temporal order,test,"A jackhammer was heard once, followed by a breaking sound occurring once.","The breaking sound occurs first, followed by the jackhammer.",test
aha_q_465,aha,How many times does each sound event occur?,mcq,The paper rustled once; the telephone was dialed twice.,"[""The paper rustled twice; the telephone was dialed once.""]",test500_frequency/audio/syn_355,audio,temporal reasoning,event counting,test,"Paper rustled once, followed by a telephone being dialed twice.",The paper rustled twice; the telephone was dialed once.,test
aha_q_466,aha,What is the first sound event in this audio?,mcq,The first sound event is an air horn.,"[""The first sound event is a truck horn followed by an emergency vehicle siren.""]",test500_frequency/audio/syn_356,audio,temporal reasoning,temporal order,test,"An air horn, truck horn sounds once, followed by an emergency vehicle once.",The first sound event is a truck horn followed by an emergency vehicle siren.,test
aha_q_467,aha,What is the temporal structure of this audio clip?,mcq,"The sound effect occurs twice, then silence.","[""The sound effect happens once, then silence.""]",test500_frequency/audio/syn_357,audio,temporal reasoning,temporal order,test,"The sound effect occurs twice, followed by a single instance of silence.","The sound effect happens once, then silence.",test
aha_q_468,aha,What is the chronological order of the sound events in this audio?,mcq,"The jet engine sound occurs first, followed by the filing sound.","[""The filing sound occurs first, followed by the jet engine.""]",test500_frequency/audio/syn_358,audio,temporal reasoning,temporal order,test,"A jet engine was heard once, followed by the sound of filing occurring once.","The filing sound occurs first, followed by the jet engine.",test
aha_q_469,aha,How many distinct sound events occur in this sequence?,mcq,Two sound events occur.,"[""Three sound events occur.""]",test500_frequency/audio/syn_36,audio,temporal reasoning,event counting,test,"A helicopter is heard once, followed by a single chuckle or chortle.",Three sound events occur.,test
aha_q_470,aha,How many times does each sound event occur?,mcq,The whip cracks twice.,"[""The whip cracks once, followed by silence.""]",test500_frequency/audio/syn_363,audio,temporal reasoning,event counting,test,"A whip cracks twice, followed by a moment of silence.","The whip cracks once, followed by silence.",test
aha_q_471,aha,What is the temporal structure of this audio clip?,mcq,Pig oinks then the engine starts.,"[""The engine starts then the pig oinks.""]",test500_frequency/audio/syn_364,audio,temporal reasoning,temporal order,test,"A pig oinked three times, followed by an engine starting once.",The engine starts then the pig oinks.,test
aha_q_472,aha,What is the temporal structure of this audio clip?,mcq,"The typewriter clicks first, then the bird calls, followed by the steam whistle.","[""The steam whistle starts first, then the bird calls, and the typewriter clicks last.""]",test500_frequency/audio/syn_37,audio,temporal reasoning,temporal order,test,"A typewriter clicks once, a bird calls once, followed by a single steam whistle.","The steam whistle starts first, then the bird calls, and the typewriter clicks last.",test
aha_q_473,aha,How many times does each sound event occur?,mcq,"Coughing occurs twice, shaver occurs once.","[""Coughing occurs once, shaver occurs twice.""]",test500_frequency/audio/syn_370,audio,temporal reasoning,event counting,test,"Someone coughed twice, then an electric shaver was used once.","Coughing occurs once, shaver occurs twice.",test
aha_q_474,aha,What is the temporal structure of this audio clip?,mcq,"The toilet flushed twice first, then someone giggled.","[""The giggle occurred before the toilet flushed.""]",test500_frequency/audio/syn_372,audio,temporal reasoning,temporal order,test,"The toilet flushed twice, then someone giggled once.",The giggle occurred before the toilet flushed.,test
aha_q_475,aha,What is the order of the sound events in this audio?,mcq,"The howl occurs first, followed by the paper rustling.","[""The paper rustling occurs first, then the howl.""]",test500_frequency/audio/syn_374,audio,temporal reasoning,temporal order,test,"A howl occurs once, followed by the sound of paper rusting once.","The paper rustling occurs first, then the howl.",test
aha_q_476,aha,What is the temporal structure of this audio clip?,mcq,"Water noises occurred twice, followed by an ambulance siren once.","[""Water noises occurred once, followed by an ambulance siren twice.""]",test500_frequency/audio/syn_377,audio,temporal reasoning,temporal order,test,"Water noises occurred twice, followed by an ambulance siren once.","Water noises occurred once, followed by an ambulance siren twice.",test
aha_q_477,aha,What is the chronological order of the sound events in this audio?,mcq,"Gurgling and bubbling, then jackhammer.","[""Gurgling and bubbling occurred twice, followed by a jackhammer once.""]",test500_frequency/audio/syn_379,audio,temporal reasoning,temporal order,test,"Gurgling and bubbling occurred twice, followed by a jackhammer once.","Gurgling and bubbling occurred twice, followed by a jackhammer once.",test
aha_q_478,aha,What is the sequence of sounds from start to finish?,mcq,"A telephone was dialed twice, then two gunshots.","[""A telephone was dialed twice, followed by two separate gunshots.""]",test500_frequency/audio/syn_38,audio,temporal reasoning,temporal order,test,"A telephone was dialed twice, followed by two separate gunshots.","A telephone was dialed twice, followed by two separate gunshots.",test
aha_q_479,aha,What is the temporal structure of this audio clip?,mcq,"Wind occurs twice, then a vehicle accelerates.","[""The vehicle accelerates first, then wind occurs twice.""]",test500_frequency/audio/syn_380,audio,temporal reasoning,temporal order,test,"The sound of wind occurs twice, followed by a vehicle accelerating once.","The vehicle accelerates first, then wind occurs twice.",test
aha_q_480,aha,What is the temporal structure of this audio clip?,mcq,"Someone sneezed twice, then an engine started once.","[""An engine started twice, then someone sneezed once.""]",test500_frequency/audio/syn_381,audio,temporal reasoning,temporal order,test,"Someone sneezed twice, then an engine started once.","An engine started twice, then someone sneezed once.",test
aha_q_481,aha,What is the sequence of sounds from start to finish?,mcq,"A groan, then speech, then a hum.","[""A speech, then a groan, then a hum.""]",test500_frequency/audio/syn_384,audio,temporal reasoning,temporal order,test,"A groan occurs once, followed by a single speech event, and finally, a hum happens once.","A speech, then a groan, then a hum.",test
aha_q_482,aha,What is the temporal structure of this audio clip?,mcq,"The dog yipped first, followed by the toilet flushing twice.","[""The toilet flushed first, then the dog yipped.""]",test500_frequency/audio/syn_386,audio,temporal reasoning,temporal order,test,"A dog yipped once, then a toilet flushed twice.","The toilet flushed first, then the dog yipped.",test
aha_q_483,aha,How many times does each sound event occur?,mcq,"Pig oinks three times, water sounds occur twice.","[""Pig oinks twice, water sounds occur three times.""]",test500_frequency/audio/syn_388,audio,temporal reasoning,event counting,test,"Pig oinked three times, then water sounds occurred twice.","Pig oinks twice, water sounds occur three times.",test
aha_q_484,aha,What is the temporal structure of this audio clip?,mcq,"Dog barking twice, then drill happening twice.","[""The drill occurs before the dog barking.""]",test500_frequency/audio/syn_39,audio,temporal reasoning,temporal order,test,"A dog barked twice, followed by the sound of a drill occurring twice.",The drill occurs before the dog barking.,test
aha_q_485,aha,What is the temporal structure of this audio clip?,mcq,"The dog barks three times, then whimpers three times.","[""The dog whimpers three times, then barks three times.""]",test500_frequency/audio/syn_391,audio,temporal reasoning,temporal order,test,"A dog makes noise three times, followed by it whimpering three times.","The dog whimpers three times, then barks three times.",test
aha_q_486,aha,What is the first sound event in this audio?,mcq,The first sound is static.,"[""The first sound event is a waterfall, followed by static.""]",test500_frequency/audio/syn_392,audio,temporal reasoning,temporal order,test,"There is one instance of static, followed by a single occurrence of a waterfall sound.","The first sound event is a waterfall, followed by static.",test
aha_q_487,aha,What is the temporal structure of this audio clip?,mcq,"The filing rasp occurs first, followed by the alarm.","[""The alarm sounds before the filing rasp.""]",test500_frequency/audio/syn_393,audio,temporal reasoning,temporal order,test,"A filing rasp occurred once, followed by an alarm sounding once.",The alarm sounds before the filing rasp.,test
aha_q_488,aha,What is the chronological order of the sound events in this audio?,mcq,"The frog croaked first, then the cricket chirped.","[""The cricket chirped first, then the frog croaked three times.""]",test500_frequency/audio/syn_394,audio,temporal reasoning,temporal order,test,"A frog croaked three times, followed by a cricket chirping twice.","The cricket chirped first, then the frog croaked three times.",test
aha_q_489,aha,How many times does each sound event occur?,mcq,"The telephone bell rings once, and the train horn sounds twice.","[""The telephone bell rings twice, and the train horn sounds once.""]",test500_frequency/audio/syn_396,audio,temporal reasoning,event counting,test,"A telephone bell rings once, followed by a train horn sounding twice.","The telephone bell rings twice, and the train horn sounds once.",test
aha_q_490,aha,What is the temporal structure of this audio clip?,mcq,Snoring then a tire squeal and skid.,"[""The tire squeal and skid happen before the snoring.""]",test500_frequency/audio/syn_401,audio,temporal reasoning,temporal order,test,"Someone snored once, then there was a single instance of a tire squeal and skid.",The tire squeal and skid happen before the snoring.,test
aha_q_491,aha,What is the temporal structure of this audio clip?,mcq,Pig oinks then rain falls.,"[""Rain falls then pig oinks.""]",test500_frequency/audio/syn_403,audio,temporal reasoning,temporal order,test,"A pig oinked twice, then rain fell on a surface once.",Rain falls then pig oinks.,test
aha_q_492,aha,What is the sequence of sounds from start to finish?,mcq,"The train horn sounds first, then the waterfall noise starts.","[""The waterfall noise sounds first, followed by the train horn.""]",test500_frequency/audio/syn_404,audio,temporal reasoning,temporal order,test,"The train horn sounded once, followed by the waterfall noise starting.","The waterfall noise sounds first, followed by the train horn.",test
aha_q_493,aha,How many times does each sound event occur?,mcq,"Snoring once, belly laughing once, waves surf once.","[""Snoring twice, belly laughing once, waves surf twice.""]",test500_frequency/audio/syn_407,audio,temporal reasoning,event counting,test,"Someone snored once, then belly laughed once, followed by the sound of waves surf once.","Snoring twice, belly laughing once, waves surf twice.",test
aha_q_494,aha,What is the temporal structure of this audio clip?,mcq,Someone sneezed twice then there was the sound of crunching twice.,"[""The sound of crunching occurred before the sneezing, with each sound happening only once.""]",test500_frequency/audio/syn_408,audio,temporal reasoning,temporal order,test,"Someone sneezed twice, then there was the sound of crunching twice.","The sound of crunching occurred before the sneezing, with each sound happening only once.",test
aha_q_495,aha,What is the temporal structure of this audio clip?,mcq,"Clock ticked once, then a foghorn sounded twice.","[""The foghorn sounded once, then the clock ticked twice.""]",test500_frequency/audio/syn_414,audio,temporal reasoning,temporal order,test,"A clock ticked once, then a foghorn sounded twice.","The foghorn sounded once, then the clock ticked twice.",test
aha_q_496,aha,How many times does each sound event occur?,mcq,Sawing occurs twice; water tap occurs once.,"[""Sawing occurs once; water tap occurs twice.""]",test500_frequency/audio/syn_415,audio,temporal reasoning,event counting,test,"Sawing occurred twice, followed by the sound of a water tap or faucet once.",Sawing occurs once; water tap occurs twice.,test
aha_q_497,aha,How many times does each sound event occur?,mcq,Rustle occurs once; dog barks twice.,"[""Rustle occurs twice; dog barks once.""]",test500_frequency/audio/syn_416,audio,temporal reasoning,event counting,test,"There is a rustle once, followed by a dog barking twice.",Rustle occurs twice; dog barks once.,test
aha_q_498,aha,What is the temporal structure of this audio clip?,mcq,"The bell rang twice, then the bathtub filling or washing occurred.","[""The bathtub filling or washing occurred before the bell rang twice.""]",test500_frequency/audio/syn_417,audio,temporal reasoning,temporal order,test,"The bell rang twice, followed by the sound of a bathtub filling or washing once.",The bathtub filling or washing occurred before the bell rang twice.,test
aha_q_499,aha,What is the chronological order of the sound events in this audio?,mcq,"The doorbell rang first, then the clock ticked twice, followed by two tick sounds.","[""The clock ticked twice first, then the doorbell rang, followed by the tick sounds.""]",test500_frequency/audio/syn_418,audio,temporal reasoning,temporal order,test,"The doorbell rang once, followed by the clock's tick-tock twice and the tick sound twice.","The clock ticked twice first, then the doorbell rang, followed by the tick sounds.",test
aha_q_500,aha,What is the chronological order of the sound events in this audio?,mcq,"Duck quacked twice, goat bleated once, whistle sounded.","[""Duck quacked once, goat bleated twice, whistle sounded.""]",test500_frequency/audio/syn_419,audio,temporal reasoning,temporal order,test,"A duck quacked twice, followed by a single bleat from a goat, and then one whistle sound occurred.","Duck quacked once, goat bleated twice, whistle sounded.",test
aha_q_501,aha,What is the temporal structure of this audio clip?,mcq,"The doorbell rang first, then the rain sound followed.","[""The rain sound occurred before the doorbell rang.""]",test500_frequency/audio/syn_42,audio,temporal reasoning,temporal order,test,"The doorbell rang once, then the sound of rain on a surface followed.",The rain sound occurred before the doorbell rang.,test
aha_q_502,aha,How many distinct sound events occur in this sequence?,mcq,Two distinct sound events occur.,"[""Three different sounds occur in the sequence.""]",test500_frequency/audio/syn_420,audio,temporal reasoning,event counting,test,"A sound effect occurs once, followed by an ambulance siren once.",Three different sounds occur in the sequence.,test
aha_q_503,aha,What is the chronological order of the sound events in this audio?,mcq,"Liquid sounds occur first, followed by tick-tock noises.","[""Tick-tock noises occur first, then liquid sounds.""]",test500_frequency/audio/syn_421,audio,temporal reasoning,temporal order,test,"Liquid sounds twice, followed by a tick-tock noise twice.","Tick-tock noises occur first, then liquid sounds.",test
aha_q_504,aha,What is the chronological order of the sound events in this audio?,mcq,"Dial tone, then liquid sound, then music.","[""Liquid sound, then music, then dial tone.""]",test500_frequency/audio/syn_422,audio,temporal reasoning,temporal order,test,"A dial tone occurred once, followed by a liquid sound once, and then music played once.","Liquid sound, then music, then dial tone.",test
aha_q_505,aha,What is the temporal structure of this audio clip?,mcq,The buzzer sounded three times before the alarm went off twice.,"[""The alarm went off twice before the buzzer sounded three times.""]",test500_frequency/audio/syn_426,audio,temporal reasoning,temporal order,test,"A buzzer sounded three times, followed by an alarm going off twice.",The alarm went off twice before the buzzer sounded three times.,test
aha_q_506,aha,What is the chronological order of the sound events in this audio?,mcq,A pig oinked twice before a cap gun fired twice.,"[""The cap gun fired twice before the pig oinked twice.""]",test500_frequency/audio/syn_427,audio,temporal reasoning,temporal order,test,"A pig oinked twice, followed by a cap gun firing twice.",The cap gun fired twice before the pig oinked twice.,test
aha_q_507,aha,How many times does each sound event occur?,mcq,"The power tool was used twice, and the cap gun was fired once.","[""The power tool was used three times, and the cap gun was fired twice.""]",test500_frequency/audio/syn_428,audio,temporal reasoning,event counting,test,"A power tool was used twice, followed by a cap gun fired once.","The power tool was used three times, and the cap gun was fired twice.",test
aha_q_508,aha,How many times does each sound event occur?,mcq,"A bell rang once, and a jet engine started once.","[""A bell rang twice, and a jet engine started twice.""]",test500_frequency/audio/syn_429,audio,temporal reasoning,event counting,test,"A bell rang once, followed by a jet engine starting once.","A bell rang twice, and a jet engine started twice.",test
aha_q_509,aha,What is the temporal structure of this audio clip?,mcq,"Baby cried twice, then the cat meowed.","[""The cat meowed, then the baby cried twice.""]",test500_frequency/audio/syn_432,audio,temporal reasoning,temporal order,test,"A baby cried twice, followed by one cat meowing.","The cat meowed, then the baby cried twice.",test
aha_q_510,aha,What is the order of the sound events in this audio?,mcq,"Water occurs first, followed by spray twice.","[""Spray occurs first, then water, with only one spray event.""]",test500_frequency/audio/syn_435,audio,temporal reasoning,temporal order,test,"Water occurred once, followed by spray occurring twice.","Spray occurs first, then water, with only one spray event.",test
aha_q_511,aha,What is the temporal structure of this audio clip?,mcq,"Hammer sounds occurred twice, then the power saw was activated once.","[""The power saw was activated first, then the hammer sounds occurred twice.""]",test500_frequency/audio/syn_436,audio,temporal reasoning,temporal order,test,"A hammer was used twice, followed by a power saw activated once.","The power saw was activated first, then the hammer sounds occurred twice.",test
aha_q_512,aha,Which sound event has the longest duration?,mcq,The jet engine starting has the longest duration.,"[""The doorbell ringing has the longest duration.""]",test500_frequency/audio/syn_437,audio,temporal reasoning,duration comparison,test,"Someone snored once, a doorbell rang once, followed by the sound of a jet engine starting once.",The doorbell ringing has the longest duration.,test
aha_q_513,aha,What is the temporal structure of this audio clip?,mcq,"The buzzer goes off first, then crumpling sounds occur three times afterward.","[""The crumpling sounds occur before the buzzer. The sounds happen simultaneously.""]",test500_frequency/audio/syn_438,audio,temporal reasoning,temporal order,test,"A buzzer went off once, followed by crumpling or crinkling sounds occurring three times.",The crumpling sounds occur before the buzzer. The sounds happen simultaneously.,test
aha_q_514,aha,What is the temporal structure of this audio clip?,mcq,"The siren sounds twice, then the rooster crows once.","[""The rooster crows twice before the siren sounds once.""]",test500_frequency/audio/syn_439,audio,temporal reasoning,temporal order,test,"The siren sounded twice, followed by a single occurrence of a rooster crowing.",The rooster crows twice before the siren sounds once.,test
aha_q_515,aha,What is the temporal structure of this audio clip?,mcq,"A busy signal occurs twice, then a buzzer sounds three times.","[""The buzzer sounds twice, followed by a busy signal.""]",test500_frequency/audio/syn_441,audio,temporal reasoning,temporal order,test,"A busy signal occurs twice, followed by a buzzer sounding three times.","The buzzer sounds twice, followed by a busy signal.",test
aha_q_516,aha,What is the temporal structure of this audio clip?,mcq,"Someone spoke first, then a car horn sounded afterwards.","[""A car horn sounded first, then someone spoke.""]",test500_frequency/audio/syn_443,audio,temporal reasoning,temporal order,test,"Someone spoke once, then a car horn sounded once.","A car horn sounded first, then someone spoke.",test
aha_q_517,aha,How many times does each sound event occur?,mcq,Bell dings twice; sound effect occurs twice.,"[""Bell dings once; sound effect occurs three times.""]",test500_frequency/audio/syn_444,audio,temporal reasoning,event counting,test,"A bell dings twice, then a sound effect occurs twice.",Bell dings once; sound effect occurs three times.,test
aha_q_518,aha,Which sound event has the longest duration?,mcq,The ship has the longest duration.,"[""The horse has the longest duration.""]",test500_frequency/audio/syn_445,audio,temporal reasoning,duration comparison,test,"A horse neighed once, followed by the sound of a ship once.",The horse has the longest duration.,test
aha_q_519,aha,How many distinct sound events occur in this sequence?,mcq,Two sound events occur.,"[""Three sound events occur.""]",test500_frequency/audio/syn_447,audio,temporal reasoning,event counting,test,"A crunch occurred once, followed by a foghorn sounding once.",Three sound events occur.,test
aha_q_520,aha,List the sound events in the exact order they appear.,mcq,"Biting occurs three times, then oinking three times.","[""Oinking occurs three times, followed by biting three times.""]",test500_frequency/audio/syn_448,audio,temporal reasoning,temporal order,test,"Biting occurs three times, followed by oinking three times.","Oinking occurs three times, followed by biting three times.",test
aha_q_521,aha,What is the temporal structure of this audio clip?,mcq,"Tearing occurred first, then three plopping sounds.","[""The three plopping sounds occurred first, followed by tearing.""]",test500_frequency/audio/syn_449,audio,temporal reasoning,temporal order,test,"Tearing occurred once, followed by three plopping sounds.","The three plopping sounds occurred first, followed by tearing.",test
aha_q_522,aha,What is the temporal structure of this audio clip?,mcq,"Thump and thud, then water, then a bell sound.","[""Water, then thump and thud, followed by a bell sound.""]",test500_frequency/audio/syn_45,audio,temporal reasoning,temporal order,test,"A thump and thud occurred once, water was heard once, followed by a single bell sound.","Water, then thump and thud, followed by a bell sound.",test
aha_q_523,aha,What is the sequence of sounds from start to finish?,mcq,"Someone laughs once, a pig oinks twice, then a belly laugh once.","[""Someone laughs once, followed by a woman shouting, then a pig oinks twice.""]",test500_frequency/audio/syn_450,audio,temporal reasoning,temporal order,test,"Someone laughs once, a pig oinks twice, followed by a belly laugh once.","Someone laughs once, followed by a woman shouting, then a pig oinks twice.",test
aha_q_524,aha,What is the temporal structure of this audio clip?,mcq,"The frog croaked first, then the cat meowed twice.","[""The cat meowed first, then the frog croaked once.""]",test500_frequency/audio/syn_451,audio,temporal reasoning,temporal order,test,"A frog croaked once, followed by a cat meowing twice.","The cat meowed first, then the frog croaked once.",test
aha_q_525,aha,How many times does each sound event occur in this sequence?,mcq,Glass shatters once; tearing occurs twice.,"[""Glass shatters twice; tearing occurs once.""]",test500_frequency/audio/syn_452,audio,temporal reasoning,event counting,test,"Glass shattered once, followed by something tearing twice.",Glass shatters twice; tearing occurs once.,test
aha_q_526,aha,How many times does each sound event occur?,mcq,"The cap gun fired three times, the slam occurred once, and the crumpling occurred once.","[""The cap gun fired twice, the slam occurred twice, and the crumpling happened twice.""]",test500_frequency/audio/syn_453,audio,temporal reasoning,event counting,test,"A cap gun fired three times, followed by a single slam, and then crumpling or crinkling occurred once.","The cap gun fired twice, the slam occurred twice, and the crumpling happened twice.",test
aha_q_527,aha,How many times does each sound event occur?,mcq,"Fireworks exploded three times, and the cat meowed once.","[""Fireworks exploded once, then a dog barked.""]",test500_frequency/audio/syn_456,audio,temporal reasoning,event counting,test,"Fireworks exploded three times, then a cat meowed once.","Fireworks exploded once, then a dog barked.",test
aha_q_528,aha,How many times does each sound event occur?,mcq,Buzzer sounds twice; ding occurs three times.,"[""The buzzer sounds once; the ding occurs twice.""]",test500_frequency/audio/syn_458,audio,temporal reasoning,event counting,test,"A buzzer sounded twice, followed by a ding occurring three times.",The buzzer sounds once; the ding occurs twice.,test
aha_q_529,aha,What is the temporal structure of this audio clip?,mcq,"A slap or smack occurs first, then two burps, and finally a bark.","[""The bark occurs first, then a slap and multiple burps.""]",test500_frequency/audio/syn_460,audio,temporal reasoning,temporal order,test,"A slap or smack occurs once, followed by two instances of burping, and then a single bark.","The bark occurs first, then a slap and multiple burps.",test
aha_q_530,aha,What is the chronological order of the sound events in this audio?,mcq,"Coughing occurs first, followed by slapping or smacking sounds.","[""The slapping sounds occur before the coughing.""]",test500_frequency/audio/syn_461,audio,temporal reasoning,temporal order,test,"Someone coughed three times, then there were two slapping or smacking sounds.",The slapping sounds occur before the coughing.,test
aha_q_531,aha,What is the temporal structure of this audio clip?,mcq,"The tire squealed first, then the bathtub was filled or washed.","[""The bathtub was filled or washed first, then the tire squealed.""]",test500_frequency/audio/syn_463,audio,temporal reasoning,temporal order,test,"A tire squealed once, then a bathtub was filled or washed once.","The bathtub was filled or washed first, then the tire squealed.",test
aha_q_532,aha,How many times does each sound event occur?,mcq,"Mosquito buzzed twice, keyboard typed on three times.","[""Mosquito buzzed twice, keyboard typed on two times.""]",test500_frequency/audio/syn_464,audio,temporal reasoning,event counting,test,"A mosquito buzzed twice, followed by a computer keyboard being typed on three times.","Mosquito buzzed twice, keyboard typed on two times.",test
aha_q_533,aha,What is the sequence of sounds from start to finish?,mcq,"Clang occurs first, then static.","[""Clang happens after static, with static first.""]",test500_frequency/audio/syn_465,audio,temporal reasoning,temporal order,test,"Clang occurs three times, followed by static twice.","Clang happens after static, with static first.",test
aha_q_534,aha,What is the chronological order of the sound events in this audio?,mcq,"Fireworks exploded twice, then a horse neighing, then someone breathing.","[""Fireworks exploded twice, then someone breathing, then a horse neighing.""]",test500_frequency/audio/syn_469,audio,temporal reasoning,temporal order,test,"Fireworks exploded twice, followed by a horse neighing once and then someone breathing once.","Fireworks exploded twice, then someone breathing, then a horse neighing.",test
aha_q_535,aha,What is the temporal structure of this audio clip?,mcq,"Biting occurs twice, then a ding, then a whoosh sound.","[""The audio starts with a ding, followed by a swoosh and biting sounds.""]",test500_frequency/audio/syn_472,audio,temporal reasoning,temporal order,test,"Biting twice, followed by a single ding, then one whoosh, swoosh, swish sound.","The audio starts with a ding, followed by a swoosh and biting sounds.",test
aha_q_536,aha,How many times does each sound event occur?,mcq,"Glass shattered twice, dental drill once.","[""Glass shattered twice, dental drill twice.""]",test500_frequency/audio/syn_473,audio,temporal reasoning,event counting,test,"Glass shattered twice, followed by the sound of a dental drill once.","Glass shattered twice, dental drill twice.",test
aha_q_537,aha,What is the temporal structure of this audio clip?,mcq,"Door knocks first, then speech, followed by two plopping sounds.","[""Speech occurs at the beginning, then door knocks, and finally a single plopping sound.""]",test500_frequency/audio/syn_474,audio,temporal reasoning,temporal order,test,"A door was knocked on three times, followed by speech once, and then a plopping sound twice.","Speech occurs at the beginning, then door knocks, and finally a single plopping sound.",test
aha_q_538,aha,What is the temporal structure of this audio clip?,mcq,"Bird chirped, then a plop, then a gunshot.","[""The gunshot occurred first, then a bird chirped, followed by a plop.""]",test500_frequency/audio/syn_477,audio,temporal reasoning,temporal order,test,"A bird chirped once, followed by a single plop sound, then a gunshot occurred once.","The gunshot occurred first, then a bird chirped, followed by a plop.",test
aha_q_539,aha,What is the temporal structure of this audio clip?,mcq,"The jackhammer is heard first, then the dishes, pots, and pans occur twice.","[""The dishes, pots, and pans are heard first, followed by the jackhammer.""]",test500_frequency/audio/syn_48,audio,temporal reasoning,temporal order,test,"A jackhammer was heard once, followed by the sound of dishes, pots, and pans twice.","The dishes, pots, and pans are heard first, followed by the jackhammer.",test
aha_q_540,aha,What is the chronological order of the sound events in this audio?,mcq,Gunshots are followed by sawing.,"[""Sawing occurs first, then gunshots.""]",test500_frequency/audio/syn_480,audio,temporal reasoning,temporal order,test,"Gunshots were fired three times, followed by one instance of sawing.","Sawing occurs first, then gunshots.",test
aha_q_541,aha,What is the order of sound events in this audio?,mcq,"The train whistled twice, then a toilet flush occurred.","[""The train whistled once, followed by a toilet flush.""]",test500_frequency/audio/syn_481,audio,temporal reasoning,temporal order,test,"The train whistled twice, followed by a single toilet flush.","The train whistled once, followed by a toilet flush.",test
aha_q_542,aha,How many times does each sound event occur?,mcq,"Typewriter occurs twice, laughter occurs once.","[""Typewriter occurs once, laughter occurs twice.""]",test500_frequency/audio/syn_483,audio,temporal reasoning,event counting,test,"A typewriter was used twice, followed by one instance of laughter.","Typewriter occurs once, laughter occurs twice.",test
aha_q_543,aha,What is the temporal structure of this audio clip?,mcq,"Breaking occurs three times, then a dog whimpers twice.","[""Breaking occurs twice, followed by a dog barking three times.""]",test500_frequency/audio/syn_485,audio,temporal reasoning,temporal order,test,"Breaking occurred three times, followed by a dog whimpering twice.","Breaking occurs twice, followed by a dog barking three times.",test
aha_q_544,aha,What is the sequence of sounds from start to finish?,oeq,"Someone hiccuped twice, then there were two crunching sounds.",[],test500_frequency/audio/syn_486,audio,temporal reasoning,temporal order,test,"Someone hiccuped twice, then there were two crunching sounds.","Someone hiccuped twice, then there were two crunching sounds.",test
aha_q_545,aha,What is the temporal structure of this audio clip?,mcq,"Telephone dialed twice, then vacuum cleaner.","[""The vacuum cleaner was heard before the telephones were dialed.""]",test500_frequency/audio/syn_487,audio,temporal reasoning,temporal order,test,"A telephone was dialed twice, followed by a vacuum cleaner once.",The vacuum cleaner was heard before the telephones were dialed.,test
aha_q_546,aha,What is the chronological order of the sound events in this audio?,mcq,"Someone coughed, then the telephone bell rang, followed by static.","[""The telephone bell rang, then static occurred, and someone coughed.""]",test500_frequency/audio/syn_488,audio,temporal reasoning,temporal order,test,"Someone coughed once, a telephone bell rang once, followed by a single occurrence of static.","The telephone bell rang, then static occurred, and someone coughed.",test
aha_q_547,aha,How many times does each sound event occur?,mcq,Three gunshots and one chirping sound.,"[""Two gunshots and two chirping sounds.""]",test500_frequency/audio/syn_489,audio,temporal reasoning,event counting,test,"Three gunshots were fired, followed by a single chirping sound.",Two gunshots and two chirping sounds.,test
aha_q_548,aha,How many times does each sound event occur?,mcq,"Dishes, pots, and pans clanged three times; the child sang once.","[""Dishes, pots, pans, and a dog barked twice; the child giggled once.""]",test500_frequency/audio/syn_49,audio,temporal reasoning,event counting,test,"Dishes, pots, and pans clanged three times, followed by a child singing once.","Dishes, pots, pans, and a dog barked twice; the child giggled once.",test
aha_q_549,aha,How many distinct sound events occur in this sequence?,mcq,Two distinct sound events: silence and aircraft engine.,"[""There are three sound events: silence, aircraft engine, and footsteps.""]",test500_frequency/audio/syn_491,audio,temporal reasoning,event counting,test,"Silence occurs three times, followed by one occurrence of an aircraft engine.","There are three sound events: silence, aircraft engine, and footsteps.",test
aha_q_550,aha,What is the order of sound events in this audio?,mcq,"The goat bleated three times first, then the machine gun fired.","[""The machine gun fired first, then the goat bleated three times.""]",test500_frequency/audio/syn_492,audio,temporal reasoning,temporal order,test,"A goat bleated three times, followed by a single occurrence of a machine gun firing.","The machine gun fired first, then the goat bleated three times.",test
aha_q_551,aha,What is the temporal structure of this audio clip?,mcq,"The baby laughed first, then a gunshot was heard.","[""A gunshot was heard first, then the baby laughed.""]",test500_frequency/audio/syn_493,audio,temporal reasoning,temporal order,test,"A baby laughed once, then a gunshot was heard once.","A gunshot was heard first, then the baby laughed.",test
aha_q_552,aha,What is the temporal structure of this audio clip?,mcq,"Breathing occurs first, followed by two dial tones.","[""Two dial tones occur first, then breathing.""]",test500_frequency/audio/syn_494,audio,temporal reasoning,temporal order,test,"Breathing occurs once, followed by a dial tone sounding twice.","Two dial tones occur first, then breathing.",test
aha_q_553,aha,What is the temporal structure of this audio clip?,mcq,"Hiccups occurred first, followed by gunshots.","[""The gunshots happened before the hiccups.""]",test500_frequency/audio/syn_496,audio,temporal reasoning,temporal order,test,"Someone hiccupped twice, then two gunshots were heard.",The gunshots happened before the hiccups.,test
aha_q_554,aha,How many times does each sound event occur?,mcq,"Beep and bleep sounds each occurred three times, steam whistle once.","[""Beep and bleep sounds each occurred twice, steam whistle twice.""]",test500_frequency/audio/syn_497,audio,temporal reasoning,event counting,test,"A beep, bleep sound occurred three times, followed by a steam whistle once.","Beep and bleep sounds each occurred twice, steam whistle twice.",test
aha_q_555,aha,What is the temporal structure of this audio clip?,mcq,"The vehicle horn sounds first, followed by the telephone bell, then the sewing machine.","[""The sewing machine sounds first, then the vehicle horn, and finally the telephone bell.""]",test500_frequency/audio/syn_5,audio,temporal reasoning,temporal order,test,"A vehicle horn honked once, a telephone bell rang once, followed by the sound of a sewing machine once.","The sewing machine sounds first, then the vehicle horn, and finally the telephone bell.",test
aha_q_556,aha,How many times does each sound event occur?,mcq,"Clock ticked three times, dog barks twice, cricket chirped once.","[""The clock ticked twice, the dog barked three times, and the cricket chirped once.""]",test500_frequency/audio/syn_500,audio,temporal reasoning,event counting,test,"A clock ticked three times, followed by two dog barks, and then a cricket chirped once.","The clock ticked twice, the dog barked three times, and the cricket chirped once.",test
aha_q_557,aha,What is the chronological order of the sound events in this audio?,mcq,"Hiccup, then three whip cracks, then a ship.","[""A whip crack, then a hiccup, and then a ship is heard.""]",test500_frequency/audio/syn_51,audio,temporal reasoning,temporal order,test,"One hiccup occurs, followed by three whip cracks, and then a ship is heard once.","A whip crack, then a hiccup, and then a ship is heard.",test
aha_q_558,aha,What is the chronological order of the sound events in this audio?,mcq,"The ship sounded first, then the dog whimpering occurred twice.","[""The dog whimpering first, then the ship sounded.""]",test500_frequency/audio/syn_54,audio,temporal reasoning,temporal order,test,"A ship sounded once, followed by a dog whimpering twice.","The dog whimpering first, then the ship sounded.",test
aha_q_559,aha,What is the sequence of sounds from start to finish?,mcq,A hum followed by a belly laugh.,"[""There is a belly laugh followed by a hum.""]",test500_frequency/audio/syn_56,audio,temporal reasoning,temporal order,test,There is a single hum followed by one belly laugh.,There is a belly laugh followed by a hum.,test
aha_q_560,aha,What is the temporal structure of this audio clip?,mcq,"The typewriter sounds occur twice first, then the hammer strikes three times afterward.","[""The hammer strikes happen first, followed by the typewriter sounds twice.""]",test500_frequency/audio/syn_58,audio,temporal reasoning,temporal order,test,"A typewriter was used twice, followed by a hammer striking three times.","The hammer strikes happen first, followed by the typewriter sounds twice.",test
aha_q_561,aha,How many times does each sound event occur?,mcq,"Whip cracks once, train whistle once, hiccups three.","[""Whip cracks twice, train whistle twice, hiccups twice.""]",test500_frequency/audio/syn_59,audio,temporal reasoning,event counting,test,"A whip cracks once, followed by a train whistle, and then there are three hiccups.","Whip cracks twice, train whistle twice, hiccups twice.",test
aha_q_562,aha,What is the chronological order of the sound events in this audio?,mcq,"The door slammed twice first, then the foghorn sound.","[""The foghorn sound occurs before the door slamming.""]",test500_frequency/audio/syn_62,audio,temporal reasoning,temporal order,test,"The door slammed twice, followed by one foghorn sound.",The foghorn sound occurs before the door slamming.,test
aha_q_563,aha,How many distinct sound events occur in this sequence?,mcq,Two sound events occur: a doorbell ringing and an aircraft engine starting.,"[""Three sound events occur: a doorbell ringing, an aircraft engine starting, and a dog barking.""]",test500_frequency/audio/syn_64,audio,temporal reasoning,event counting,test,"A doorbell rang once, followed by the sound of an aircraft engine starting.","Three sound events occur: a doorbell ringing, an aircraft engine starting, and a dog barking.",test
aha_q_564,aha,Which sound event has the longest duration?,mcq,The fire alarm has the longest duration.,"[""The clock ticked once has the longest duration.""]",test500_frequency/audio/syn_65,audio,temporal reasoning,duration comparison,test,"A clock ticked once, then a fire alarm sounded once.",The clock ticked once has the longest duration.,test
aha_q_565,aha,What is the sequence of sounds from start to finish?,mcq,"A female sang, then giggled twice, then a tick-tock sound.","[""A female sang, then a tick-tock sound, followed by giggling twice.""]",test500_frequency/audio/syn_67,audio,temporal reasoning,temporal order,test,"A female sang once, followed by giggling twice, and then one instance of a tick-tock sound.","A female sang, then a tick-tock sound, followed by giggling twice.",test
aha_q_566,aha,Does Howl occur more than once?,mcq,"Yes, Howl occurs twice.","[""No, Howl occurs only once.""]",test500_frequency/audio/syn_69,audio,temporal reasoning,event counting,test,"A howl occurs twice, followed by the sound of an ambulance siren once.","No, Howl occurs only once.",test
aha_q_567,aha,How many distinct sound events occur in this sequence?,mcq,Two sound events occur.,"[""Three sound events occur.""]",test500_frequency/audio/syn_7,audio,temporal reasoning,event counting,test,"A howl occurred once, followed by a fire alarm sounding once.",Three sound events occur.,test
aha_q_568,aha,What is the temporal structure of this audio clip?,mcq,"The howl occurs first, then the chuckle or chortle.","[""The chuckle happens before the howl in the audio.""]",test500_frequency/audio/syn_70,audio,temporal reasoning,temporal order,test,"A howl is heard once, followed by a chuckle or chortle once.",The chuckle happens before the howl in the audio.,test
aha_q_569,aha,What is the temporal structure of this audio clip?,mcq,Fireworks then a filing sound.,"[""A filing sound then fireworks.""]",test500_frequency/audio/syn_71,audio,temporal reasoning,temporal order,test,"There were fireworks once, followed by a filing sound.",A filing sound then fireworks.,test
aha_q_570,aha,What is the chronological order of the sound events in this audio?,mcq,"The hiss occurred first, followed by speech.","[""Speech occurred first, followed by a hiss.""]",test500_frequency/audio/syn_73,audio,temporal reasoning,temporal order,test,"A hiss occurred once, followed by speech happening once.","Speech occurred first, followed by a hiss.",test
aha_q_571,aha,What is the temporal structure of this audio clip?,mcq,"The telephone was dialed once, then the telephone bell rang.","[""The telephone was dialed once, and the bell rang immediately after.""]",test500_frequency/audio/syn_74,audio,temporal reasoning,temporal order,test,"A telephone was dialed once, followed by a single ring of the telephone bell.","The telephone was dialed once, and the bell rang immediately after.",test
aha_q_572,aha,What is the temporal structure of this audio clip?,mcq,"A gunshot occurs first, then three bell dings follow.","[""The bell dings happen before the gunshot.""]",test500_frequency/audio/syn_75,audio,temporal reasoning,temporal order,test,"A gunshot occurred once, followed by a bell dinging three times.",The bell dings happen before the gunshot.,test
aha_q_573,aha,What is the sequence of sounds from start to finish?,mcq,"Liquid sounds occur twice, then a hissing sound occurs.","[""Liquid sounds occur once, followed by two instances of a hissing sound.""]",test500_frequency/audio/syn_77,audio,temporal reasoning,temporal order,test,"Liquid is heard twice, followed by a single instance of a hissing sound.","Liquid sounds occur once, followed by two instances of a hissing sound.",test
aha_q_574,aha,How many distinct sound events occur in this sequence?,mcq,Two sound events occur: a cricket chirp and a tire squeal.,"[""Three sound events occur: a cricket chirp, a tire squeal, and a car horn.""]",test500_frequency/audio/syn_80,audio,temporal reasoning,event counting,test,"A cricket chirped once, then a tire squealed and skidded once.","Three sound events occur: a cricket chirp, a tire squeal, and a car horn.",test
aha_q_575,aha,What is the temporal structure of this audio clip?,mcq,"Glass shatters, then a slam occurs twice, followed by a helicopter sound.","[""The helicopter sounds first, then the glass shatters, followed by a slam and another helicopter.""]",test500_frequency/audio/syn_82,audio,temporal reasoning,temporal order,test,"Glass shatters once, a slam occurs twice, followed by a helicopter sound once.","The helicopter sounds first, then the glass shatters, followed by a slam and another helicopter.",test
aha_q_576,aha,What is the temporal structure of this audio clip?,mcq,"The drill was heard first, then the crunching sound occurred twice.","[""The crunching sound was heard before the drill occurred.""]",test500_frequency/audio/syn_83,audio,temporal reasoning,temporal order,test,"A drill was heard once, then a crunching sound occurred twice.",The crunching sound was heard before the drill occurred.,test
aha_q_577,aha,What is the order of sound events in this audio?,mcq,"The typewriter was used twice, then the telephone bell rang once.","[""The telephone bell rang twice, followed by the typewriter being used once.""]",test500_frequency/audio/syn_85,audio,temporal reasoning,temporal order,test,"A typewriter was used twice, followed by a telephone bell that rang once.","The telephone bell rang twice, followed by the typewriter being used once.",test
aha_q_578,aha,What is the chronological order of the sound events in this audio?,mcq,"Liquid sound, then whipping twice, then two hiccups.","[""Liquid sound, then two hiccups, followed by whipping twice.""]",test500_frequency/audio/syn_86,audio,temporal reasoning,temporal order,test,"There's a single liquid sound, followed by whipping twice and two hiccups.","Liquid sound, then two hiccups, followed by whipping twice.",test
aha_q_579,aha,How many times does each sound event occur?,mcq,The air horn and truck horn each sounded once; the chirping and tweeting occurred twice each.,"[""The air horn sounded twice, and the truck horn sounded once; the chirping occurred once.""]",test500_frequency/audio/syn_87,audio,temporal reasoning,event counting,test,"An air horn and truck horn sounded once, followed by two instances of chirping and tweeting.","The air horn sounded twice, and the truck horn sounded once; the chirping occurred once.",test
aha_q_580,aha,How many distinct sound events occur in this sequence?,mcq,Two distinct sound events occur.,"[""Three distinct sound events occur.""]",test500_frequency/audio/syn_89,audio,temporal reasoning,event counting,test,"The toilet flushed once, then there was one burp.",Three distinct sound events occur.,test
aha_q_581,aha,What is the chronological order of the sound events in this audio?,mcq,"The machine gun fired first, then the clock ticked.","[""The clock ticked first, then the machine gun fired.""]",test500_frequency/audio/syn_95,audio,temporal reasoning,temporal order,test,"A machine gun fired once, then a clock ticked once.","The clock ticked first, then the machine gun fired.",test
aha_q_582,aha,How many times does each sound event occur?,mcq,The telephone dialed twice and the chuckle occurred once.,"[""The telephone dialed once and the chuckle occurred twice.""]",test500_frequency/audio/syn_97,audio,temporal reasoning,event counting,test,"A telephone dialed twice, followed by one chuckle.",The telephone dialed once and the chuckle occurred twice.,test
aha_q_583,aha,What is the temporal structure of this audio clip?,mcq,"The telephone dialed three times, then a civil defense siren sounded once.","[""The civil defense siren sounded once, then the telephone dialed three times.""]",test500_frequency/audio/syn_98,audio,temporal reasoning,temporal order,test,"A telephone dialed three times, then a civil defense siren sounded once.","The civil defense siren sounded once, then the telephone dialed three times.",test
aha_q_584,aha,What is the order of the sound events in this audio?,mcq,"The buzzer sounds first, then the busy signal repeats three times.","[""The busy signal repeats three times first, then the buzzer sounds.""]",test500_ordering/audio/syn_1,audio,temporal reasoning,temporal order,test,"A buzzer sounds initially, followed by a busy signal repeating three times.","The busy signal repeats three times first, then the buzzer sounds.",test
aha_q_585,aha,What is the temporal structure of this audio clip?,mcq,"The cat meows, followed by silence, then meows again, then silence, then music plays.","[""The cat meows at the end, then music plays, with no silence in between.""]",test500_ordering/audio/syn_10,audio,temporal reasoning,temporal order,test,"A cat meows, there's brief silence, it meows again, followed by silence, then music plays.","The cat meows at the end, then music plays, with no silence in between.",test
aha_q_586,aha,What is the sequence of sounds from start to finish?,mcq,"The crunching sounds occur first and second, then the infant's cry comes after.","[""The infant's cry occurs first, followed by two crunching sounds.""]",test500_ordering/audio/syn_100,audio,temporal reasoning,temporal order,test,"A crunching sound occurs twice, followed by the cry of an infant.","The infant's cry occurs first, followed by two crunching sounds.",test
aha_q_587,aha,Which sound event has the longest duration?,mcq,The siren has the longest duration.,"[""The belly laugh has the longest duration.""]",test500_ordering/audio/syn_101,audio,temporal reasoning,duration comparison,test,"A belly laugh occurs, followed by a siren sounding.",The belly laugh has the longest duration.,test
aha_q_588,aha,How many times does each sound event occur?,mcq,"The paper rustles once, and the cat meows four times.","[""The paper rustles twice, and the cat meows three times.""]",test500_ordering/audio/syn_102,audio,temporal reasoning,event counting,test,"Paper rustles, followed by a cat meowing four times in succession.","The paper rustles twice, and the cat meows three times.",test
aha_q_589,aha,What is the sequence of sounds from start to finish?,mcq,"The frog croaks four times, then the dental drill sounds.","[""The dental drill sounds first, then the frog croaks four times.""]",test500_ordering/audio/syn_103,audio,temporal reasoning,temporal order,test,"A frog croaks four times, followed by the sound of a dental drill.","The dental drill sounds first, then the frog croaks four times.",test
aha_q_590,aha,What is the temporal structure of this audio clip?,mcq,"The hammer strikes first, then the keys jangle.","[""Keys jangle first, then the hammer strikes.""]",test500_ordering/audio/syn_104,audio,temporal reasoning,temporal order,test,"A hammer strikes once, followed by the sound of keys jangling.","Keys jangle first, then the hammer strikes.",test
aha_q_591,aha,What is the first sound event in this audio?,mcq,Crying and sobbing occurs first.,"[""The sequence starts with breaths, then crying and sobbing.""]",test500_ordering/audio/syn_105,audio,temporal reasoning,temporal order,test,"Crying and sobbing occurs first, followed by a sequence of four separate breaths.","The sequence starts with breaths, then crying and sobbing.",test
aha_q_592,aha,What is the chronological order of the sound events in this audio?,mcq,"The buzzer sounds three times first, then the engine knocks once.","[""The engine knocks three times, followed by the buzzer sounding once.""]",test500_ordering/audio/syn_106,audio,temporal reasoning,temporal order,test,"A buzzer sounds three times, followed by an engine knocking once.","The engine knocks three times, followed by the buzzer sounding once.",test
aha_q_593,aha,How many times does each sound event occur?,mcq,Someone coughs twice; cricket chirps occur four times.,"[""Someone coughs three times; cricket chirps occur five times.""]",test500_ordering/audio/syn_107,audio,temporal reasoning,event counting,test,"Someone coughs twice, followed by a sequence of cricket chirps occurring four times.",Someone coughs three times; cricket chirps occur five times.,test
aha_q_594,aha,What is the sequence of sounds from start to finish?,mcq,"The doorbell rang first, then two separate howling sounds.","[""The doorbell rang after the two howling sounds.""]",test500_ordering/audio/syn_108,audio,temporal reasoning,temporal order,test,"A doorbell rang, followed by two separate howling events.",The doorbell rang after the two howling sounds.,test
aha_q_595,aha,What is the chronological order of the sound events in this audio?,mcq,"The steam whistle blows first, then the car passes by.","[""The car passes by first, then the steam whistle blows.""]",test500_ordering/audio/syn_109,audio,temporal reasoning,temporal order,test,"A steam whistle blows, followed by a car passing by.","The car passes by first, then the steam whistle blows.",test
aha_q_596,aha,What is the temporal structure of this audio clip?,mcq,"The object breaks twice first, then the telephone dialing occurs.","[""The telephone dialing happens before the objects break twice.""]",test500_ordering/audio/syn_11,audio,temporal reasoning,temporal order,test,"Something breaks twice, followed by the sound of telephone dialing.",The telephone dialing happens before the objects break twice.,test
aha_q_597,aha,What is the first sound event in this audio?,mcq,The first sound event is the power tool operating.,"[""The first sound event is the power tool operating, followed by a loud crash.""]",test500_ordering/audio/syn_110,audio,temporal reasoning,temporal order,test,"A power tool operates, followed by silence.","The first sound event is the power tool operating, followed by a loud crash.",test
aha_q_598,aha,What is the sequence of sounds from start to finish?,mcq,"Snoring, then a single oink.","[""Snoring occurs three times, then a single oink, with the snoring happening after the oink.""]",test500_ordering/audio/syn_111,audio,temporal reasoning,temporal order,test,"Snoring occurs three times, followed by a single oink.","Snoring occurs three times, then a single oink, with the snoring happening after the oink.",test
aha_q_599,aha,What is the temporal structure of this audio clip?,mcq,"A thump and thud occur first, then the doorbell rings four times.","[""The doorbell rings first, followed by a thump and thud.""]",test500_ordering/audio/syn_112,audio,temporal reasoning,temporal order,test,"A thump and thud occurs, followed by the doorbell ringing four times in succession.","The doorbell rings first, followed by a thump and thud.",test
aha_q_600,aha,What is the chronological order of the sound events in this audio?,mcq,"Sawing followed by another sawing, then chuckling.","[""Chuckling occurs first, then sawing twice.""]",test500_ordering/audio/syn_113,audio,temporal reasoning,temporal order,test,Sawing occurs twice followed by a period of chuckling.,"Chuckling occurs first, then sawing twice.",test
aha_q_601,aha,How many times does each sound event occur?,mcq,"Whistling occurs three times, the sound effect occurs once.","[""Whistling occurs twice, and the sound effect occurs three times.""]",test500_ordering/audio/syn_114,audio,temporal reasoning,event counting,test,"Whistling occurs three times, followed by a single sound effect.","Whistling occurs twice, and the sound effect occurs three times.",test
aha_q_602,aha,How many distinct sound events occur in this sequence?,mcq,"Three sound events occur: a busy signal beep, a vehicle accelerating, and vehicle revving.","[""Four sound events occur: a busy signal beep, a vehicle accelerating, a vehicle revving, and a siren.""]",test500_ordering/audio/syn_115,audio,temporal reasoning,event counting,test,"A busy signal beeped twice, followed by the sound of a vehicle accelerating and revving.","Four sound events occur: a busy signal beep, a vehicle accelerating, a vehicle revving, and a siren.",test
aha_q_603,aha,How many times does each sound event occur?,mcq,"The doorbell rings three times, and burping occurs once.","[""The doorbell rings once, followed by burping multiple times.""]",test500_ordering/audio/syn_116,audio,temporal reasoning,event counting,test,"The doorbell rings three times, followed by a single event of burping.","The doorbell rings once, followed by burping multiple times.",test
aha_q_604,aha,What is the chronological order of the sound events in this audio?,mcq,"The ticking sound occurs twice, then the engine knocking happens.","[""The ticking sound occurs once, then the engine knocking, followed again by ticking sounds.""]",test500_ordering/audio/syn_117,audio,temporal reasoning,temporal order,test,"A ticking sound occurs twice, followed by the sound of an engine knocking.","The ticking sound occurs once, then the engine knocking, followed again by ticking sounds.",test
aha_q_605,aha,How many times does each sound event occur?,mcq,Knocks occur twice; the cat meows once.,"[""Knocks occur once; the cat meows twice.""]",test500_ordering/audio/syn_118,audio,temporal reasoning,event counting,test,"A knock occurs, followed by another knock, then a cat meows.",Knocks occur once; the cat meows twice.,test
aha_q_606,aha,What is the chronological order of the sound events in this audio?,mcq,"The yip occurs first, followed by the bleat.","[""The bleat occurs first, followed by the yip.""]",test500_ordering/audio/syn_119,audio,temporal reasoning,temporal order,test,"A yip occurs, followed by a bleat after a short pause.","The bleat occurs first, followed by the yip.",test
aha_q_607,aha,What is the first sound event in this audio?,mcq,The first sound event is silence.,"[""The first sound event is a buzzer sound.""]",test500_ordering/audio/syn_12,audio,temporal reasoning,temporal order,test,There's a period of silence followed by a buzzer sound.,The first sound event is a buzzer sound.,test
aha_q_608,aha,What is the chronological order of the sound events in this audio?,mcq,"Bird chirps first, then a medium engine runs.","[""The engine runs first, then the bird chirps.""]",test500_ordering/audio/syn_120,audio,temporal reasoning,temporal order,test,"A bird chirps initially, followed by the sound of a medium engine running.","The engine runs first, then the bird chirps.",test
aha_q_609,aha,What is the last sound event in this audio?,mcq,The last sound event is the car horn.,"[""The last sound event is the snoring.""]",test500_ordering/audio/syn_121,audio,temporal reasoning,temporal order,test,"Snoring occurs three times, followed by the sound of a car horn.",The last sound event is the snoring.,test
aha_q_610,aha,What is the temporal structure of this audio clip?,mcq,"The bell dinged twice first, then followed by a groan.","[""There is a groan first, then a bell dinged twice.""]",test500_ordering/audio/syn_122,audio,temporal reasoning,temporal order,test,"A bell dinged twice, followed by a groan.","There is a groan first, then a bell dinged twice.",test
aha_q_611,aha,Which sound event has the longest duration?,mcq,Gunfire has the longest duration.,"[""Thumping occurs more times than gunfire and has the longest duration.""]",test500_ordering/audio/syn_123,audio,temporal reasoning,duration comparison,test,Two thumping and thudding sounds occur followed by a period of gunfire.,Thumping occurs more times than gunfire and has the longest duration.,test
aha_q_612,aha,What is the chronological order of the sound events in this audio?,mcq,"The pig oinks first, then the crunching sounds follow.","[""The pig oinks after the crunching sounds.""]",test500_ordering/audio/syn_124,audio,temporal reasoning,temporal order,test,"A pig oinks three times, followed by two instances of a crunching sound.",The pig oinks after the crunching sounds.,test
aha_q_613,aha,What is the chronological order of the sound events in this audio?,mcq,"The pig oinks three times first, then the buzzer sounds twice.","[""The buzzer sounds twice first, then the pig oinks three times.""]",test500_ordering/audio/syn_125,audio,temporal reasoning,temporal order,test,"A pig oinks three times, followed by a buzzer sounding twice.","The buzzer sounds twice first, then the pig oinks three times.",test
aha_q_614,aha,What is the temporal structure of this audio clip?,mcq,Someone coughed then there was the sound of a hammer hitting.,"[""The hammer hit first, then someone coughed.""]",test500_ordering/audio/syn_126,audio,temporal reasoning,temporal order,test,"Someone coughed and then, shortly after, there was the sound of a hammer hitting.","The hammer hit first, then someone coughed.",test
aha_q_615,aha,What is the temporal structure of this audio clip?,mcq,"A cap gun fires once, then water sounds occur twice afterward.","[""The water sounds occur before the cap gun fires.""]",test500_ordering/audio/syn_127,audio,temporal reasoning,temporal order,test,"A cap gun fires once, followed by two separate instances of water sounds.",The water sounds occur before the cap gun fires.,test
aha_q_616,aha,What is the temporal structure of this audio clip?,mcq,"A ding sounded twice, then the ticking of a clock three times.","[""The ticking of a clock occurs twice, followed by a ding three times.""]",test500_ordering/audio/syn_128,audio,temporal reasoning,temporal order,test,"A ding sounded twice, followed by the ticking of a clock three times.","The ticking of a clock occurs twice, followed by a ding three times.",test
aha_q_617,aha,What is the order of the sounds in this audio?,mcq,"The crunching noise occurs first, then the filing sound.","[""The filing sound occurs first, then the crunching noise.""]",test500_ordering/audio/syn_129,audio,temporal reasoning,temporal order,test,"A crunching noise occurs, followed by the sound of filing.","The filing sound occurs first, then the crunching noise.",test
aha_q_618,aha,What is the chronological order of the sound events in this audio?,mcq,"Two yips occur first, followed by a plop.","[""A yip occurs first, then a plop, and finally another yip.""]",test500_ordering/audio/syn_13,audio,temporal reasoning,temporal order,test,"A yip is heard, followed by another yip, and then a plop occurs later.","A yip occurs first, then a plop, and finally another yip.",test
aha_q_619,aha,How many distinct sound events occur in this sequence?,mcq,Two sound events occur.,"[""Three sound events occur.""]",test500_ordering/audio/syn_131,audio,temporal reasoning,event counting,test,"A whistle is heard, followed by a female singing.",Three sound events occur.,test
aha_q_620,aha,What is the temporal structure of this audio clip?,mcq,"Two grunts occur first, then a cowbell rings continuously.","[""A cowbell rings first, followed by two grunts.""]",test500_ordering/audio/syn_132,audio,temporal reasoning,temporal order,test,"A grunt is heard, followed by another grunt, then a cowbell rings continuously.","A cowbell rings first, followed by two grunts.",test
aha_q_621,aha,How many distinct sound events occur in this sequence?,mcq,Two sound events occur: pig oinks and a person screaming.,"[""Four pig oinks and multiple screams occur in the sequence.""]",test500_ordering/audio/syn_133,audio,temporal reasoning,event counting,test,"A pig oinks four times, followed by a person screaming.",Four pig oinks and multiple screams occur in the sequence.,test
aha_q_622,aha,What is the temporal structure of this audio clip?,mcq,"A clang occurs, then pauses and repeats, followed by periods of speech happening three separate times.","[""Speech happens first, then clanging, with no pauses or repeats.""]",test500_ordering/audio/syn_134,audio,temporal reasoning,temporal order,test,"A clang occurs, then pauses and repeats, followed by periods of speech happening three separate times.","Speech happens first, then clanging, with no pauses or repeats.",test
aha_q_623,aha,What is the temporal structure of this audio clip?,mcq,"The person laughs first, then the train horn sounds twice.","[""The train horn sounds first, then the person laughs.""]",test500_ordering/audio/syn_136,audio,temporal reasoning,temporal order,test,"A person lets out a belly laugh, followed by the sound of a train horn twice.","The train horn sounds first, then the person laughs.",test
aha_q_624,aha,What is the chronological order of the sound events in this audio?,mcq,"Typing on a keyboard three times, then a car passes by.","[""The car passes by first, followed by typing on a keyboard.""]",test500_ordering/audio/syn_137,audio,temporal reasoning,temporal order,test,"Someone types on a computer keyboard three times, followed by a car passing by.","The car passes by first, followed by typing on a keyboard.",test
aha_q_625,aha,What is the temporal structure of this audio clip?,mcq,"The clock ticks four times, then the duck quacks three times.","[""The duck quacks four times, then the clock ticks three times.""]",test500_ordering/audio/syn_138,audio,temporal reasoning,temporal order,test,"A clock ticks four times, followed by three quacks from a duck.","The duck quacks four times, then the clock ticks three times.",test
aha_q_626,aha,What is the temporal structure of this audio clip?,mcq,"Waves crash first, then a sneeze.","[""The sneeze occurs first, followed by waves crashing.""]",test500_ordering/audio/syn_14,audio,temporal reasoning,temporal order,test,"Waves crash initially, followed by a singular sneeze.","The sneeze occurs first, followed by waves crashing.",test
aha_q_627,aha,What is the sequence of sounds from start to finish?,mcq,"Four fart sounds occur first, then the keyboard typing occurs.","[""The keyboard typing occurs before the four fart sounds.""]",test500_ordering/audio/syn_140,audio,temporal reasoning,temporal order,test,"A fart occurs four times, followed by the sound of a computer keyboard being typed on once.",The keyboard typing occurs before the four fart sounds.,test
aha_q_628,aha,How many times does each sound event occur?,mcq,"Horse neighs once, pig oinks three times.","[""Horse neighs twice, pig oinks two times.""]",test500_ordering/audio/syn_141,audio,temporal reasoning,event counting,test,"A horse neighs, followed by a pig oinking three times.","Horse neighs twice, pig oinks two times.",test
aha_q_629,aha,How many times does each sound event occur?,mcq,"Spraying occurs four times, then one emergency vehicle sound.","[""Spraying occurs three times, followed by an emergency vehicle sound.""]",test500_ordering/audio/syn_142,audio,temporal reasoning,event counting,test,"Spraying occurs four times, followed by the sound of an emergency vehicle.","Spraying occurs three times, followed by an emergency vehicle sound.",test
aha_q_630,aha,How many times does each sound event occur?,mcq,The baby laughed three times and the engine ran once.,"[""The baby laughed twice and the engine ran two times.""]",test500_ordering/audio/syn_143,audio,temporal reasoning,event counting,test,"A baby laughed three times, followed by a medium engine running.",The baby laughed twice and the engine ran two times.,test
aha_q_631,aha,What is the chronological order of the sound events in this audio?,mcq,"The whip cracks first, then the door slams three times.","[""The door slams first, followed by the whip cracking.""]",test500_ordering/audio/syn_144,audio,temporal reasoning,temporal order,test,"A whip cracks, followed by the door slamming three separate times.","The door slams first, followed by the whip cracking.",test
aha_q_632,aha,What is the sequence of sounds from start to finish?,mcq,Coughs followed by breathing.,"[""Breathing followed by coughs.""]",test500_ordering/audio/syn_147,audio,temporal reasoning,temporal order,test,"Someone coughs four times, followed by a single instance of breathing.",Breathing followed by coughs.,test
aha_q_633,aha,What is the sequence of sounds from start to finish?,mcq,"The telephone bell rings first, then the clanging of dishes, pots, and pans occurs four times.","[""The telephone bell rings after the dishes, pots, and pans clang four times.""]",test500_ordering/audio/syn_148,audio,temporal reasoning,temporal order,test,"A telephone bell rings, followed by the sound of dishes, pots, and pans clanging together four times.","The telephone bell rings after the dishes, pots, and pans clang four times.",test
aha_q_634,aha,What is the temporal structure of this audio clip?,mcq,"The whip crack occurs first, then the typing on the keyboard.","[""Typing on the keyboard occurs first, followed by the whip crack.""]",test500_ordering/audio/syn_15,audio,temporal reasoning,temporal order,test,"A whip cracks, followed by intermittent typing on a computer keyboard.","Typing on the keyboard occurs first, followed by the whip crack.",test
aha_q_635,aha,How many distinct sound events occur in this sequence?,mcq,Four sound events occur.,"[""Three sound events occur.""]",test500_ordering/audio/syn_150,audio,temporal reasoning,event counting,test,"A dial tone occurs, followed by a sequence of three squeaks.",Three sound events occur.,test
aha_q_636,aha,What is the chronological order of the sound events in this audio?,mcq,"Water gurgles and bubbles four times, followed by a continuous liquid sound.","[""The water gurgles and bubbles occur twice, then a continuous liquid sound happens afterward.""]",test500_ordering/audio/syn_151,audio,temporal reasoning,temporal order,test,"Water gurgles and bubbles four times, followed by a continuous liquid sound.","The water gurgles and bubbles occur twice, then a continuous liquid sound happens afterward.",test
aha_q_637,aha,How many times does each sound event occur?,mcq,"The cap gun fires twice, and the hiccup occurs once.","[""The cap gun fires once, followed by two hiccups.""]",test500_ordering/audio/syn_152,audio,temporal reasoning,event counting,test,"A cap gun fires twice, followed by a single hiccup.","The cap gun fires once, followed by two hiccups.",test
aha_q_638,aha,What is the chronological order of the sound events in this audio?,mcq,"The toilet flushes first, then the siren sounds.","[""The siren sounds first, then the toilet flushes.""]",test500_ordering/audio/syn_153,audio,temporal reasoning,temporal order,test,"A toilet flushes, followed by a siren sounding.","The siren sounds first, then the toilet flushes.",test
aha_q_639,aha,Which sound event has the longest duration?,mcq,Sanding has the longest duration.,"[""Laughter has the longest duration.""]",test500_ordering/audio/syn_154,audio,temporal reasoning,duration comparison,test,"Sanding occurs first, followed by laughter.",Laughter has the longest duration.,test
aha_q_640,aha,What is the temporal structure of this audio clip?,mcq,"The whistle sounds twice, then the whooshing noise occurs twice.","[""The whooshing noise sounds twice before the whistle sounds twice.""]",test500_ordering/audio/syn_155,audio,temporal reasoning,temporal order,test,"A whistle sounds twice, followed by a whooshing noise occurring two times.",The whooshing noise sounds twice before the whistle sounds twice.,test
aha_q_641,aha,How many times does each sound event occur?,mcq,Spray occurs four times; jet engine roars once.,"[""Spray occurs five times; jet engine roars twice.""]",test500_ordering/audio/syn_156,audio,temporal reasoning,event counting,test,"A spray is used four times, followed by a silence, then a jet engine roars continuously.",Spray occurs five times; jet engine roars twice.,test
aha_q_642,aha,How many times does each sound event occur?,mcq,The plop occurs three times; the cowbell rings continuously.,"[""The plop occurs twice; the cowbell rings intermittently.""]",test500_ordering/audio/syn_157,audio,temporal reasoning,event counting,test,"A plop occurs three times, followed by a cowbell ringing continuously.",The plop occurs twice; the cowbell rings intermittently.,test
aha_q_643,aha,What is the chronological order of the sound events in this audio?,mcq,"The engine accelerates and revs up first, followed by two slapping sounds.","[""The engine revs up first, then a single slapping sound occurs.""]",test500_ordering/audio/syn_158,audio,temporal reasoning,temporal order,test,"An engine accelerates and revs up, followed by two distinct slapping sounds.","The engine revs up first, then a single slapping sound occurs.",test
aha_q_644,aha,Which sound event has the longest duration?,mcq,The mosquito buzzes the longest.,"[""The cricket chirps the longest.""]",test500_ordering/audio/syn_159,audio,temporal reasoning,duration comparison,test,"First, a cricket chirps briefly, then later, a mosquito buzzes continuously.",The cricket chirps the longest.,test
aha_q_645,aha,What is the chronological order of the sound events in this audio?,mcq,"The train horn sounds twice, then the four slapping noises follow.","[""The train horn sounds once, then a series of five smacking noises occur.""]",test500_ordering/audio/syn_16,audio,temporal reasoning,temporal order,test,"A train horn sounds twice, followed by a series of four slapping or smacking noises.","The train horn sounds once, then a series of five smacking noises occur.",test
aha_q_646,aha,What is the order of sound events in this audio?,mcq,"Static occurs four times, then crunching sounds occur twice.","[""Static occurs three times, followed by three instances of crunching sounds.""]",test500_ordering/audio/syn_160,audio,temporal reasoning,temporal order,test,"Static occurs four times, followed by two instances of crunching sounds.","Static occurs three times, followed by three instances of crunching sounds.",test
aha_q_647,aha,Which sound event has the longest duration?,mcq,The power saw has the longest duration.,"[""The thump has the longest duration.""]",test500_ordering/audio/syn_161,audio,temporal reasoning,duration comparison,test,A thump and thud is followed by the sound of a power saw running continuously.,The thump has the longest duration.,test
aha_q_648,aha,What is the sequence of sounds from start to finish?,mcq,"Hiccups occur first, then dog whimpering follows.","[""Dog whimpering occurs first, then hiccups follow.""]",test500_ordering/audio/syn_162,audio,temporal reasoning,temporal order,test,"Someone hiccups three times, followed by a dog whimpering three times.","Dog whimpering occurs first, then hiccups follow.",test
aha_q_649,aha,What is the temporal structure of this audio clip?,mcq,"Rustling occurs first, then the dental drill.","[""The dental drill occurs before the rustling sounds.""]",test500_ordering/audio/syn_163,audio,temporal reasoning,temporal order,test,"Rustling occurs four times, followed by the sound of a dental drill.",The dental drill occurs before the rustling sounds.,test
aha_q_650,aha,What is the sequence of sounds from start to finish?,mcq,Growling then engine revving.,"[""Engine revving first, then growling.""]",test500_ordering/audio/syn_164,audio,temporal reasoning,temporal order,test,"Growling is heard initially, followed by the sound of a medium engine revving.","Engine revving first, then growling.",test
aha_q_651,aha,Which sound event has the longest duration?,mcq,Sawing has the longest duration.,"[""The mosquito sound has the longest duration.""]",test500_ordering/audio/syn_165,audio,temporal reasoning,duration comparison,test,"Sawing occurs first, followed by the sound of a mosquito.",The mosquito sound has the longest duration.,test
aha_q_652,aha,What is the chronological order of the sound events in this audio?,mcq,"The typewriter clicks first, then the cap gun fires three times.","[""The cap gun fires first, then the typewriter clicks.""]",test500_ordering/audio/syn_166,audio,temporal reasoning,temporal order,test,"A typewriter clicks, followed by a cap gun firing three times in succession.","The cap gun fires first, then the typewriter clicks.",test
aha_q_653,aha,What is the temporal structure of this audio clip?,mcq,Four consecutive slaps followed by paper rustling.,"[""The sound of paper rustling is heard before the four slaps or smacks.""]",test500_ordering/audio/syn_167,audio,temporal reasoning,temporal order,test,Four consecutive slaps or smacks are followed by the sound of paper rustling.,The sound of paper rustling is heard before the four slaps or smacks.,test
aha_q_654,aha,How many times does each sound event occur?,mcq,"The dog barks twice, and the steam whistle sounds once.","[""The dog barks once, and the steam whistle sounds twice.""]",test500_ordering/audio/syn_168,audio,temporal reasoning,event counting,test,"A dog barks twice, followed by a steam whistle that sounds continuously.","The dog barks once, and the steam whistle sounds twice.",test
aha_q_655,aha,What is the chronological order of the sound events in this audio?,mcq,"The door slams first, then spraying occurs twice in succession.","[""The spraying occurs before the door slams, with the spraying happening only once.""]",test500_ordering/audio/syn_169,audio,temporal reasoning,temporal order,test,"A door slams, followed by the sound of spraying twice in succession.","The spraying occurs before the door slams, with the spraying happening only once.",test
aha_q_656,aha,What is the temporal structure of this audio clip?,mcq,"Two explosions occur first, then a bird chirping.","[""A bird chirping occurs before the explosions.""]",test500_ordering/audio/syn_17,audio,temporal reasoning,temporal order,test,"An explosion occurs twice, followed by a bird chirping.",A bird chirping occurs before the explosions.,test
aha_q_657,aha,How many distinct sound events occur in this sequence?,mcq,Two sound events: whip cracks and crickets chirping.,"[""Three sound events: whip cracks, crickets chirping, and birds singing.""]",test500_ordering/audio/syn_170,audio,temporal reasoning,event counting,test,"A whip cracks three times, followed by crickets chirping three times.","Three sound events: whip cracks, crickets chirping, and birds singing.",test
aha_q_658,aha,What is the chronological order of the sound events in this audio?,mcq,"The toilet flushes first, then someone laughs twice.","[""The toilets flush after someone laughs twice.""]",test500_ordering/audio/syn_171,audio,temporal reasoning,temporal order,test,"A toilet flushes, followed by someone laughing twice.",The toilets flush after someone laughs twice.,test
aha_q_659,aha,What is the temporal structure of this audio clip?,mcq,"The train horn sounds twice, then the cricket chirping.","[""The cricket chirping sounds twice, followed by a train horn.""]",test500_ordering/audio/syn_173,audio,temporal reasoning,temporal order,test,"A train horn sounds twice, followed by a brief cricket chirping.","The cricket chirping sounds twice, followed by a train horn.",test
aha_q_660,aha,How many distinct sound events occur in this sequence?,mcq,There are two sounds: crunching and a siren.,"[""There are three sounds: crunching twice and a distress alarm.""]",test500_ordering/audio/syn_174,audio,temporal reasoning,event counting,test,"Something crunches twice, followed by a civil defense siren.",There are three sounds: crunching twice and a distress alarm.,test
aha_q_661,aha,How many distinct sound events occur in this sequence?,mcq,Two sound events occur: clock ticks and train horn.,"[""Three sound events occur: clock ticks, train horn, and a whistle.""]",test500_ordering/audio/syn_175,audio,temporal reasoning,event counting,test,"A clock ticks, followed by a train horn sounding.","Three sound events occur: clock ticks, train horn, and a whistle.",test
aha_q_662,aha,What is the chronological order of the sound events in this audio?,mcq,"The machine gun fired first, then three separate gunshots occurred afterward.","[""The three gunshots occurred first, followed by the machine gun firing.""]",test500_ordering/audio/syn_176,audio,temporal reasoning,temporal order,test,"A machine gun fired, followed by a series of three separate gunshots.","The three gunshots occurred first, followed by the machine gun firing.",test
aha_q_663,aha,How many times does each sound event occur?,mcq,The goat bleated once; the police siren sounded twice.,"[""The goat bleated twice; the police siren sounded once.""]",test500_ordering/audio/syn_177,audio,temporal reasoning,event counting,test,"A goat bleated once, followed by a police car siren sounding twice.",The goat bleated twice; the police siren sounded once.,test
aha_q_664,aha,Which sound event has the longest duration?,mcq,The jet engine roar has the longest duration.,"[""The crickets chirp four times, which has the longest duration.""]",test500_ordering/audio/syn_178,audio,temporal reasoning,duration comparison,test,"Crickets chirp four times, followed by the continuous roar of a jet engine.","The crickets chirp four times, which has the longest duration.",test
aha_q_665,aha,What is the chronological order of the sound events in this audio?,mcq,"The cap gun pops first, then the dial tone occurs twice.","[""The dial tone occurs first, followed by the cap gun pops.""]",test500_ordering/audio/syn_179,audio,temporal reasoning,temporal order,test,"A cap gun pops, followed by a dial tone twice.","The dial tone occurs first, followed by the cap gun pops.",test
aha_q_666,aha,Describe the sequence of sounds from start to finish.,mcq,Four whip cracks followed by a thump and thud.,"[""Two whip cracks, then a thump followed by the crack.""]",test500_ordering/audio/syn_18,audio,temporal reasoning,temporal order,test,"A whip cracks four times, followed by a single thump and thud.","Two whip cracks, then a thump followed by the crack.",test
aha_q_667,aha,What is the temporal structure of this audio clip?,mcq,"The bird chirps first, then two grunts follow.","[""The audio starts with a grunt, then a bird chirps, and continues with multiple bird chirps.""]",test500_ordering/audio/syn_180,audio,temporal reasoning,temporal order,test,"A bird chirps briefly, followed by a grunt, and then another grunt.","The audio starts with a grunt, then a bird chirps, and continues with multiple bird chirps.",test
aha_q_668,aha,How many times does each sound event occur?,mcq,"Croak occurs once, laughter occurs three times.","[""Croak occurs twice, laughter occurs two times.""]",test500_ordering/audio/syn_181,audio,temporal reasoning,event counting,test,"A croak is heard, followed by a series of laughter three separate times.","Croak occurs twice, laughter occurs two times.",test
aha_q_669,aha,What is the temporal structure of this audio clip?,mcq,"Gurgling and bubbling occur twice, then the clock ticks twice.","[""The clock ticks twice, then the gurgling and bubbling occur twice.""]",test500_ordering/audio/syn_183,audio,temporal reasoning,temporal order,test,"Gurgling and bubbling occur twice, followed by the tick-tock of a clock also happening twice.","The clock ticks twice, then the gurgling and bubbling occur twice.",test
aha_q_670,aha,How many times does each sound event occur?,mcq,"Shouts occur twice, croak occurs once.","[""Shouts occur once, croak occurs twice.""]",test500_ordering/audio/syn_184,audio,temporal reasoning,event counting,test,"Someone shouts twice, followed by a single croak.","Shouts occur once, croak occurs twice.",test
aha_q_671,aha,What is the chronological order of the sound events in this audio?,mcq,"Two sneezes occurred first, followed by two shouts.","[""The shouting occurred first, then the sneezes.""]",test500_ordering/audio/syn_185,audio,temporal reasoning,temporal order,test,"A sneeze occurred twice, followed by shouting that also happened twice.","The shouting occurred first, then the sneezes.",test
aha_q_672,aha,What is the first sound event in this audio?,mcq,"The first sound event is a plop, followed by the power saw.","[""The first sound event is a power saw, followed by a plop.""]",test500_ordering/audio/syn_186,audio,temporal reasoning,temporal order,test,"A plop is heard, followed by the continuous sound of a power saw.","The first sound event is a power saw, followed by a plop.",test
aha_q_673,aha,What is the chronological order of the sound events in this audio?,mcq,"Sawing occurs three times, then a dog barks twice.","[""The dog barks first, followed by three sawing sounds.""]",test500_ordering/audio/syn_187,audio,temporal reasoning,temporal order,test,"Sawing occurs three times, followed by a dog barking twice.","The dog barks first, followed by three sawing sounds.",test
aha_q_674,aha,What is the temporal structure of this audio clip?,mcq,"The horse neighs first, then the child sings, followed by a brief pause, and then the child sings again.","[""The child sings first, then the horse neighs, with no pause between them.""]",test500_ordering/audio/syn_188,audio,temporal reasoning,temporal order,test,"A horse neighs, followed by a child singing, and after a brief pause, the child sings again.","The child sings first, then the horse neighs, with no pause between them.",test
aha_q_675,aha,What is the chronological order of the sound events in this audio?,mcq,"Someone chuckles and chortles, then giggles three times.","[""Someone chuckles, giggles three times, then chortles.""]",test500_ordering/audio/syn_189,audio,temporal reasoning,temporal order,test,"Someone chuckles and chortles, followed by giggling three separate times.","Someone chuckles, giggles three times, then chortles.",test
aha_q_676,aha,How many times does each sound event occur?,mcq,"Sneezes occur three times, whistle occurs once.","[""Sneezes occur twice, whistle occurs twice.""]",test500_ordering/audio/syn_19,audio,temporal reasoning,event counting,test,"Someone sneezes three times, followed by a single whistle.","Sneezes occur twice, whistle occurs twice.",test
aha_q_677,aha,How many times does each sound event occur?,mcq,"Hammer strikes occur twice, neighing occurs twice.","[""Hammer strikes occur twice, neighing occurs once.""]",test500_ordering/audio/syn_190,audio,temporal reasoning,event counting,test,"A hammer strikes twice, followed by two instances of neighing or whinnying sounds.","Hammer strikes occur twice, neighing occurs once.",test
aha_q_678,aha,What is the sequence of sounds from start to finish?,mcq,"A buzz sounds three times, then a crunching noise.","[""A crunching noise occurs first, followed by three buzz sounds.""]",test500_ordering/audio/syn_191,audio,temporal reasoning,temporal order,test,"A buzz sounds three times, followed by a single crunching noise.","A crunching noise occurs first, followed by three buzz sounds.",test
aha_q_679,aha,What is the temporal structure of this audio clip?,mcq,"Leaves rustle twice, then a whistle sound occurs.","[""Leaves rustle once, then a whistle sound, followed by leaves rustle twice.""]",test500_ordering/audio/syn_192,audio,temporal reasoning,temporal order,test,"Leaves rustle twice, followed by a single whistle sound.","Leaves rustle once, then a whistle sound, followed by leaves rustle twice.",test
aha_q_680,aha,What is the chronological order of the sound events in this audio?,mcq,"Crunching occurs first, followed by an insect noise.","[""An insect noise occurs first, followed by crunching.""]",test500_ordering/audio/syn_193,audio,temporal reasoning,temporal order,test,"Crunching occurs first, followed by an insect noise.","An insect noise occurs first, followed by crunching.",test
aha_q_681,aha,What is the chronological order of the sound events in this audio?,mcq,"The ding rings first, followed by a sound effect.","[""The sound effect occurs first, then the ding rings.""]",test500_ordering/audio/syn_194,audio,temporal reasoning,temporal order,test,"A ding rings first, followed by a sound effect.","The sound effect occurs first, then the ding rings.",test
aha_q_682,aha,How many times does each sound event occur?,mcq,"The croak occurs three times, and the train whistle blast occurs two times.","[""The croak occurs twice, and the train whistle blast occurs three times.""]",test500_ordering/audio/syn_195,audio,temporal reasoning,event counting,test,"A croak occurs three times, followed by two train whistle blasts.","The croak occurs twice, and the train whistle blast occurs three times.",test
aha_q_683,aha,What is the chronological order of the sound events in this audio?,mcq,"The explosion occurred three times first, then two gunshots.","[""The explosion happened twice first, followed by three gunshots.""]",test500_ordering/audio/syn_196,audio,temporal reasoning,temporal order,test,"An explosion occurred three times, followed by two gunshots.","The explosion happened twice first, followed by three gunshots.",test
aha_q_684,aha,What is the sequence of sounds from start to finish?,mcq,"Cricket chirps four times, then a biting sound.","[""Cricket chirps four times, followed by a biting sound.""]",test500_ordering/audio/syn_197,audio,temporal reasoning,temporal order,test,"Cricket chirps four times, followed by a biting sound.","Cricket chirps four times, followed by a biting sound.",test
aha_q_685,aha,How many times does each sound event occur?,mcq,Someone clears their throat four times.,"[""Someone clears their throat twice and then there's a moment of silence.""]",test500_ordering/audio/syn_198,audio,temporal reasoning,event counting,test,"Someone clears their throat four times, followed by a moment of silence.",Someone clears their throat twice and then there's a moment of silence.,test
aha_q_686,aha,What is the temporal structure of this audio clip?,mcq,"The doorbell rings three times first, then the sawing occurs.","[""The sawing happens three times before the doorbell rings once.""]",test500_ordering/audio/syn_199,audio,temporal reasoning,temporal order,test,"A doorbell rings three times, followed by the sound of sawing once.",The sawing happens three times before the doorbell rings once.,test
aha_q_687,aha,What is the first sound event in this audio?,mcq,The first sound event is the mosquito buzzes.,"[""The first sound event is the drill, followed by the mosquito buzzes.""]",test500_ordering/audio/syn_2,audio,temporal reasoning,temporal order,test,"A mosquito buzzes twice, followed by the sound of a drill.","The first sound event is the drill, followed by the mosquito buzzes.",test
aha_q_688,aha,What is the temporal structure of this audio clip?,mcq,"The sound of something breaking occurs first, then the cowbell rings.","[""The cowbell rings first, followed by something breaking.""]",test500_ordering/audio/syn_20,audio,temporal reasoning,temporal order,test,"Something breaks, followed by the ringing of a cowbell.","The cowbell rings first, followed by something breaking.",test
aha_q_689,aha,How many distinct sound events occur in this sequence?,mcq,Two sound events occur: engine revving and silence.,"[""Three sound events occur: engine revving, silence, and another silence.""]",test500_ordering/audio/syn_200,audio,temporal reasoning,event counting,test,"An engine accelerates and revs up, followed by silence, and then more silence.","Three sound events occur: engine revving, silence, and another silence.",test
aha_q_690,aha,What is the sequence of sounds from start to finish?,mcq,"Tearing occurs twice, then a cough.","[""Tearing occurs twice, followed by a single cough.""]",test500_ordering/audio/syn_201,audio,temporal reasoning,temporal order,test,"Tearing occurs twice, followed by a single cough.","Tearing occurs twice, followed by a single cough.",test
aha_q_691,aha,How many times does each sound event occur?,mcq,The dog barks three times; the cat meows once.,"[""The dog barks twice; the cat meows twice.""]",test500_ordering/audio/syn_202,audio,temporal reasoning,event counting,test,"A dog barks three times, followed by a single cat meowing.",The dog barks twice; the cat meows twice.,test
aha_q_692,aha,What is the chronological order of the sound events in this audio?,mcq,"Someone bites three times, then the sound of liquid.","[""The sound of liquid occurs before someone bites three times.""]",test500_ordering/audio/syn_203,audio,temporal reasoning,temporal order,test,"Someone bites three times, followed by the sound of liquid.",The sound of liquid occurs before someone bites three times.,test
aha_q_693,aha,What is the chronological order of the sound events in this audio?,mcq,"The tire squeal and skidding occurred first, followed by the telephone bell ringing.","[""The telephone bell ringing occurred first, followed by the tire squeal and skidding.""]",test500_ordering/audio/syn_204,audio,temporal reasoning,temporal order,test,"A tire squeal and skidding occurred, followed by the sound of a telephone bell ringing.","The telephone bell ringing occurred first, followed by the tire squeal and skidding.",test
aha_q_694,aha,What is the first sound event in this audio?,mcq,The first sound event is the dog yipping four times.,"[""The first sound event is the woman singing, followed by the dog yipping four times.""]",test500_ordering/audio/syn_205,audio,temporal reasoning,temporal order,test,"A dog yips four times, followed by a woman singing.","The first sound event is the woman singing, followed by the dog yipping four times.",test
aha_q_695,aha,What is the chronological order of the sound events in this audio?,mcq,"The clock ticks first, then the person laughs.","[""The person laughs first, then the clock ticks.""]",test500_ordering/audio/syn_206,audio,temporal reasoning,temporal order,test,A clock ticks followed by a person laughing.,"The person laughs first, then the clock ticks.",test
aha_q_696,aha,What is the chronological order of the sound events in this audio?,mcq,Whip cracks then static occurrences.,"[""Static occurs first, then whip cracks.""]",test500_ordering/audio/syn_207,audio,temporal reasoning,temporal order,test,"A whip cracks three times, followed by static occurring three separate times.","Static occurs first, then whip cracks.",test
aha_q_697,aha,What is the temporal structure of this audio clip?,mcq,"Breathing occurs four times, then a hiss.","[""The hiss occurs four times, followed by breathing.""]",test500_ordering/audio/syn_208,audio,temporal reasoning,temporal order,test,"Breathing occurs four times, followed by a hiss.","The hiss occurs four times, followed by breathing.",test
aha_q_698,aha,What is the chronological order of the sound events in this audio?,mcq,"The buzzer sounds first, then the paper rustling occurs twice with a pause in between.","[""The paper rustling sounds first, followed by the buzzer.""]",test500_ordering/audio/syn_209,audio,temporal reasoning,temporal order,test,A buzzer sounds followed by paper rustling twice with a brief pause between the rustling sounds.,"The paper rustling sounds first, followed by the buzzer.",test
aha_q_699,aha,Which sound event has the longest duration?,mcq,The rooster crowed has the longest duration.,"[""The chuckle has the longest duration.""]",test500_ordering/audio/syn_21,audio,temporal reasoning,duration comparison,test,Someone chuckled and then a rooster crowed.,The chuckle has the longest duration.,test
aha_q_700,aha,Which sound event has the longest duration?,mcq,The lawn mower has the longest duration.,"[""The fire alarm has the longest duration.""]",test500_ordering/audio/syn_210,audio,temporal reasoning,duration comparison,test,"A fire alarm goes off, followed by the sound of a lawn mower.",The fire alarm has the longest duration.,test
aha_q_701,aha,Which sound event has the longest duration?,mcq,The fire truck siren has the longest duration.,"[""The spray sound has the longest duration.""]",test500_ordering/audio/syn_211,audio,temporal reasoning,duration comparison,test,"A spray sound occurs, followed by a fire truck siren that starts shortly after and continues for several seconds.",The spray sound has the longest duration.,test
aha_q_702,aha,How many times does each sound event occur?,mcq,"The gunshot occurs twice, followed by gurgling occurring once.","[""The gunshot occurs once, and gurgling occurs twice.""]",test500_ordering/audio/syn_212,audio,temporal reasoning,event counting,test,"A gunshot is heard twice, followed by the sound of gurgling.","The gunshot occurs once, and gurgling occurs twice.",test
aha_q_703,aha,How many times does each sound event occur?,mcq,"Someone speaks twice, and the pig oinks twice.","[""Someone speaks once, then the pig oinks three times.""]",test500_ordering/audio/syn_213,audio,temporal reasoning,event counting,test,"Someone speaks twice, followed by a pig oinking twice.","Someone speaks once, then the pig oinks three times.",test
aha_q_704,aha,Which sound event has the longest duration?,mcq,The foghorn has the longest duration.,"[""The belly laugh has the longest duration.""]",test500_ordering/audio/syn_214,audio,temporal reasoning,duration comparison,test,"A belly laugh occurs, followed by a foghorn sounding sometime after the laughter ends.",The belly laugh has the longest duration.,test
aha_q_705,aha,What is the chronological order of the sound events in this audio?,mcq,"Sanding occurs three times, then breathing occurs.","[""Breathing occurs three times, then sanding occurs.""]",test500_ordering/audio/syn_215,audio,temporal reasoning,temporal order,test,"Sanding occurs three times, followed by a single instance of breathing.","Breathing occurs three times, then sanding occurs.",test
aha_q_706,aha,How many distinct sound events occur in this sequence?,mcq,Two sound events occur.,"[""Only one sound event occurs.""]",test500_ordering/audio/syn_216,audio,temporal reasoning,event counting,test,"A fart is heard, followed by the sound of a cat.",Only one sound event occurs.,test
aha_q_707,aha,What is the chronological order of the sound events in this audio?,mcq,"Someone clears their throat first, then the sound of spraying follows.","[""The sound of spraying occurs first, followed by someone clearing their throat.""]",test500_ordering/audio/syn_217,audio,temporal reasoning,temporal order,test,"Someone clears their throat, followed by the sound of spraying.","The sound of spraying occurs first, followed by someone clearing their throat.",test
aha_q_708,aha,What is the sequence of sounds from start to finish?,mcq,"Sawing occurs three times, then a sound effect.","[""The sound effect occurs first, followed by three sawing sounds.""]",test500_ordering/audio/syn_218,audio,temporal reasoning,temporal order,test,"Sawing occurs three times, followed by a sound effect.","The sound effect occurs first, followed by three sawing sounds.",test
aha_q_709,aha,Which sound event has the longest duration?,mcq,The civil defense siren has the longest duration.,"[""The rooster has the longest duration.""]",test500_ordering/audio/syn_219,audio,temporal reasoning,duration comparison,test,"A rooster crowed once, followed by a civil defense siren sounding.",The rooster has the longest duration.,test
aha_q_710,aha,How many times does each sound event occur?,mcq,"Dishes, pots, and pans clatter twice; mosquito buzzes twice.","[""Dishes, pots, and pans clatter once; mosquito buzzes once.""]",test500_ordering/audio/syn_22,audio,temporal reasoning,event counting,test,"Dishes, pots, and pans clatter twice, followed by a mosquito buzzing twice.","Dishes, pots, and pans clatter once; mosquito buzzes once.",test
aha_q_711,aha,What is the chronological order of the sound events in this audio?,mcq,"Tearing occurs, then tearing occurs again, followed by keys jangling.","[""Tearing occurs twice, then keys jangling.""]",test500_ordering/audio/syn_220,audio,temporal reasoning,temporal order,test,"Tearing occurs twice, followed by keys jangling.","Tearing occurs twice, then keys jangling.",test
aha_q_712,aha,What is the chronological order of the sound events in this audio?,mcq,"The busy signal sounded three times first, then the telephone bell rang.","[""The telephone bell rang first, followed by three busy signals.""]",test500_ordering/audio/syn_221,audio,temporal reasoning,temporal order,test,"A busy signal sounded three times, followed by a telephone bell ringing.","The telephone bell rang first, followed by three busy signals.",test
aha_q_713,aha,What is the chronological order of the sound events in this audio?,mcq,"Breathing occurs thrice, then a female singing.","[""Breathing occurs twice, followed by a female singing.""]",test500_ordering/audio/syn_222,audio,temporal reasoning,temporal order,test,"Breathing occurs thrice, followed by a female singing.","Breathing occurs twice, followed by a female singing.",test
aha_q_714,aha,How many times does each sound event occur?,mcq,Rustling occurs once; fireworks explode twice.,"[""Rustling occurs twice; fireworks explode once.""]",test500_ordering/audio/syn_223,audio,temporal reasoning,event counting,test,"Rustling is heard initially, followed by fireworks exploding twice with a brief pause between them.",Rustling occurs twice; fireworks explode once.,test
aha_q_715,aha,How many times does each sound event occur?,mcq,"The whooshing sound occurs twice, and the vacuum cleaner runs once.","[""The whooshing sound occurs once, and the vacuum cleaner runs twice.""]",test500_ordering/audio/syn_225,audio,temporal reasoning,event counting,test,"A whooshing sound occurs twice, followed by the sound of a vacuum cleaner running.","The whooshing sound occurs once, and the vacuum cleaner runs twice.",test
aha_q_716,aha,What is the temporal structure of this audio clip?,mcq,"The clock ticks once, then the baby cries three times.","[""The baby cries once, then the clock ticks three times.""]",test500_ordering/audio/syn_226,audio,temporal reasoning,temporal order,test,"A clock ticks once, followed by a baby crying three separate times.","The baby cries once, then the clock ticks three times.",test
aha_q_717,aha,What is the chronological order of the sound events in this audio?,mcq,"The cricket chirps first, then the telephone bell rings.","[""The telephone bell rings first, then the cricket chirps.""]",test500_ordering/audio/syn_227,audio,temporal reasoning,temporal order,test,"First cricket chirps, then a telephone bell rings.","The telephone bell rings first, then the cricket chirps.",test
aha_q_718,aha,What is the temporal structure of this audio clip?,mcq,"The sneeze occurs first, followed by the engine sound.","[""The engine sound occurs first, then the sneeze.""]",test500_ordering/audio/syn_228,audio,temporal reasoning,temporal order,test,"A sneeze occurs, followed by the sound of a medium engine running.","The engine sound occurs first, then the sneeze.",test
aha_q_719,aha,What is the chronological order of the sound events in this audio?,mcq,"Birds chirp and tweet first, followed by three gunshots.","[""The gunshots occur first, then the birds chirp and tweet.""]",test500_ordering/audio/syn_229,audio,temporal reasoning,temporal order,test,"Birds chirp and tweet, followed by a series of three gunshots.","The gunshots occur first, then the birds chirp and tweet.",test
aha_q_720,aha,What is the temporal structure of this audio clip?,mcq,"The cough occurs first, then the explosion.","[""The explosion occurs first, then the cough.""]",test500_ordering/audio/syn_23,audio,temporal reasoning,temporal order,test,"A cough occurs first, followed by an explosion.","The explosion occurs first, then the cough.",test
aha_q_721,aha,What is the sequence of sounds from start to finish?,mcq,"Liquid is heard, then rustle, followed by silence, another pause, and rustle again.","[""Liquid is heard, then rustle, followed by silence, then rustle again, and another pause.""]",test500_ordering/audio/syn_230,audio,temporal reasoning,temporal order,test,"Liquid is heard, followed by silence, then rustle occurs, another pause, and rustle is heard again.","Liquid is heard, then rustle, followed by silence, then rustle again, and another pause.",test
aha_q_722,aha,What is the temporal structure of this audio clip?,mcq,The belly laugh occurs before the police car siren.,"[""The police car siren occurs before the belly laugh.""]",test500_ordering/audio/syn_232,audio,temporal reasoning,temporal order,test,"A belly laugh occurs, followed by a police car siren.",The police car siren occurs before the belly laugh.,test
aha_q_723,aha,How many times does each sound event occur?,mcq,"The beep sounds once, and the screaming occurs three times.","[""The beep sounds twice, and the screaming happens four times.""]",test500_ordering/audio/syn_233,audio,temporal reasoning,event counting,test,"A beep sounds, followed by screaming three separate times.","The beep sounds twice, and the screaming happens four times.",test
aha_q_724,aha,What is the temporal structure of this audio clip?,mcq,The whip crack occurs before the foghorn.,"[""The foghorn occurs before the whip crack.""]",test500_ordering/audio/syn_235,audio,temporal reasoning,temporal order,test,"A whip cracks, followed by the prolonged sound of a foghorn.",The foghorn occurs before the whip crack.,test
aha_q_725,aha,What is the chronological order of the sound events in this audio?,mcq,"Sawing, then sawing again, followed by a hiccup.","[""Sawing, a hiccup, then sawing again.""]",test500_ordering/audio/syn_236,audio,temporal reasoning,temporal order,test,"Sawing occurs twice, followed by a single hiccup.","Sawing, a hiccup, then sawing again.",test
aha_q_726,aha,What is the temporal structure of this audio clip?,mcq,"The baby laughs twice first, then the telephone is dialed.","[""The telephone is dialed twice, then the baby laughs.""]",test500_ordering/audio/syn_237,audio,temporal reasoning,temporal order,test,"A baby laughs twice, followed by the sound of a telephone being dialed once.","The telephone is dialed twice, then the baby laughs.",test
aha_q_727,aha,What is the chronological order of the sound events in this audio?,mcq,"Sawing occurs twice, then gurgling and bubbling sounds also happen twice.","[""Sawing occurs once, then gurgling twice, followed by bubbling sounds.""]",test500_ordering/audio/syn_238,audio,temporal reasoning,temporal order,test,"Sawing occurs twice, followed by gurgling and bubbling sounds also happening twice.","Sawing occurs once, then gurgling twice, followed by bubbling sounds.",test
aha_q_728,aha,How many times does each sound event occur?,mcq,"The spray occurs twice, and the beep-like sounds occur four times.","[""The spray occurs once, and the beep sounds occur three times.""]",test500_ordering/audio/syn_239,audio,temporal reasoning,event counting,test,"A spray is heard twice, then four beep-like sounds occur in succession.","The spray occurs once, and the beep sounds occur three times.",test
aha_q_729,aha,How many distinct sound events occur in this sequence?,mcq,Three beeps and one sawing sound occur.,"[""Two beeps and two sawing sounds occur.""]",test500_ordering/audio/syn_24,audio,temporal reasoning,event counting,test,"Three beeps occur, followed by the sound of sawing.",Two beeps and two sawing sounds occur.,test
aha_q_730,aha,How many times does each sound event occur?,mcq,Bird chirps once; busy signal beeps three times.,"[""Bird chirps twice; busy signal beeps two times.""]",test500_ordering/audio/syn_240,audio,temporal reasoning,event counting,test,"A bird chirps, followed by a busy signal beeping three times with pauses in between.",Bird chirps twice; busy signal beeps two times.,test
aha_q_731,aha,What is the temporal structure of this audio clip?,mcq,"A clang occurs three times, then crumpling and crinkling follow.","[""A clang occurs twice, followed by crumpling and crinkling.""]",test500_ordering/audio/syn_241,audio,temporal reasoning,temporal order,test,"A clang occurs thrice, followed by the sound of crumpling and crinkling.","A clang occurs twice, followed by crumpling and crinkling.",test
aha_q_732,aha,What is the temporal structure of this audio clip?,mcq,"Dishes clink twice, then the telephone is dialed twice.","[""The telephone is dialed twice first, then the dishes clink twice.""]",test500_ordering/audio/syn_242,audio,temporal reasoning,temporal order,test,"Dishes clink twice, followed by the telephone being dialed two times.","The telephone is dialed twice first, then the dishes clink twice.",test
aha_q_733,aha,What is the temporal structure of this audio clip?,mcq,"Whip cracks occur first, followed by rustling sounds.","[""Rustling occurs first, then whip cracks, followed by rustling.""]",test500_ordering/audio/syn_243,audio,temporal reasoning,temporal order,test,"A whip cracks twice, then rustling occurs four separate times.","Rustling occurs first, then whip cracks, followed by rustling.",test
aha_q_734,aha,What is the temporal structure of this audio clip?,mcq,Dial tones followed by explosions.,"[""The explosions occur first, then the dial tones.""]",test500_ordering/audio/syn_244,audio,temporal reasoning,temporal order,test,"The dial tone sounds three times, followed by two explosions.","The explosions occur first, then the dial tones.",test
aha_q_735,aha,What is the chronological order of the sound events in this audio?,mcq,"The person clears their throat twice, then a siren sounds.","[""A siren sounds first, then someone clears their throat twice.""]",test500_ordering/audio/syn_245,audio,temporal reasoning,temporal order,test,"Someone clears their throat twice, followed by the sound of a siren.","A siren sounds first, then someone clears their throat twice.",test
aha_q_736,aha,What is the temporal structure of this audio clip?,mcq,"The duck quacks first, then the cat meows.","[""The cat meows first, then the duck quacks.""]",test500_ordering/audio/syn_246,audio,temporal reasoning,temporal order,test,"A duck quacks three times, followed by a cat meowing four times.","The cat meows first, then the duck quacks.",test
aha_q_737,aha,What is the temporal structure of this audio clip?,mcq,"Whip cracks, then a crunching sound, then the sequence repeats.","[""A crunching sound occurs first, followed by a whip cracking, which repeats.""]",test500_ordering/audio/syn_247,audio,temporal reasoning,temporal order,test,"A whip cracks, followed by a crunching sound, which then repeats once more.","A crunching sound occurs first, followed by a whip cracking, which repeats.",test
aha_q_738,aha,What is the order of the sound events in this audio?,mcq,"The breaking sound occurs first, followed by four giggles.","[""The giggles occur before the breaking sound in the audio.""]",test500_ordering/audio/syn_249,audio,temporal reasoning,temporal order,test,"A breaking sound occurs, followed by a series of four giggles.",The giggles occur before the breaking sound in the audio.,test
aha_q_739,aha,What is the sequence of sounds from start to finish?,mcq,"The door slams first, then the engine starts and continues running.","[""The engine starts first, then the door slams.""]",test500_ordering/audio/syn_25,audio,temporal reasoning,temporal order,test,"A door slams, followed by a medium-pitched engine running continuously.","The engine starts first, then the door slams.",test
aha_q_740,aha,What is the temporal structure of this audio clip?,mcq,"Person shouted first, then the two whistling instances follow.","[""The whistling sounds occur before the shouting.""]",test500_ordering/audio/syn_250,audio,temporal reasoning,temporal order,test,"Someone shouted, followed by two separate instances of whistling.",The whistling sounds occur before the shouting.,test
aha_q_741,aha,What is the chronological order of the sound events in this audio?,mcq,"The duck quacks three times, then the helicopter sounds.","[""The helicopter sounds first, then the duck quacks three times.""]",test500_ordering/audio/syn_251,audio,temporal reasoning,temporal order,test,"A duck quacks three times, followed by the sound of a helicopter.","The helicopter sounds first, then the duck quacks three times.",test
aha_q_742,aha,What is the temporal structure of this audio clip?,mcq,The dog barks four times followed by four dings.,"[""The dog barks, then a single ding, followed by four more barks.""]",test500_ordering/audio/syn_253,audio,temporal reasoning,temporal order,test,"A dog barks four times, followed by a series of four dings.","The dog barks, then a single ding, followed by four more barks.",test
aha_q_743,aha,What is the sequence of sounds from start to finish?,mcq,"A chirp and tweet are heard first, followed by liquid sounds twice.","[""The liquid sound occurs first, then the chirp and tweet.""]",test500_ordering/audio/syn_254,audio,temporal reasoning,temporal order,test,"A chirp and tweet are heard, followed by the sound of liquid twice.","The liquid sound occurs first, then the chirp and tweet.",test
aha_q_744,aha,How many times does each sound event occur?,mcq,"The yip occurs twice, and the ambulance siren occurs once.","[""The yip occurs once, and the ambulance siren occurs twice.""]",test500_ordering/audio/syn_255,audio,temporal reasoning,event counting,test,"A yip is heard twice, followed by an ambulance siren.","The yip occurs once, and the ambulance siren occurs twice.",test
aha_q_745,aha,Which sound event has the longest duration?,mcq,The alarm has the longest duration.,"[""The person cries the longest.""]",test500_ordering/audio/syn_256,audio,temporal reasoning,duration comparison,test,"Someone cries and sobs, followed by an alarm sounding.",The person cries the longest.,test
aha_q_746,aha,How many times does each sound event occur?,mcq,"The clang occurs three times, and the keys jangling occurs once.","[""The clang occurs twice, and the keys jangling occurs twice.""]",test500_ordering/audio/syn_257,audio,temporal reasoning,event counting,test,"A clang is heard three times, followed by the sound of keys jangling once.","The clang occurs twice, and the keys jangling occurs twice.",test
aha_q_747,aha,What is the temporal structure of this audio clip?,mcq,"The buzzer sounds four times initially, then the dog barks once afterward.","[""The dog barks four times, then the buzzer sounds once.""]",test500_ordering/audio/syn_258,audio,temporal reasoning,temporal order,test,"A buzzer sounds four times, followed by a single instance of a dog barking.","The dog barks four times, then the buzzer sounds once.",test
aha_q_748,aha,What is the chronological order of the sound events in this audio?,mcq,"The police car siren occurs first, followed by the sound of a power tool.","[""The sound of a power tool occurs first, then the police car siren.""]",test500_ordering/audio/syn_259,audio,temporal reasoning,temporal order,test,"A police car siren is heard, followed by the sound of a power tool.","The sound of a power tool occurs first, then the police car siren.",test
aha_q_749,aha,How many times does each sound event occur?,mcq,"The dog barks twice, and the mosquito buzzes twice.","[""The dog barks three times, and the mosquito buzzes once.""]",test500_ordering/audio/syn_26,audio,temporal reasoning,event counting,test,"The dog barks twice, then the mosquito buzzes briefly and again for an extended period.","The dog barks three times, and the mosquito buzzes once.",test
aha_q_750,aha,What is the temporal structure of this audio clip?,mcq,"Music plays first, then thunder rumbling occurs afterward.","[""Thunder rumbling occurs first, then music plays.""]",test500_ordering/audio/syn_260,audio,temporal reasoning,temporal order,test,"Music plays briefly, followed by thunder rumbling for several seconds.","Thunder rumbling occurs first, then music plays.",test
aha_q_751,aha,What is the first sound event in this audio?,mcq,The first sound event is the mosquito buzz.,"[""The first sound event is the groan, followed by three mosquito buzzes.""]",test500_ordering/audio/syn_261,audio,temporal reasoning,temporal order,test,"A mosquito buzzes three times, followed by a single groan.","The first sound event is the groan, followed by three mosquito buzzes.",test
aha_q_752,aha,How many times does each sound event occur?,mcq,The train horn sounds twice; the shouts occur three times.,"[""The train horn sounds once, and the shouts occur twice.""]",test500_ordering/audio/syn_262,audio,temporal reasoning,event counting,test,"A train horn sounds twice, followed by three shouts.","The train horn sounds once, and the shouts occur twice.",test
aha_q_753,aha,What is the temporal structure of this audio clip?,mcq,"The grunt is heard twice, then the telephone bell rings twice.","[""The telephone bell rings twice, then the grunt is heard twice.""]",test500_ordering/audio/syn_263,audio,temporal reasoning,temporal order,test,"A grunt is heard twice, followed by the telephone bell ringing twice.","The telephone bell rings twice, then the grunt is heard twice.",test
aha_q_754,aha,How many distinct sound events occur in this sequence?,mcq,There are two distinct sound events: cowbell ringing and tires squealing and skidding.,"[""There are three distinct sound events: cowbell ringing, tires squealing, and tires skidding.""]",test500_ordering/audio/syn_264,audio,temporal reasoning,event counting,test,"A cowbell rings, followed by the sound of tires squealing and skidding.","There are three distinct sound events: cowbell ringing, tires squealing, and tires skidding.",test
aha_q_755,aha,What is the chronological order of the sound events in this audio?,mcq,"The air horn honks three times, then the baby laughs once.","[""The baby laughs first, then the air horn honks three times.""]",test500_ordering/audio/syn_265,audio,temporal reasoning,temporal order,test,"An air horn honks three times, followed by a baby laughing once.","The baby laughs first, then the air horn honks three times.",test
aha_q_756,aha,What is the temporal structure of this audio clip?,mcq,"Explosion occurs twice, then baby cries three times.","[""The baby cries twice, followed by an explosion.""]",test500_ordering/audio/syn_266,audio,temporal reasoning,temporal order,test,"An explosion occurs twice, followed by a baby crying three times.","The baby cries twice, followed by an explosion.",test
aha_q_757,aha,What is the temporal structure of this audio clip?,mcq,The cat meows three times before the sound effect.,"[""The sound effect occurs first, followed by the cat meowing three times.""]",test500_ordering/audio/syn_267,audio,temporal reasoning,temporal order,test,"A cat meows three times, followed by a sound effect.","The sound effect occurs first, followed by the cat meowing three times.",test
aha_q_758,aha,What is the sequence of sounds from start to finish?,mcq,"Snoring, then three plop sounds in succession.","[""Snoring occurs twice, followed by three plop sounds in succession.""]",test500_ordering/audio/syn_268,audio,temporal reasoning,temporal order,test,"Snoring occurs twice, followed by three plop sounds in succession.","Snoring occurs twice, followed by three plop sounds in succession.",test
aha_q_759,aha,What is the sequence of sounds from start to finish?,mcq,"Spraying occurs twice, then the sound of dishes, pots, and pans clanking together two times.","[""Spraying occurs once, followed by the sound of dishes, pots, and pans clanking together two times.""]",test500_ordering/audio/syn_269,audio,temporal reasoning,temporal order,test,"Spraying occurs twice, followed by the sound of dishes, pots, and pans clanking together two times.","Spraying occurs once, followed by the sound of dishes, pots, and pans clanking together two times.",test
aha_q_760,aha,What is the temporal structure of this audio clip?,mcq,The shouting occurs before the buzzer.,"[""The buzzer happens before the three shouts.""]",test500_ordering/audio/syn_27,audio,temporal reasoning,temporal order,test,"Someone shouts three times, followed by a buzzer.",The buzzer happens before the three shouts.,test
aha_q_761,aha,How many times does each sound event occur?,mcq,"An air horn blares once, and a groan occurs twice.","[""The air horn blares twice, and the groan occurs once.""]",test500_ordering/audio/syn_270,audio,temporal reasoning,event counting,test,"An air horn blares, followed by a groan, and then another groan occurs.","The air horn blares twice, and the groan occurs once.",test
aha_q_762,aha,How many times does each sound event occur?,mcq,"The train horn sounds twice, and belly laughter occurs once.","[""The train horn sounds once, and belly laughter sounds twice.""]",test500_ordering/audio/syn_271,audio,temporal reasoning,event counting,test,"A train horn sounds twice, followed by a single instance of belly laughter.","The train horn sounds once, and belly laughter sounds twice.",test
aha_q_763,aha,What is the temporal structure of this audio clip?,mcq,"Snoring occurs first, followed by the sound of an aircraft engine.","[""The sound of an aircraft engine occurs first, followed by snoring.""]",test500_ordering/audio/syn_272,audio,temporal reasoning,temporal order,test,"Snoring occurs first, followed by the sound of an aircraft engine.","The sound of an aircraft engine occurs first, followed by snoring.",test
aha_q_764,aha,What is the chronological order of the sound events in this audio?,mcq,"The squeak occurs four times, then the keys jangling.","[""The keys jangling happen before the squeaks occur.""]",test500_ordering/audio/syn_273,audio,temporal reasoning,temporal order,test,A squeak occurs four times followed by the sound of keys jangling.,The keys jangling happen before the squeaks occur.,test
aha_q_765,aha,What is the temporal structure of this audio clip?,mcq,"The jackhammer is heard first, then shortly after it stops, the telephone rings.","[""The telephone rings first, then the jackhammer starts.""]",test500_ordering/audio/syn_274,audio,temporal reasoning,temporal order,test,"A jackhammer is heard first, then shortly after it stops, a telephone rings.","The telephone rings first, then the jackhammer starts.",test
aha_q_766,aha,What is the chronological order of the sound events in this audio?,mcq,"Two dings occur first, followed by four instances of glass shattering.","[""The audio starts with four glass shattering sounds, followed by two dings.""]",test500_ordering/audio/syn_275,audio,temporal reasoning,temporal order,test,"Two dings occur, followed by four instances of glass shattering.","The audio starts with four glass shattering sounds, followed by two dings.",test
aha_q_767,aha,What is the sequence of sounds from start to finish?,mcq,"The dial tone sounds twice, then the hiss occurs twice.","[""The hiss sounds twice, followed by the dial tone that also occurs twice.""]",test500_ordering/audio/syn_276,audio,temporal reasoning,temporal order,test,"The dial tone sounds twice, followed by a hiss that also occurs twice.","The hiss sounds twice, followed by the dial tone that also occurs twice.",test
aha_q_768,aha,How many times does each sound event occur?,mcq,Alarm sounds once; cough occurs twice.,"[""Alarm sounds twice; cough occurs once.""]",test500_ordering/audio/syn_277,audio,temporal reasoning,event counting,test,"An alarm sounds, followed by a cough, and then another cough occurs after a short pause.",Alarm sounds twice; cough occurs once.,test
aha_q_769,aha,How many times does each sound event occur?,mcq,"The whip cracks twice, the ticking sound occurs once.","[""The whip cracks once, followed by a ticking sound, which occurs twice.""]",test500_ordering/audio/syn_278,audio,temporal reasoning,event counting,test,"A whip cracks twice, followed by a single ticking sound.","The whip cracks once, followed by a ticking sound, which occurs twice.",test
aha_q_770,aha,How many times does each sound event occur?,mcq,Silence occurs four times; beep and bleep sounds occur twice each.,"[""Silence occurs three times; beep and bleep sounds occur once each.""]",test500_ordering/audio/syn_279,audio,temporal reasoning,event counting,test,"Silence occurs four times, followed by two occurrences of beep, bleep sounds.",Silence occurs three times; beep and bleep sounds occur once each.,test
aha_q_771,aha,Which sound event has the longest duration?,mcq,The rumble has the longest duration.,"[""The grunt has the longest duration.""]",test500_ordering/audio/syn_28,audio,temporal reasoning,duration comparison,test,"A grunt is heard, followed by a rumble.",The grunt has the longest duration.,test
aha_q_772,aha,What is the temporal structure of this audio clip?,mcq,"The keyboard taps occur first, then the croak.","[""The croak happens first, then the keyboard taps.""]",test500_ordering/audio/syn_280,audio,temporal reasoning,temporal order,test,"A computer keyboard is tapped four times, followed by a single croak.","The croak happens first, then the keyboard taps.",test
aha_q_773,aha,What is the sequence of sounds from start to finish?,mcq,"Leaves rustle four times, then an aircraft.","[""Leaves rustle once, then an aircraft, followed by more leaves rustling.""]",test500_ordering/audio/syn_281,audio,temporal reasoning,temporal order,test,"Leaves rustle four times, followed by the sound of an aircraft.","Leaves rustle once, then an aircraft, followed by more leaves rustling.",test
aha_q_774,aha,What is the temporal structure of this audio clip?,mcq,"Shout, then chuckling and chortling, then repeat.","[""The chuckling occurs before the shout, and the sound repeats only once.""]",test500_ordering/audio/syn_282,audio,temporal reasoning,temporal order,test,"A shout occurs, followed by chuckling and chortling, which then repeats once more.","The chuckling occurs before the shout, and the sound repeats only once.",test
aha_q_775,aha,What is the chronological order of the sound events in this audio?,mcq,"The door slams first, then the typewriter clicks away.","[""The typewriter clicks away first, then the door slams.""]",test500_ordering/audio/syn_283,audio,temporal reasoning,temporal order,test,"A door slams, followed by the sound of a typewriter clicking away.","The typewriter clicks away first, then the door slams.",test
aha_q_776,aha,What is the chronological order of the sound events in this audio?,mcq,"Clocks tick-tock four times, then fireworks explode twice.","[""Fireworks explode twice, then clocks tick-tock four times.""]",test500_ordering/audio/syn_284,audio,temporal reasoning,temporal order,test,"Clocks tick-tock four times, followed by fireworks exploding twice.","Fireworks explode twice, then clocks tick-tock four times.",test
aha_q_777,aha,How many times does each sound event occur?,mcq,The whip cracks twice and the baby laughs three times.,"[""The whip cracks once and the baby laughs four times.""]",test500_ordering/audio/syn_285,audio,temporal reasoning,event counting,test,"A whip cracks twice, followed by a baby laughing three times.",The whip cracks once and the baby laughs four times.,test
aha_q_778,aha,How many times does each sound event occur?,mcq,Alarm sounds once; cat meows twice.,"[""Alarm sounds twice; cat meows once.""]",test500_ordering/audio/syn_286,audio,temporal reasoning,event counting,test,"An alarm sounds, followed by a cat meowing twice with a pause in between.",Alarm sounds twice; cat meows once.,test
aha_q_779,aha,How many times does each sound event occur?,mcq,"The door slams twice, and an emergency vehicle sound occurs once.","[""The door slams once, followed by an emergency vehicle which occurs three times.""]",test500_ordering/audio/syn_287,audio,temporal reasoning,event counting,test,"A door slams twice, followed by the sound of an emergency vehicle.","The door slams once, followed by an emergency vehicle which occurs three times.",test
aha_q_780,aha,How many times does each sound event occur?,mcq,"Someone knocks once, then filing occurs twice.","[""Someone knocks twice, then filing occurs once.""]",test500_ordering/audio/syn_288,audio,temporal reasoning,event counting,test,"Someone knocks on the door, followed by a brief silence before a filing sound occurs twice with a short pause in between.","Someone knocks twice, then filing occurs once.",test
aha_q_781,aha,How many times does each sound event occur?,mcq,The duck quacks four times; the tearing occurs twice.,"[""The duck quacks twice and the tearing happens four times.""]",test500_ordering/audio/syn_289,audio,temporal reasoning,event counting,test,"A duck quacks four times, followed by the sound of something tearing twice.",The duck quacks twice and the tearing happens four times.,test
aha_q_782,aha,How many times does each sound event occur?,mcq,Cough occurs three times; hiccup occurs three times.,"[""Cough occurs twice; hiccup occurs twice.""]",test500_ordering/audio/syn_29,audio,temporal reasoning,event counting,test,"A cough occurs three times, followed by three hiccups.",Cough occurs twice; hiccup occurs twice.,test
aha_q_783,aha,How many times does each sound event occur?,mcq,Alarm sounds twice; dog whimpers four times.,"[""Alarm sounds three times; dog whimpers five times.""]",test500_ordering/audio/syn_290,audio,temporal reasoning,event counting,test,"An alarm sounds twice, followed by a dog whimpering four times.",Alarm sounds three times; dog whimpers five times.,test
aha_q_784,aha,What is the chronological order of the sound events in this audio?,mcq,"A grunt occurs first, then tearing.","[""The tearing sound occurs before the grunt.""]",test500_ordering/audio/syn_291,audio,temporal reasoning,temporal order,test,"A grunt is heard, followed by the sound of something tearing.",The tearing sound occurs before the grunt.,test
aha_q_785,aha,What is the first sound event in this audio?,mcq,The first sound event is a person shouting.,"[""The first sound event is a cowbell ringing.""]",test500_ordering/audio/syn_292,audio,temporal reasoning,temporal order,test,"A person shouts four times, followed by a cowbell ringing.",The first sound event is a cowbell ringing.,test
aha_q_786,aha,What is the temporal structure of this audio clip?,mcq,"The person shouts twice, then the insect buzzes.","[""The insect buzzes first, then the person shouts twice.""]",test500_ordering/audio/syn_293,audio,temporal reasoning,temporal order,test,"Someone shouts twice, then later an insect buzzes.","The insect buzzes first, then the person shouts twice.",test
aha_q_787,aha,What is the sequence of sounds from start to finish?,mcq,"The whip cracks four times, then a prolonged grunt occurs.","[""The whip cracks once, followed by a quick grunt.""]",test500_ordering/audio/syn_294,audio,temporal reasoning,temporal order,test,"A whip cracks four times, followed by a prolonged grunt.","The whip cracks once, followed by a quick grunt.",test
aha_q_788,aha,What is the sequence of sounds from start to finish?,mcq,"Breathing occurs, then the telephone dialing tones happen three times.","[""Breathing occurs, followed by the dialing tones, then breathing again.""]",test500_ordering/audio/syn_295,audio,temporal reasoning,temporal order,test,"Breathing occurs, followed by a series of telephone dialing tones three times.","Breathing occurs, followed by the dialing tones, then breathing again.",test
aha_q_789,aha,What is the temporal structure of this audio clip?,mcq,"The plops occur first, followed by the shouting.","[""The shouting occurs first, then the plops, with two instances of each.""]",test500_ordering/audio/syn_296,audio,temporal reasoning,temporal order,test,"A plop is heard twice, followed by two instances of shouting.","The shouting occurs first, then the plops, with two instances of each.",test
aha_q_790,aha,How many times does each sound event occur?,mcq,"Glass shatters twice, power saw occurs once.","[""Glass shatters once, power saw occurs twice.""]",test500_ordering/audio/syn_297,audio,temporal reasoning,event counting,test,"Glass shatters twice, followed by the sound of a power saw.","Glass shatters once, power saw occurs twice.",test
aha_q_791,aha,How many times does each sound event occur?,mcq,"The telephone is dialed three times, and the clangs occur twice.","[""The telephone is dialed twice, followed by three clangs.""]",test500_ordering/audio/syn_298,audio,temporal reasoning,event counting,test,"A telephone is dialed three times, followed by two clangs.","The telephone is dialed twice, followed by three clangs.",test
aha_q_792,aha,What is the temporal structure of this audio clip?,mcq,"The goat bleats four times, then a long howl.","[""The long howl happens before the goat bleats.""]",test500_ordering/audio/syn_299,audio,temporal reasoning,temporal order,test,"A goat bleats four times, followed by a single, long howl.",The long howl happens before the goat bleats.,test
aha_q_793,aha,How many times does each sound event occur?,mcq,Air horn blasts three times; knocks occur twice.,"[""The air horn blasts twice, and the knocks occur three times.""]",test500_ordering/audio/syn_3,audio,temporal reasoning,event counting,test,"An air horn blasts three times, followed by two knocks.","The air horn blasts twice, and the knocks occur three times.",test
aha_q_794,aha,What is the temporal structure of this audio clip?,mcq,"A sneeze occurs first, then four instances of biting follow.","[""The biting occurs first, then the sneeze happens afterward.""]",test500_ordering/audio/syn_300,audio,temporal reasoning,temporal order,test,"A sneeze occurs, followed by four instances of biting spaced out over the duration.","The biting occurs first, then the sneeze happens afterward.",test
aha_q_795,aha,How many times does each sound event occur?,mcq,The alarm sounds three times.,"[""The alarm sounds two times.""]",test500_ordering/audio/syn_301,audio,temporal reasoning,event counting,test,"Silence briefly occurs, followed by an alarm sounding three separate times.",The alarm sounds two times.,test
aha_q_796,aha,How many times does each sound event occur?,mcq,Crumpling sounds occur twice; jangling of keys occurs twice.,"[""Crumpling sounds occur once; jangling of keys occur once.""]",test500_ordering/audio/syn_302,audio,temporal reasoning,event counting,test,"Crumpling sounds occurred twice, followed by the jangling of keys also happening twice.",Crumpling sounds occur once; jangling of keys occur once.,test
aha_q_797,aha,How many times does each sound event occur?,mcq,"The rustling occurs twice, and the tires squealing and skidding each occur once.","[""The rustling occurs once, followed by the tires squealing and skidding, which both occur twice.""]",test500_ordering/audio/syn_304,audio,temporal reasoning,event counting,test,"The rustling occurs twice, followed by the sound of tires squealing and skidding.","The rustling occurs once, followed by the tires squealing and skidding, which both occur twice.",test
aha_q_798,aha,What is the temporal structure of this audio clip?,mcq,"The sound of something breaking occurs twice, then a bird chirping once.","[""A bird chirping occurs twice, followed by a single break sound.""]",test500_ordering/audio/syn_305,audio,temporal reasoning,temporal order,test,"Something breaks twice, followed by the sound of a bird chirping once.","A bird chirping occurs twice, followed by a single break sound.",test
aha_q_799,aha,What is the chronological order of the sound events in this audio?,mcq,"Helicopter, then cat meowing four times.","[""The cat meowing occurs first, then the helicopter.""]",test500_ordering/audio/syn_306,audio,temporal reasoning,temporal order,test,"A helicopter is heard, followed by a cat meowing four times.","The cat meowing occurs first, then the helicopter.",test
aha_q_800,aha,What is the chronological order of the sound events in this audio?,mcq,"The ticking sound occurs first, followed by music that plays until the end.","[""Music starts first, then the ticking sound occurs.""]",test500_ordering/audio/syn_307,audio,temporal reasoning,temporal order,test,"A ticking sound occurs, followed by music that plays until the end.","Music starts first, then the ticking sound occurs.",test
aha_q_801,aha,How many times does each sound event occur?,mcq,"The sound effect occurs twice, and the telephone rings once.","[""The sound effect occurs once, and the telephone rings twice.""]",test500_ordering/audio/syn_308,audio,temporal reasoning,event counting,test,"A sound effect occurs twice, followed by a telephone ringing once.","The sound effect occurs once, and the telephone rings twice.",test
aha_q_802,aha,How many times does each sound event occur?,mcq,"The door slams three times, the knocking occurs once.","[""The door slams twice and the knocking sound occurs twice.""]",test500_ordering/audio/syn_309,audio,temporal reasoning,event counting,test,"A door slams three times, followed by a single knocking sound.",The door slams twice and the knocking sound occurs twice.,test
aha_q_803,aha,What is the temporal structure of this audio clip?,mcq,"The bleat occurs twice first, then the cough.","[""The cough occurs twice first, then the bleat.""]",test500_ordering/audio/syn_31,audio,temporal reasoning,temporal order,test,"First, a bleat is heard twice, followed by a cough.","The cough occurs twice first, then the bleat.",test
aha_q_804,aha,How many times does each sound event occur?,mcq,"Pig oinks once; dishes, pots, and pans clank four times.","[""Pig oinks twice; dishes, pots, and pans clank three times.""]",test500_ordering/audio/syn_310,audio,temporal reasoning,event counting,test,"A pig oinks once, followed by the clanking of dishes, pots, and pans four times in succession.","Pig oinks twice; dishes, pots, and pans clank three times.",test
aha_q_805,aha,What is the temporal structure of this audio clip?,mcq,"Giggling occurs, then there are pauses, followed by more giggles, and finally two dog barks.","[""Giggling occurs, then the dog barks, followed by more giggles, and finally two dog barks.""]",test500_ordering/audio/syn_311,audio,temporal reasoning,temporal order,test,"A giggle occurred, then a pause, followed by another giggle, followed by a third giggle, and eventually two dog barks.","Giggling occurs, then the dog barks, followed by more giggles, and finally two dog barks.",test
aha_q_806,aha,What is the chronological order of the sound events in this audio?,mcq,Door slams then quacks.,"[""The sequence starts with three quacks, followed by three door slams.""]",test500_ordering/audio/syn_312,audio,temporal reasoning,temporal order,test,"A door slams three times, followed by a sequence of three quacks.","The sequence starts with three quacks, followed by three door slams.",test
aha_q_807,aha,What is the sequence of sounds from start to finish?,mcq,"A beep, then two bleep sounds, followed by a thump and a thud.","[""A beep, a bleep, and a bang, followed by a thud.""]",test500_ordering/audio/syn_313,audio,temporal reasoning,temporal order,test,"A beep, bleep sounds twice, followed by a single thump, thud.","A beep, a bleep, and a bang, followed by a thud.",test
aha_q_808,aha,What is the last sound event in this audio?,mcq,The last sound event is the foghorn sounding.,"[""The first sound event is the foghorn sounding, followed by the explosion.""]",test500_ordering/audio/syn_314,audio,temporal reasoning,temporal order,test,"An explosion occurs three times, followed by a foghorn sounding once.","The first sound event is the foghorn sounding, followed by the explosion.",test
aha_q_809,aha,What is the chronological order of the sound events in this audio?,mcq,"Liquid pouring occurs first, followed by rain falling on a surface.","[""Rain falling on a surface occurs first, then liquid pouring.""]",test500_ordering/audio/syn_315,audio,temporal reasoning,temporal order,test,"Liquid pouring is heard, followed by the sound of rain falling on a surface.","Rain falling on a surface occurs first, then liquid pouring.",test
aha_q_810,aha,How many distinct sound events occur in this sequence?,mcq,Two sound events occur: screaming and giggling.,"[""There are three sound events: screaming, giggling, and laughing.""]",test500_ordering/audio/syn_316,audio,temporal reasoning,event counting,test,"Someone screamed, followed by a series of four giggles.","There are three sound events: screaming, giggling, and laughing.",test
aha_q_811,aha,What is the temporal structure of this audio clip?,mcq,"The dog barks four times, then the aircraft engine sounds.","[""The aircraft engine sounds first, then the dog barks four times.""]",test500_ordering/audio/syn_317,audio,temporal reasoning,temporal order,test,"A dog barks four times, followed by the sound of an aircraft engine.","The aircraft engine sounds first, then the dog barks four times.",test
aha_q_812,aha,What is the chronological order of the sound events in this audio?,mcq,"Keys jangle twice, then a dog whimper.","[""Keys jangle once, then a dog whimper, followed by keys jangle twice.""]",test500_ordering/audio/syn_318,audio,temporal reasoning,temporal order,test,"Keys jangle twice, followed by a single dog whimper.","Keys jangle once, then a dog whimper, followed by keys jangle twice.",test
aha_q_813,aha,What is the temporal structure of this audio clip?,mcq,"The jackhammer is heard first, followed by the croak.","[""The croak is heard first, then the jackhammer.""]",test500_ordering/audio/syn_319,audio,temporal reasoning,temporal order,test,"A jackhammer is heard first, followed by the sound of a croak.","The croak is heard first, then the jackhammer.",test
aha_q_814,aha,What is the chronological order of the sound events in this audio?,mcq,"The dog whimpers twice, then the cowbell sound occurs.","[""The dog whimpers once, then the cowbell sound, and the dog whimpers again.""]",test500_ordering/audio/syn_32,audio,temporal reasoning,temporal order,test,"A dog whimpers twice, followed by a continuous cowbell sound.","The dog whimpers once, then the cowbell sound, and the dog whimpers again.",test
aha_q_815,aha,What is the temporal structure of this audio clip?,mcq,"Liquid pouring occurs twice, then breathing.","[""Breathing occurs twice, then liquid pouring.""]",test500_ordering/audio/syn_320,audio,temporal reasoning,temporal order,test,"Liquid pouring occurs twice, followed by a single event of breathing.","Breathing occurs twice, then liquid pouring.",test
aha_q_816,aha,What is the temporal structure of this audio clip?,mcq,Birds chirp three times then two clangs.,"[""The clangs occur before the birds chirp.""]",test500_ordering/audio/syn_322,audio,temporal reasoning,temporal order,test,"Birds chirp three times, followed by two separate clangs.",The clangs occur before the birds chirp.,test
aha_q_817,aha,What is the order of the sound events in this audio?,mcq,"Silence occurs three times, then a cricket chirping three times in sequence.","[""Cricket chirping occurs three times, followed by silence three times.""]",test500_ordering/audio/syn_323,audio,temporal reasoning,temporal order,test,"Silence occurs three times, followed by a cricket chirping three separate times.","Cricket chirping occurs three times, followed by silence three times.",test
aha_q_818,aha,What is the temporal structure of this audio clip?,mcq,"Squeaks occur first, followed by the telephone ringing.","[""The telephone bell rings first, then the squeak occurs.""]",test500_ordering/audio/syn_324,audio,temporal reasoning,temporal order,test,"A squeak occurs twice, followed by the ringing of a telephone bell twice.","The telephone bell rings first, then the squeak occurs.",test
aha_q_819,aha,How many times does each sound event occur?,mcq,"The clock ticks four times, then two sound effects occur.","[""The clock ticks two times, followed by three sound effects.""]",test500_ordering/audio/syn_325,audio,temporal reasoning,event counting,test,"A clock ticks four times, followed by two sound effects.","The clock ticks two times, followed by three sound effects.",test
aha_q_820,aha,What is the temporal structure of this audio clip?,mcq,"The whip cracks first, then the bell rings afterward.","[""The bell rings first, then the whip cracks.""]",test500_ordering/audio/syn_326,audio,temporal reasoning,temporal order,test,"A whip cracks, followed by a bell ringing for several seconds.","The bell rings first, then the whip cracks.",test
aha_q_821,aha,How many times does each sound event occur?,mcq,"Thump/Thud occurs four times, yip occurs once.","[""Thump/Thud occurs twice, yip occurs three times.""]",test500_ordering/audio/syn_327,audio,temporal reasoning,event counting,test,"A thump, thud is heard four times, followed by a single yip.","Thump/Thud occurs twice, yip occurs three times.",test
aha_q_822,aha,How many times does each sound event occur?,mcq,Gunshots occur three times; sneezes occur three times.,"[""Gunshots occur twice; sneezes occur once.""]",test500_ordering/audio/syn_328,audio,temporal reasoning,event counting,test,"Gunshots fire three times, followed by three sneezes.",Gunshots occur twice; sneezes occur once.,test
aha_q_823,aha,What is the chronological order of the sound events in this audio?,oeq,"Someone shouts three times, then tires squeal and skid.",[],test500_ordering/audio/syn_329,audio,temporal reasoning,temporal order,test,"Someone shouts three times, followed by a sound of tires squealing and skidding.","Someone shouts three times, then tires squeal and skid.",test
aha_q_824,aha,How many distinct sound events occur in this sequence?,mcq,There are two distinct sound events: a bark and squeaks.,"[""There are three distinct sound events: a bark and three squeaks.""]",test500_ordering/audio/syn_33,audio,temporal reasoning,event counting,test,A bark is followed by a series of four squeaks.,There are three distinct sound events: a bark and three squeaks.,test
aha_q_825,aha,How many times does each sound event occur?,mcq,Dishes clanked three times; the power saw's buzz occurs once.,"[""Dishes clanked twice; the power saw buzzes multiple times.""]",test500_ordering/audio/syn_330,audio,temporal reasoning,event counting,test,"Dishes clanked briefly three times, followed by the constant buzz of a power saw.",Dishes clanked twice; the power saw buzzes multiple times.,test
aha_q_826,aha,What is the chronological order of the sound events in this audio?,mcq,"Alarm sounds first, then bird calls.","[""Bird calls occur first, followed by alarm sounds.""]",test500_ordering/audio/syn_332,audio,temporal reasoning,temporal order,test,"An alarm sounds four times, followed by two instances of bird calls.","Bird calls occur first, followed by alarm sounds.",test
aha_q_827,aha,What is the temporal structure of this audio clip?,mcq,"The dog barks first, then typing occurs.","[""Typing happens first, then the dog barks.""]",test500_ordering/audio/syn_333,audio,temporal reasoning,temporal order,test,"A dog barks, followed by the sound of typing on a computer keyboard.","Typing happens first, then the dog barks.",test
aha_q_828,aha,How many times does each sound event occur?,mcq,The telephone rings four times and the clang occurs once.,"[""The telephone rings twice and the clang occurs two times.""]",test500_ordering/audio/syn_334,audio,temporal reasoning,event counting,test,"A telephone rings four times, followed by a single clang.",The telephone rings twice and the clang occurs two times.,test
aha_q_829,aha,What is the sequence of sounds from start to finish?,mcq,"The whooshing sound occurs first, followed by the buzzing of an electric shaver.","[""The buzzing of the electric shaver occurs first, then a whooshing sound.""]",test500_ordering/audio/syn_335,audio,temporal reasoning,temporal order,test,"A whooshing sound occurs, followed by the buzzing of an electric shaver.","The buzzing of the electric shaver occurs first, then a whooshing sound.",test
aha_q_830,aha,Does the mosquito buzz more than once?,mcq,"Yes, the mosquito buzzes twice.","[""No, the mosquito only buzzes once.""]",test500_ordering/audio/syn_336,audio,temporal reasoning,event counting,test,"A mosquito buzzes, then stops, and after a brief silence, buzzes again, followed by the sound of tearing.","No, the mosquito only buzzes once.",test
aha_q_831,aha,What is the temporal structure of this audio clip?,mcq,"Clangs are heard first, then spray sounds follow.","[""Spray sounds are heard first, then clangs.""]",test500_ordering/audio/syn_337,audio,temporal reasoning,temporal order,test,"A clang is heard twice, followed by a spray sound occurring three times.","Spray sounds are heard first, then clangs.",test
aha_q_832,aha,How many distinct sound events occur in this sequence?,mcq,Two distinct sound events occur: beeps and whistling.,"[""There are three sound events: beeps, whistling, and barking.""]",test500_ordering/audio/syn_338,audio,temporal reasoning,event counting,test,"A series of beeps occurs, followed by a single instance of whistling.","There are three sound events: beeps, whistling, and barking.",test
aha_q_833,aha,Which sound event has the longest duration?,mcq,The howl has the longest duration.,"[""The typewriter has the longest duration.""]",test500_ordering/audio/syn_339,audio,temporal reasoning,duration comparison,test,"A typewriter is used, followed by a howl.",The typewriter has the longest duration.,test
aha_q_834,aha,Which sound event has the longest duration?,mcq,The bell ringing has the longest duration.,"[""The slaps and smacks have the longest duration.""]",test500_ordering/audio/syn_34,audio,temporal reasoning,duration comparison,test,"Several slaps and smacks occur in succession, followed by a bell ringing continuously for a few seconds.",The slaps and smacks have the longest duration.,test
aha_q_835,aha,Which sound event has the longest duration?,mcq,The fire engine siren has the longest duration.,"[""The siren blares three times in succession, then a fire engine siren wails continuously.""]",test500_ordering/audio/syn_340,audio,temporal reasoning,duration comparison,test,"A siren blares three times in succession, then a fire engine siren wails continuously.","The siren blares three times in succession, then a fire engine siren wails continuously.",test
aha_q_836,aha,What is the temporal structure of this audio clip?,mcq,"The cap gun fires three times, then the telephone dialing occurs.","[""The telephone dialing occurs first, followed by the cap gun firing three times.""]",test500_ordering/audio/syn_341,audio,temporal reasoning,temporal order,test,"A cap gun fires three times, followed by the sound of telephone dialing.","The telephone dialing occurs first, followed by the cap gun firing three times.",test
aha_q_837,aha,What is the chronological order of the sound events in this audio?,mcq,"Someone sneezes first, then a chainsaw starts.","[""A chainsaw starts first, followed by someone sneezing.""]",test500_ordering/audio/syn_342,audio,temporal reasoning,temporal order,test,Someone sneezes followed by the sound of a chainsaw starting shortly after.,"A chainsaw starts first, followed by someone sneezing.",test
aha_q_838,aha,How many times does each sound event occur?,mcq,The yip occurs three times and the laughter occurs twice.,"[""The yip occurs twice and the laughter occurs three times.""]",test500_ordering/audio/syn_343,audio,temporal reasoning,event counting,test,"A yip occurs three times, followed by laughter twice.",The yip occurs twice and the laughter occurs three times.,test
aha_q_839,aha,What is the temporal structure of this audio clip?,mcq,"The door slams first, then the steam whistle sounds and continues.","[""The steam whistle sounds first, then the door slams.""]",test500_ordering/audio/syn_344,audio,temporal reasoning,temporal order,test,"A door slams, followed by a steam whistle sounding until the end.","The steam whistle sounds first, then the door slams.",test
aha_q_840,aha,How many distinct sound events occur in this sequence?,mcq,Four buzzer sounds and one singing event.,"[""Three buzzer sounds and a male singing.""]",test500_ordering/audio/syn_345,audio,temporal reasoning,event counting,test,"A buzzer sounds four times, followed by a female singing.",Three buzzer sounds and a male singing.,test
aha_q_841,aha,What is the temporal structure of this audio clip?,mcq,The cat meows four times before the vacuum cleaner runs.,"[""The vacuum cleaner runs first, then the cat meows four times.""]",test500_ordering/audio/syn_346,audio,temporal reasoning,temporal order,test,"A cat meows four times, followed by the sound of a vacuum cleaner running.","The vacuum cleaner runs first, then the cat meows four times.",test
aha_q_842,aha,What is the chronological order of the sound events in this audio?,mcq,"Someone sneezes, then sneezes again, followed by a cat meowing.","[""Someone sneezes, followed by a cat meowing, then sneezes again.""]",test500_ordering/audio/syn_347,audio,temporal reasoning,temporal order,test,"Someone sneezes, then sneezes again, followed by a cat meowing.","Someone sneezes, followed by a cat meowing, then sneezes again.",test
aha_q_843,aha,How many distinct sound events occur in this sequence?,mcq,There are two distinct sound events: shouting and breaking.,"[""There are three distinct sounds: shouting three times and something breaking.""]",test500_ordering/audio/syn_348,audio,temporal reasoning,event counting,test,"Someone shouts three times, followed by the sound of something breaking.",There are three distinct sounds: shouting three times and something breaking.,test
aha_q_844,aha,What is the temporal structure of this audio clip?,mcq,"Crying and sobbing are heard initially, followed by a female singing.","[""A female singing is heard first, then crying and sobbing.""]",test500_ordering/audio/syn_349,audio,temporal reasoning,temporal order,test,"Crying and sobbing are heard initially, followed by a female singing.","A female singing is heard first, then crying and sobbing.",test
aha_q_845,aha,What is the chronological order of the sound events in this audio?,mcq,"Silence, then a baby laughing twice with a pause in between.","[""The audio starts with a baby laughing, then there is silence for a long period.""]",test500_ordering/audio/syn_350,audio,temporal reasoning,temporal order,test,"There is silence, followed by a baby laughing twice with a brief pause in between the laughter.","The audio starts with a baby laughing, then there is silence for a long period.",test
aha_q_846,aha,How many times does each sound event occur?,mcq,Chirping and tweeting occur twice; croaking occurs three times.,"[""Chirping and tweeting occur once; croaking occurs twice.""]",test500_ordering/audio/syn_351,audio,temporal reasoning,event counting,test,"Chirping and tweeting occur twice, followed by three instances of croaking.",Chirping and tweeting occur once; croaking occurs twice.,test
aha_q_847,aha,How many times does each sound event occur?,mcq,The telephone dials twice; the emergency vehicle sounds once.,"[""The telephone dials once; the emergency vehicle sounds twice.""]",test500_ordering/audio/syn_352,audio,temporal reasoning,event counting,test,"A telephone dials twice, followed by the sound of an emergency vehicle.",The telephone dials once; the emergency vehicle sounds twice.,test
aha_q_848,aha,What is the temporal structure of this audio clip?,mcq,"The train whistle occurs before the sounds of dishes, pots, and pans.","[""The sounds of dishes, pots, and pans happen before the train whistle.""]",test500_ordering/audio/syn_353,audio,temporal reasoning,temporal order,test,"A train whistles followed by the sound of dishes, pots, and pans.","The sounds of dishes, pots, and pans happen before the train whistle.",test
aha_q_849,aha,How many times does each sound event occur?,mcq,Laughter occurs four times; the busy signal occurs twice.,"[""Laughter occurs four times; the busy signal occurs three times.""]",test500_ordering/audio/syn_354,audio,temporal reasoning,event counting,test,"Laughter occurs four times, followed by a busy signal twice.",Laughter occurs four times; the busy signal occurs three times.,test
aha_q_850,aha,What is the sequence of sounds from start to finish?,mcq,"The hammer strikes first, then water flows intermittently four times.","[""The water flows first, then the hammer strikes, with only two flow events.""]",test500_ordering/audio/syn_355,audio,temporal reasoning,temporal order,test,"A hammer strikes, followed by water flowing intermittently four times.","The water flows first, then the hammer strikes, with only two flow events.",test
aha_q_851,aha,How many distinct sound events occur in this sequence?,mcq,Two sound events occur.,"[""Three sound events occur.""]",test500_ordering/audio/syn_356,audio,temporal reasoning,event counting,test,"A bird chirped briefly, followed by the sound of a whip cracking.",Three sound events occur.,test
aha_q_852,aha,What is the temporal structure of this audio clip?,mcq,"The train whistles occur first, followed by the dental drill.","[""The dental drill sounds occur before the train whistles.""]",test500_ordering/audio/syn_357,audio,temporal reasoning,temporal order,test,"The train whistles three times, followed by the sound of a dental drill.",The dental drill sounds occur before the train whistles.,test
aha_q_853,aha,What is the chronological order of the sound events in this audio?,mcq,"Mosquito buzzes, then the whooshing sound.","[""The mosquito buzzes, then a single buzz, followed by the whooshing sound.""]",test500_ordering/audio/syn_358,audio,temporal reasoning,temporal order,test,"A mosquito buzzes, followed by a pause, buzzes again, then a final buzz, and finally, a single whooshing sound.","The mosquito buzzes, then a single buzz, followed by the whooshing sound.",test
aha_q_854,aha,What is the chronological order of the sound events in this audio?,mcq,"The machine gun fires twice first, then the whistling occurs.","[""The machine gun fires once, then the whistling, which is the correct order.""]",test500_ordering/audio/syn_359,audio,temporal reasoning,temporal order,test,"A machine gun fires twice, followed by a single instance of whistling.","The machine gun fires once, then the whistling, which is the correct order.",test
aha_q_855,aha,What is the temporal structure of this audio clip?,mcq,"Someone knocks on a door three times, then a door slams once.","[""The door slams once, then someone knocks three times.""]",test500_ordering/audio/syn_360,audio,temporal reasoning,temporal order,test,"Someone knocks on a door three times, followed by a door slamming once.","The door slams once, then someone knocks three times.",test
aha_q_856,aha,How many times does each sound event occur?,mcq,The dog whimpers twice and the telephone rings twice.,"[""The dog whimpers once and the telephone rings three times.""]",test500_ordering/audio/syn_361,audio,temporal reasoning,event counting,test,"A dog whimpers twice, followed by the sound of a telephone ringing on two separate occasions.",The dog whimpers once and the telephone rings three times.,test
aha_q_857,aha,What is the temporal structure of this audio clip?,mcq,"The clock ticks three times, then the civil defense siren occurs.","[""The civil defense siren occurs before the clock ticks three times.""]",test500_ordering/audio/syn_362,audio,temporal reasoning,temporal order,test,"A clock ticks three times, followed by a civil defense siren.",The civil defense siren occurs before the clock ticks three times.,test
aha_q_858,aha,What is the temporal structure of this audio clip?,mcq,A plop is followed by two laughs with a pause in between.,"[""The audio starts with laughter, then a plop, then another laughter.""]",test500_ordering/audio/syn_363,audio,temporal reasoning,temporal order,test,"A plop is heard, followed by laughter twice, with a pause in between.","The audio starts with laughter, then a plop, then another laughter.",test
aha_q_859,aha,What is the temporal structure of this audio clip?,mcq,"A croak is heard twice, then three spraying sounds.","[""A croak is heard once, followed by two spraying sounds.""]",test500_ordering/audio/syn_364,audio,temporal reasoning,temporal order,test,"A croak is heard twice, followed by a series of three spraying sounds.","A croak is heard once, followed by two spraying sounds.",test
aha_q_860,aha,What is the chronological order of the sound events in this audio?,mcq,"Burping occurs twice, then a sound effect.","[""The sound effect occurs first, followed by two burps.""]",test500_ordering/audio/syn_365,audio,temporal reasoning,temporal order,test,"Burping occurs twice, followed by a sound effect.","The sound effect occurs first, followed by two burps.",test
aha_q_861,aha,What is the sequence of sounds from start to finish?,mcq,"Laughter, then ticking clock.","[""Laughter occurs three times, followed by two instances of a ticking clock.""]",test500_ordering/audio/syn_366,audio,temporal reasoning,temporal order,test,"Laughter occurs three times, followed by two instances of a ticking clock.","Laughter occurs three times, followed by two instances of a ticking clock.",test
aha_q_862,aha,What is the chronological order of the sound events in this audio?,mcq,"Laughter is first, followed by the police car siren.","[""The police car siren occurs first, followed by laughter.""]",test500_ordering/audio/syn_367,audio,temporal reasoning,temporal order,test,"Laughter starts first, followed by the sound of a police car siren.","The police car siren occurs first, followed by laughter.",test
aha_q_863,aha,What is the temporal structure of this audio clip?,mcq,The person burps four times followed by the chainsaw.,"[""The chainsaw is heard before the person burps.""]",test500_ordering/audio/syn_368,audio,temporal reasoning,temporal order,test,"A person burps four times, followed by the sound of a chainsaw.",The chainsaw is heard before the person burps.,test
aha_q_864,aha,What is the chronological order of the sound events in this audio?,mcq,"Water flows from a tap, then the sound of sawing.","[""The sound of sawing occurs before the water flows from the tap.""]",test500_ordering/audio/syn_369,audio,temporal reasoning,temporal order,test,Water flows from a tap and is followed by the sound of sawing.,The sound of sawing occurs before the water flows from the tap.,test
aha_q_865,aha,How many distinct sound events occur in this sequence?,mcq,Two sound events occur.,"[""Three sound events occur.""]",test500_ordering/audio/syn_37,audio,temporal reasoning,event counting,test,"A gunshot is heard, followed by a car passing by.",Three sound events occur.,test
aha_q_866,aha,What is the temporal structure of this audio clip?,mcq,"Water splashes occur four times, then a whooshing sound.","[""The audio starts with a whooshing sound, then water splashes four times.""]",test500_ordering/audio/syn_370,audio,temporal reasoning,temporal order,test,"Water splashes four times, followed by a whooshing sound.","The audio starts with a whooshing sound, then water splashes four times.",test
aha_q_867,aha,What is the sequence of sounds from start to finish?,mcq,"The sequence is: something breaks, silence, then an insect sounds.","[""The sequence is: an insect emerges, then something breaks, and then silence.""]",test500_ordering/audio/syn_371,audio,temporal reasoning,temporal order,test,"Something breaks, followed by a period of silence, and then the sound of an insect emerges.","The sequence is: an insect emerges, then something breaks, and then silence.",test
aha_q_868,aha,What is the sequence of sounds from start to finish?,mcq,"The bell dings four times, then fireworks occur.","[""The fireworks happen first, then the bell dings four times.""]",test500_ordering/audio/syn_372,audio,temporal reasoning,temporal order,test,"A bell dings four times, followed by a single burst of fireworks.","The fireworks happen first, then the bell dings four times.",test
aha_q_869,aha,What is the temporal structure of this audio clip?,mcq,"The croak is heard first, followed by the sanding three times.","[""The sanding occurs before the croak, and the sandings happen only twice.""]",test500_ordering/audio/syn_373,audio,temporal reasoning,temporal order,test,"A croak is heard, followed by sanding three separate times.","The sanding occurs before the croak, and the sandings happen only twice.",test
aha_q_870,aha,What is the chronological order of the sound events in this audio?,mcq,"Clock ticking three times, then a pig oinking.","[""A pig oinking first, followed by clock ticking three times.""]",test500_ordering/audio/syn_375,audio,temporal reasoning,temporal order,test,"Clock ticking thrice, followed by a single pig oinking.","A pig oinking first, followed by clock ticking three times.",test
aha_q_871,aha,What is the temporal structure of this audio clip?,mcq,"Air horn sounds first, then biting sounds.","[""Biting sounds occur first, then the air horn sounds.""]",test500_ordering/audio/syn_376,audio,temporal reasoning,temporal order,test,"An air horn sounds twice, followed by biting sounds occurring also twice.","Biting sounds occur first, then the air horn sounds.",test
aha_q_872,aha,What is the chronological order of the sound events in this audio?,mcq,"The bell dings twice first, then rain on a surface.","[""The rain on a surface occurs before the bell dings twice.""]",test500_ordering/audio/syn_377,audio,temporal reasoning,temporal order,test,"A bell dings twice, followed by the sound of rain on a surface.",The rain on a surface occurs before the bell dings twice.,test
aha_q_873,aha,How many times does each sound event occur?,mcq,Throat clearing occurs twice; knocking occurs twice.,"[""Throat clearing occurs once; knocking occurs once.""]",test500_ordering/audio/syn_378,audio,temporal reasoning,event counting,test,"Someone clears their throat twice, followed by two instances of knocking.",Throat clearing occurs once; knocking occurs once.,test
aha_q_874,aha,What is the temporal structure of this audio clip?,mcq,"Growling, then throat clearing.","[""Growling and throat clearing occur simultaneously.""]",test500_ordering/audio/syn_379,audio,temporal reasoning,temporal order,test,"Growling occurs twice, followed by a single instance of throat clearing.",Growling and throat clearing occur simultaneously.,test
aha_q_875,aha,What is the temporal structure of this audio clip?,mcq,Liquid was poured before the train whistled.,"[""The train whistled before liquid was poured.""]",test500_ordering/audio/syn_38,audio,temporal reasoning,temporal order,test,Liquid was poured and then a train whistled.,The train whistled before liquid was poured.,test
aha_q_876,aha,How many distinct sound events occur in this sequence?,mcq,Three distinct sound events: a door slam and two breathing instances.,"[""Two sound events: a door slam and breathing, with only one breathing instance.""]",test500_ordering/audio/syn_380,audio,temporal reasoning,event counting,test,A door slams followed by three separate instances of breathing.,"Two sound events: a door slam and breathing, with only one breathing instance.",test
aha_q_877,aha,What is the order of the sound events in this audio?,mcq,"The hammer pounds four times first, then the fire alarm sounds until the end.","[""The fire alarm sounds first, then the hammer pounds four times.""]",test500_ordering/audio/syn_381,audio,temporal reasoning,temporal order,test,"A hammer pounds four times, followed by a fire alarm sounding until the end.","The fire alarm sounds first, then the hammer pounds four times.",test
aha_q_878,aha,What is the chronological order of the sound events in this audio?,mcq,"Someone speaks first, then later, there's the sound of an engine knocking.","[""The engine knocking occurs first, then someone speaks.""]",test500_ordering/audio/syn_382,audio,temporal reasoning,temporal order,test,"Someone speaks, then later, there's the sound of an engine knocking.","The engine knocking occurs first, then someone speaks.",test
aha_q_879,aha,What is the temporal structure of this audio clip?,mcq,"Laughter occurs first, then oinks.","[""Oinks occur first, then laughter.""]",test500_ordering/audio/syn_383,audio,temporal reasoning,temporal order,test,"Laughter occurs three times, followed by three separate oinks.","Oinks occur first, then laughter.",test
aha_q_880,aha,What is the chronological order of the sound events in this audio?,mcq,"The train horn sounded three times, then a cap gun shot occurred.","[""The train horn sounded twice, and then a cap gun shot, in order.""]",test500_ordering/audio/syn_384,audio,temporal reasoning,temporal order,test,"The train horn sounded three times, followed by a single cap gun shot.","The train horn sounded twice, and then a cap gun shot, in order.",test
aha_q_881,aha,What is the temporal structure of this audio clip?,mcq,"A slap occurs three times, then the chainsaw sound starts.","[""The chainsaw occurs first, then multiple slaps.""]",test500_ordering/audio/syn_385,audio,temporal reasoning,temporal order,test,"A slap or smack sound occurs three times, followed by the continuous rumble of a chainsaw.","The chainsaw occurs first, then multiple slaps.",test
aha_q_882,aha,How many times does each sound event occur?,mcq,"Laughter occurs four times, and the toilet flushing occurs once.","[""Laughter occurs twice, followed by a toilet flushing.""]",test500_ordering/audio/syn_386,audio,temporal reasoning,event counting,test,"Laughter occurs four times, followed by a toilet flushing.","Laughter occurs twice, followed by a toilet flushing.",test
aha_q_883,aha,What is the temporal structure of this audio clip?,mcq,"Four explosions occur first, then a ding sound.","[""There are three explosions followed by a ding sound.""]",test500_ordering/audio/syn_387,audio,temporal reasoning,temporal order,test,"An explosion occurred four times, followed by a single ding sound.",There are three explosions followed by a ding sound.,test
aha_q_884,aha,What is the temporal structure of this audio clip?,mcq,"A shout is heard first, then keys jangling twice.","[""Keys jangling occurs first, followed by a shout.""]",test500_ordering/audio/syn_388,audio,temporal reasoning,temporal order,test,"A shout occurs, followed by keys jangling twice in succession.","Keys jangling occurs first, followed by a shout.",test
aha_q_885,aha,What is the temporal structure of this audio clip?,mcq,Hiss followed by tires squealing and skidding.,"[""The tires squealing occur first, then the hiss.""]",test500_ordering/audio/syn_389,audio,temporal reasoning,temporal order,test,"A hiss is heard, followed by the sound of tires squealing and skidding.","The tires squealing occur first, then the hiss.",test
aha_q_886,aha,What is the sequence of sounds from start to finish?,mcq,"The person shouts three times first, then the bird sings.","[""The bird sings first, then the person shouts three times.""]",test500_ordering/audio/syn_39,audio,temporal reasoning,temporal order,test,"A person shouts three times, followed by a bird singing.","The bird sings first, then the person shouts three times.",test
aha_q_887,aha,What is the temporal structure of this audio clip?,mcq,"Screaming occurred first, then the waterfall.","[""The waterfall happened first, followed by three screamings.""]",test500_ordering/audio/syn_390,audio,temporal reasoning,temporal order,test,"Screaming occurred three times, followed by the sound of a waterfall.","The waterfall happened first, followed by three screamings.",test
aha_q_888,aha,What is the temporal structure of this audio clip?,mcq,"Liquid is poured, then a bird vocalizes twice with a pause in between.","[""The bird vocalizes twice, then liquid is poured, with a long silence in between.""]",test500_ordering/audio/syn_391,audio,temporal reasoning,temporal order,test,"Liquid is poured, followed by a bird vocalizing twice with a pause in between.","The bird vocalizes twice, then liquid is poured, with a long silence in between.",test
aha_q_889,aha,What is the temporal structure of this audio clip?,mcq,"Sanding occurs twice, then two beeps and bleeps.","[""Sanding occurs once, followed by a beep, then another sanding and an additional beep.""]",test500_ordering/audio/syn_392,audio,temporal reasoning,temporal order,test,"Sanding occurs twice, followed by two instances of a beep, bleep sound.","Sanding occurs once, followed by a beep, then another sanding and an additional beep.",test
aha_q_890,aha,How many times does each sound event occur?,mcq,"The alarm sounds three times, and someone screams once.","[""The alarm sounds twice, followed by someone screaming.""]",test500_ordering/audio/syn_393,audio,temporal reasoning,event counting,test,"An alarm sounds three times, followed by someone screaming.","The alarm sounds twice, followed by someone screaming.",test
aha_q_891,aha,How many times does each sound event occur?,mcq,"Tearing occurs twice, crunching occurs once.","[""Tearing occurs once, crunching occurs twice.""]",test500_ordering/audio/syn_394,audio,temporal reasoning,event counting,test,"Tearing is heard twice, followed by a single crunching sound.","Tearing occurs once, crunching occurs twice.",test
aha_q_892,aha,What is the chronological order of the sound events in this audio?,mcq,"The hiccup occurred first, followed by the buzz.","[""The buzz occurred first, then the hiccup.""]",test500_ordering/audio/syn_395,audio,temporal reasoning,temporal order,test,"A hiccup occurred, followed by a buzz.","The buzz occurred first, then the hiccup.",test
aha_q_893,aha,How many times does each sound event occur?,mcq,Birdsong occurs once; whip cracking occurs three times.,"[""Birdsong occurs twice; whip cracking occurs once.""]",test500_ordering/audio/syn_396,audio,temporal reasoning,event counting,test,"Birdsong is heard, followed by the sound of a whip cracking three times.",Birdsong occurs twice; whip cracking occurs once.,test
aha_q_894,aha,What is the temporal structure of this audio clip?,mcq,"The telephone bell rings first, then the engine knocking occurs.","[""The engine knocking occurs first, then the telephone bell rings.""]",test500_ordering/audio/syn_397,audio,temporal reasoning,temporal order,test,"A telephone bell rings, followed by the sound of an engine knocking.","The engine knocking occurs first, then the telephone bell rings.",test
aha_q_895,aha,How many distinct sound events occur in this sequence?,mcq,Two sound events occur: a dental drill and a fart.,"[""Three sound events occur: a dental drill, a pause, and a fart.""]",test500_ordering/audio/syn_399,audio,temporal reasoning,event counting,test,"A dental drill runs, followed by a pause, and then a fart is heard.","Three sound events occur: a dental drill, a pause, and a fart.",test
aha_q_896,aha,What is the temporal structure of this audio clip?,mcq,"Beep is followed by another beep, then static occurs thrice.","[""Beep occurs after the static, with static happening only twice.""]",test500_ordering/audio/syn_4,audio,temporal reasoning,temporal order,test,"A beep is followed by another, then static occurs thrice.","Beep occurs after the static, with static happening only twice.",test
aha_q_897,aha,How many times does each sound event occur?,mcq,"Four thumps or thuds occur, then one giggle.","[""Three thumps and one giggle.""]",test500_ordering/audio/syn_40,audio,temporal reasoning,event counting,test,"Four thumps or thuds are heard in succession, followed by a single giggle.",Three thumps and one giggle.,test
aha_q_898,aha,What is the temporal structure of this audio clip?,mcq,"Static occurs four times, then oinks follow.","[""The series starts with oinks, then static occurs four times.""]",test500_ordering/audio/syn_400,audio,temporal reasoning,temporal order,test,"Static occurs four times, followed by a series of oinks.","The series starts with oinks, then static occurs four times.",test
aha_q_899,aha,What is the temporal structure of this audio clip?,mcq,"The typewriter clacks first, then the aircraft engine starts and continues.","[""The aircraft engine sounds first, then the typewriter clacks.""]",test500_ordering/audio/syn_401,audio,temporal reasoning,temporal order,test,"A typewriter clacks briefly, followed by the sound of an aircraft engine that continues for several seconds.","The aircraft engine sounds first, then the typewriter clacks.",test
aha_q_900,aha,How many times does each sound event occur?,mcq,"The person breathes four times, and the lawn mower sounds once.","[""The person breathes two times and the lawn mower sounds twice.""]",test500_ordering/audio/syn_402,audio,temporal reasoning,event counting,test,"A person breathes four times, followed by the continuous sound of a lawn mower.",The person breathes two times and the lawn mower sounds twice.,test
aha_q_901,aha,What is the temporal structure of this audio clip?,mcq,"The chuckles and chortles occur first, followed by speech.","[""Speech occurs before the chuckles and chortles.""]",test500_ordering/audio/syn_403,audio,temporal reasoning,temporal order,test,"Someone chuckles and chortles twice, followed by a brief instance of speech.",Speech occurs before the chuckles and chortles.,test
aha_q_902,aha,What is the order of the sound events in this audio?,mcq,Someone grunts three times then a civil defense siren sounds.,"[""A civil defense siren sounds first, followed by someone grunting three times.""]",test500_ordering/audio/syn_404,audio,temporal reasoning,temporal order,test,"Someone grunts three times, followed by a civil defense siren sounding.","A civil defense siren sounds first, followed by someone grunting three times.",test
aha_q_903,aha,How many times does each sound event occur?,mcq,Fireworks burst occurs twice; biting sounds occur twice.,"[""Fireworks burst occurs once; biting sounds occur once.""]",test500_ordering/audio/syn_405,audio,temporal reasoning,event counting,test,"Fireworks burst twice, followed by a sequence of two distinct biting sounds.",Fireworks burst occurs once; biting sounds occur once.,test
aha_q_904,aha,What is the sequence of sounds from start to finish?,mcq,"A vehicle accelerates and revs, then the lawn mower sound occurs.","[""The lawn mower sound occurs first, followed by the vehicle revving.""]",test500_ordering/audio/syn_406,audio,temporal reasoning,temporal order,test,"A vehicle accelerates and revs, followed by the sound of a lawn mower.","The lawn mower sound occurs first, followed by the vehicle revving.",test
aha_q_905,aha,How many times does each sound event occur?,mcq,The cap gun fires four times; glass shattering occurs once.,"[""The cap gun fires three times; glass shattering occurs twice.""]",test500_ordering/audio/syn_407,audio,temporal reasoning,event counting,test,"A cap gun fires four times, followed by the sound of glass shattering.",The cap gun fires three times; glass shattering occurs twice.,test
aha_q_906,aha,What is the chronological order of the sound events in this audio?,mcq,"The tire squeals and skids first, then the cowbell rings.","[""The cowbell rings first, then the tire squeals and skids.""]",test500_ordering/audio/syn_408,audio,temporal reasoning,temporal order,test,"A tire squeals and skids, followed by a cowbell ringing.","The cowbell rings first, then the tire squeals and skids.",test
aha_q_907,aha,What is the chronological order of the sound events in this audio?,mcq,"The telephone bell rings twice, then the whip cracks four times.","[""The whip cracks four times, then the telephone bell rings twice.""]",test500_ordering/audio/syn_409,audio,temporal reasoning,temporal order,test,"A telephone bell rings twice, followed by a whip cracking four times.","The whip cracks four times, then the telephone bell rings twice.",test
aha_q_908,aha,How many times does each sound event occur?,mcq,"The dog barks three times, and the ambulance siren occurs once.","[""The dog barks twice and the ambulance siren occurs two times.""]",test500_ordering/audio/syn_41,audio,temporal reasoning,event counting,test,"A dog barks three times, followed by an ambulance siren.",The dog barks twice and the ambulance siren occurs two times.,test
aha_q_909,aha,How many times does each sound event occur?,mcq,Fart occurs three times; something breaking occurs twice.,"[""Fart occurs twice; something breaking occurs three times.""]",test500_ordering/audio/syn_410,audio,temporal reasoning,event counting,test,"A fart occurs three times, followed by something breaking twice.",Fart occurs twice; something breaking occurs three times.,test
aha_q_910,aha,What is the chronological order of the sound events in this audio?,mcq,"The cap gun fires first, followed by the clattering of dishes, pots, and pans.","[""The clattering of dishes, pots, and pans occurs first, then the cap gun fires.""]",test500_ordering/audio/syn_411,audio,temporal reasoning,temporal order,test,"A cap gun fires, followed by intermittent clattering of dishes, pots, and pans.","The clattering of dishes, pots, and pans occurs first, then the cap gun fires.",test
aha_q_911,aha,How many distinct sound events occur in this sequence?,mcq,Three sound events occur.,"[""Two sound events occur.""]",test500_ordering/audio/syn_412,audio,temporal reasoning,event counting,test,"A dial tone sounds twice, followed by a period of music.",Two sound events occur.,test
aha_q_912,aha,What is the temporal structure of this audio clip?,mcq,The sneeze occurs twice before crying and sobbing.,"[""The crying and sobbing occur first, then the two sneezes.""]",test500_ordering/audio/syn_413,audio,temporal reasoning,temporal order,test,"A sneeze occurs twice, followed by a period of crying and sobbing.","The crying and sobbing occur first, then the two sneezes.",test
aha_q_913,aha,What is the temporal structure of this audio clip?,mcq,Four slaps followed by two oinks.,"[""Two oinks are heard before four slaps.""]",test500_ordering/audio/syn_414,audio,temporal reasoning,temporal order,test,Four consecutive slaps are followed by two oinks.,Two oinks are heard before four slaps.,test
aha_q_914,aha,What is the temporal structure of this audio clip?,mcq,"The clock ticked once, then the drill operated.","[""The drill operated first, then the clock ticked once.""]",test500_ordering/audio/syn_415,audio,temporal reasoning,temporal order,test,"A clock ticked once, followed by the sound of a drill operating.","The drill operated first, then the clock ticked once.",test
aha_q_915,aha,What is the chronological order of the sound events in this audio?,mcq,"A squeak is heard three times, then a dog barking three times.","[""A dog barking three times, then a squeak three times.""]",test500_ordering/audio/syn_416,audio,temporal reasoning,temporal order,test,"A squeak is heard three times, followed by a dog barking three times.","A dog barking three times, then a squeak three times.",test
aha_q_916,aha,What is the sequence of sound events in this audio?,mcq,"Rooster crowed, then a grunt.","[""A grunt occurred before the rooster crowed.""]",test500_ordering/audio/syn_417,audio,temporal reasoning,temporal order,test,"A rooster crowed, followed by a grunt.",A grunt occurred before the rooster crowed.,test
aha_q_917,aha,What is the temporal structure of this audio clip?,mcq,"Explosion occurs first, then the vehicle horn honks twice.","[""The vehicle honks twice first, then the explosion occurs.""]",test500_ordering/audio/syn_418,audio,temporal reasoning,temporal order,test,"An explosion occurs, followed by a vehicle horn honking twice.","The vehicle honks twice first, then the explosion occurs.",test
aha_q_918,aha,Which sound event dominates the beginning of the recording?,mcq,Liquid pouring dominates the beginning of the recording.,"[""A civil defense siren dominates the beginning of the recording.""]",test500_ordering/audio/syn_419,audio,temporal reasoning,temporal order,test,"Liquid pouring is heard first, followed by a civil defense siren.",A civil defense siren dominates the beginning of the recording.,test
aha_q_919,aha,Which sound event has the longest duration?,mcq,The chainsaw has the longest duration.,"[""The busy signal has the longest duration.""]",test500_ordering/audio/syn_42,audio,temporal reasoning,duration comparison,test,A busy signal is heard followed by the sound of a chainsaw.,The busy signal has the longest duration.,test
aha_q_920,aha,What is the chronological order of the sound events in this audio?,mcq,"A drill is heard first, followed by three burps.","[""A drill is heard first, then the burps.""]",test500_ordering/audio/syn_420,audio,temporal reasoning,temporal order,test,"A drill is heard, followed by a series of three burps.","A drill is heard first, then the burps.",test
aha_q_921,aha,What is the temporal structure of this audio clip?,mcq,"The jackhammer is heard first, followed by cricket chirping twice.","[""The cricket chirping is heard first, then the jackhammer noise.""]",test500_ordering/audio/syn_421,audio,temporal reasoning,temporal order,test,"The jackhammer is heard first, followed by cricket chirping twice.","The cricket chirping is heard first, then the jackhammer noise.",test
aha_q_922,aha,What is the temporal structure of this audio clip?,mcq,"The car passes by first, then there is a groan afterward.","[""The groan occurs first, then the car passes by.""]",test500_ordering/audio/syn_422,audio,temporal reasoning,temporal order,test,"A car passes by, then after a brief silence, there's a single groan.","The groan occurs first, then the car passes by.",test
aha_q_923,aha,What is the temporal structure of this audio clip?,mcq,"The cat meowed first, then the aircraft engine sounded.","[""The aircraft engine sounded first, then the cat meowed.""]",test500_ordering/audio/syn_423,audio,temporal reasoning,temporal order,test,"A cat meowed, followed by the sound of an aircraft engine.","The aircraft engine sounded first, then the cat meowed.",test
aha_q_924,aha,How many times does each sound event occur?,mcq,"Rustling occurs three times, followed by gurgling and bubbling sounds.","[""Rustling occurs once, then gurgling and bubbling happen multiple times.""]",test500_ordering/audio/syn_424,audio,temporal reasoning,event counting,test,"Rustling occurs three times, followed by gurgling and bubbling sounds.","Rustling occurs once, then gurgling and bubbling happen multiple times.",test
aha_q_925,aha,How many times does each sound event occur?,mcq,"Hammer occurs twice, clock occurs twice.","[""Hammer occurs once, clock occurs twice.""]",test500_ordering/audio/syn_425,audio,temporal reasoning,event counting,test,"A hammer is heard twice, followed by the ticking of a clock also twice.","Hammer occurs once, clock occurs twice.",test
aha_q_926,aha,What is the sequence of sounds from start to finish?,mcq,"A groan is heard, then another groan, followed by a rumble.","[""A rumble occurs first, then a groan, then another groan.""]",test500_ordering/audio/syn_427,audio,temporal reasoning,temporal order,test,"A groan is heard, followed shortly by another groan, and then a rumble occurs by itself.","A rumble occurs first, then a groan, then another groan.",test
aha_q_927,aha,What is the sequence of sounds from start to finish?,mcq,"The person tapped on a keyboard, then a civil defense siren sounded.","[""The civil defense siren sounded first, then someone tapped on the keyboard several times.""]",test500_ordering/audio/syn_428,audio,temporal reasoning,temporal order,test,"Someone tapped on a computer keyboard several times, followed by a civil defense siren sounding.","The civil defense siren sounded first, then someone tapped on the keyboard several times.",test
aha_q_928,aha,How many distinct sound events occur in this sequence?,mcq,"Three: static, pause, and chuckling.","[""Two: static and laughter.""]",test500_ordering/audio/syn_429,audio,temporal reasoning,event counting,test,"First, there is static, followed by a brief pause, and static again, then after a pause, someone chuckles or chortles.",Two: static and laughter.,test
aha_q_929,aha,How many times does each sound event occur?,mcq,The baby laughed four times and then groaned once.,"[""The baby laughed twice and then groaned multiple times.""]",test500_ordering/audio/syn_43,audio,temporal reasoning,event counting,test,"A baby laughed four times, followed by a groan.",The baby laughed twice and then groaned multiple times.,test
aha_q_930,aha,Does Liquid occur more than once?,mcq,"Yes, Liquid occurs twice.","[""No, Liquid occurs only once.""]",test500_ordering/audio/syn_430,audio,temporal reasoning,event counting,test,"Liquid is heard twice, followed by a whooshing sound.","No, Liquid occurs only once.",test
aha_q_931,aha,How many times does each sound event occur?,mcq,"The sound effect occurs twice, followed by machine gun fire once.","[""The sound effect occurs once, followed by machine gun fire twice.""]",test500_ordering/audio/syn_431,audio,temporal reasoning,event counting,test,"A sound effect occurs twice, followed by machine gun fire.","The sound effect occurs once, followed by machine gun fire twice.",test
aha_q_932,aha,What is the temporal structure of this audio clip?,mcq,"The door slams first, then the filing sound.","[""The filing sound occurs before the door slams.""]",test500_ordering/audio/syn_432,audio,temporal reasoning,temporal order,test,"A door slams, followed by the sound of filing.",The filing sound occurs before the door slams.,test
aha_q_933,aha,What is the temporal structure of this audio clip?,mcq,"Hammer strikes are heard first, then fireworks explode after.","[""Fireworks explode first, then the hammer strikes.""]",test500_ordering/audio/syn_433,audio,temporal reasoning,temporal order,test,"A hammer strikes twice, followed by fireworks exploding twice with a brief pause in between.","Fireworks explode first, then the hammer strikes.",test
aha_q_934,aha,How many times does each sound event occur?,mcq,Birds chirp three times; car horn honks twice.,"[""Birds chirp twice; car horn honks once.""]",test500_ordering/audio/syn_434,audio,temporal reasoning,event counting,test,"Birds chirp thrice, followed by two instances of a car horn honking.",Birds chirp twice; car horn honks once.,test
aha_q_935,aha,Which sound event has the longest duration?,mcq,The irregular ticking sounds have the longest duration.,"[""The spoken speech has the longest duration.""]",test500_ordering/audio/syn_435,audio,temporal reasoning,duration comparison,test,"Someone spoke briefly, followed by a series of irregular ticking sounds.",The spoken speech has the longest duration.,test
aha_q_936,aha,What is the chronological order of the sound events in this audio?,mcq,"Fart, then a second fart, then a baby laughs.","[""A baby laughs first, followed by two farts.""]",test500_ordering/audio/syn_436,audio,temporal reasoning,temporal order,test,"A fart occurs, followed by another fart, and then a baby laughs.","A baby laughs first, followed by two farts.",test
aha_q_937,aha,What is the temporal structure of this audio clip?,mcq,Machine gun firing occurs three times before the jet engine sounds.,"[""The jet engine starts first, then the machine gun fires three times.""]",test500_ordering/audio/syn_437,audio,temporal reasoning,temporal order,test,"A machine gun fires three separate times, followed by the sound of a jet engine.","The jet engine starts first, then the machine gun fires three times.",test
aha_q_938,aha,What is the temporal structure of this audio clip?,mcq,"The clang occurs first, then the three shouts follow.","[""The three shouts occur first, then the clang.""]",test500_ordering/audio/syn_438,audio,temporal reasoning,temporal order,test,"A clang occurs, followed by three separate shouts.","The three shouts occur first, then the clang.",test
aha_q_939,aha,What is the temporal structure of this audio clip?,mcq,Whip cracks occur before the hiccup.,"[""The hiccup occurs before the whip cracks.""]",test500_ordering/audio/syn_439,audio,temporal reasoning,temporal order,test,"A whip cracks four times, followed by a single hiccup.",The hiccup occurs before the whip cracks.,test
aha_q_940,aha,How many times does each sound event occur?,mcq,The dog barks four times and the power saw occurs once.,"[""The dog barks three times and the power saw occurs twice.""]",test500_ordering/audio/syn_44,audio,temporal reasoning,event counting,test,"A dog barks four times, followed by the sound of a power saw.",The dog barks three times and the power saw occurs twice.,test
aha_q_941,aha,What is the chronological order of the sound events in this audio?,mcq,"The telephone is dialed first, followed by two instances of burping.","[""The telephone is dialed first, then a burp occurs, followed by another burp.""]",test500_ordering/audio/syn_440,audio,temporal reasoning,temporal order,test,"A telephone is dialed, followed by two instances of burping.","The telephone is dialed first, then a burp occurs, followed by another burp.",test
aha_q_942,aha,What is the chronological order of the sound events in this audio?,mcq,"The sound events occur in this order: growling, pause, growling again, then spraying.","[""The audio starts with spraying, then growling, and finally a pause.""]",test500_ordering/audio/syn_441,audio,temporal reasoning,temporal order,test,"Something growled, paused, then growled again, followed by the sound of spraying.","The audio starts with spraying, then growling, and finally a pause.",test
aha_q_943,aha,What is the temporal structure of this audio clip?,mcq,"Birds chirp twice, then a buzzing sound.","[""Birds chirp twice, followed by a barking dog.""]",test500_ordering/audio/syn_442,audio,temporal reasoning,temporal order,test,"Birds chirp twice, followed by a buzzing sound.","Birds chirp twice, followed by a barking dog.",test
aha_q_944,aha,What is the temporal structure of this audio clip?,mcq,"A groan is heard first, then throat clearing occurs twice with a pause in between.","[""Throat clearing is heard first, followed by a groan.""]",test500_ordering/audio/syn_443,audio,temporal reasoning,temporal order,test,"A groan is heard, followed by throat clearing twice with a slight pause in between.","Throat clearing is heard first, followed by a groan.",test
aha_q_945,aha,What is the chronological order of the sound events in this audio?,mcq,"The power tool occurs first, followed by chirping and tweeting.","[""Chirping and tweeting happen first, then the power tool.""]",test500_ordering/audio/syn_444,audio,temporal reasoning,temporal order,test,"A power tool is heard first, followed by the sound of chirping and tweeting.","Chirping and tweeting happen first, then the power tool.",test
aha_q_946,aha,What is the chronological order of the sound events in this audio?,mcq,"A croak is heard, then it repeats, followed by a sewing machine starting.","[""The sewing machine starts first, then a croak repeats afterward.""]",test500_ordering/audio/syn_445,audio,temporal reasoning,temporal order,test,"A croak is heard, then it repeats, followed by the sound of a sewing machine starting later.","The sewing machine starts first, then a croak repeats afterward.",test
aha_q_947,aha,What is the temporal structure of this audio clip?,mcq,"Coughing occurs first, then the faucet runs.","[""The faucet runs first, then someone coughs three times.""]",test500_ordering/audio/syn_446,audio,temporal reasoning,temporal order,test,"Someone coughed three times, followed by the sound of a water tap or faucet running.","The faucet runs first, then someone coughs three times.",test
aha_q_948,aha,How many distinct sound events occur in this sequence?,mcq,Two sound events occur: a bird chirping and a vehicle accelerating.,"[""Three sound events occur: a bird chirping, a vehicle accelerating, and a siren.""]",test500_ordering/audio/syn_447,audio,temporal reasoning,event counting,test,"A bird chirped briefly, followed by the sound of a vehicle accelerating and revving.","Three sound events occur: a bird chirping, a vehicle accelerating, and a siren.",test
aha_q_949,aha,How many times does each sound event occur?,mcq,The dog yips four times.,"[""The dog yips twice.""]",test500_ordering/audio/syn_448,audio,temporal reasoning,event counting,test,"A dog yips four times, followed by two periods of silence.",The dog yips twice.,test
aha_q_950,aha,What is the chronological order of the sound events in this audio?,mcq,The cat meowed twice before the vehicle accelerated and revved.,"[""The vehicle accelerated and revved first, then the cat meowed twice.""]",test500_ordering/audio/syn_449,audio,temporal reasoning,temporal order,test,"A cat meowed twice, followed by the sound of a vehicle accelerating and revving.","The vehicle accelerated and revved first, then the cat meowed twice.",test
aha_q_951,aha,What is the chronological order of the sound events in this audio?,mcq,"The clock ticks first, then the pig oinks twice.","[""The pig oinks first, then the clock ticks, followed by the pig oinking twice.""]",test500_ordering/audio/syn_45,audio,temporal reasoning,temporal order,test,A clock ticks followed by a pig oinking twice in succession.,"The pig oinks first, then the clock ticks, followed by the pig oinking twice.",test
aha_q_952,aha,What is the temporal structure of this audio clip?,mcq,"The frog croaks first, then the sewing machine sounds come after.","[""The sewing machine sounds first, then the frog croaks.""]",test500_ordering/audio/syn_450,audio,temporal reasoning,temporal order,test,"A frog croaks three times, followed by the sound of a sewing machine.","The sewing machine sounds first, then the frog croaks.",test
aha_q_953,aha,What is the sequence of sounds from start to finish?,mcq,"Four buzzes occur first, then a doorbell rings.","[""A doorbell rings first, followed by four buzzes.""]",test500_ordering/audio/syn_451,audio,temporal reasoning,temporal order,test,"A buzz occurs four times, followed by a single doorbell ring.","A doorbell rings first, followed by four buzzes.",test
aha_q_954,aha,What is the temporal structure of this audio clip?,mcq,"A sound effect occurs twice, then speech begins.","[""Speech begins first, followed by the sound effect twice.""]",test500_ordering/audio/syn_452,audio,temporal reasoning,temporal order,test,"A sound effect occurs twice, followed by a segment of speech.","Speech begins first, followed by the sound effect twice.",test
aha_q_955,aha,How many times does each sound event occur?,mcq,The belly laugh occurs twice and the emergency vehicle occurs once.,"[""The belly laugh occurs once and the emergency vehicle occurs twice.""]",test500_ordering/audio/syn_453,audio,temporal reasoning,event counting,test,"A belly laugh occurs twice, followed by the sound of an emergency vehicle.",The belly laugh occurs once and the emergency vehicle occurs twice.,test
aha_q_956,aha,What is the chronological order of the sound events in this audio?,mcq,"The buzzer sounds first, then the animal bleats.","[""The animal bleats first, then the buzzer sounds.""]",test500_ordering/audio/syn_454,audio,temporal reasoning,temporal order,test,"A buzzer sounds, followed by the bleating of an animal.","The animal bleats first, then the buzzer sounds.",test
aha_q_957,aha,What is the temporal structure of this audio clip?,mcq,"The clock ticks first, then the three clangs occur afterward.","[""The clangs happen first, followed by the clock ticking.""]",test500_ordering/audio/syn_455,audio,temporal reasoning,temporal order,test,"A clock ticks, followed by a series of three clangs.","The clangs happen first, followed by the clock ticking.",test
aha_q_958,aha,What is the chronological order of the sound events in this audio?,mcq,"The metallic clang occurs first, followed by three series of bird calls.","[""The bird calls occur first, then the metallic clang.""]",test500_ordering/audio/syn_456,audio,temporal reasoning,temporal order,test,A metallic clang is followed by a series of bird calls occurring three times.,"The bird calls occur first, then the metallic clang.",test
aha_q_959,aha,What is the chronological order of the sound events in this audio?,mcq,"The dog barks three times first, followed by keys jangling.","[""The keys jangling occurs first, then the dog barks three times.""]",test500_ordering/audio/syn_457,audio,temporal reasoning,temporal order,test,"A dog barks three times, followed by the sound of keys jangling.","The keys jangling occurs first, then the dog barks three times.",test
aha_q_960,aha,What is the chronological order of the sound events in this audio?,mcq,"The pig oinks first, then the duck quacks.","[""The duck quacks first, then the pig oinks.""]",test500_ordering/audio/syn_458,audio,temporal reasoning,temporal order,test,"A pig oinks four times, followed by a duck quacking three times.","The duck quacks first, then the pig oinks.",test
aha_q_961,aha,How many times does each sound event occur?,mcq,"The doorbell rings twice, and the emergency vehicle sounds once.","[""The doorbell rings once and the emergency vehicle sounds twice.""]",test500_ordering/audio/syn_46,audio,temporal reasoning,event counting,test,"A doorbell rings twice, followed by the sound of an emergency vehicle.",The doorbell rings once and the emergency vehicle sounds twice.,test
aha_q_962,aha,How many times does each sound event occur?,mcq,"A ding sounds twice, followed by liquid pouring twice.","[""A ding sounds once, then liquid pouring once.""]",test500_ordering/audio/syn_460,audio,temporal reasoning,event counting,test,"A ding sounds twice, followed by the pouring of liquid occurring twice.","A ding sounds once, then liquid pouring once.",test
aha_q_963,aha,What is the chronological order of the sound events in this audio?,mcq,"The baby cries three times first, then the whip cracks once.","[""The whip cracks first, followed by the baby crying several times.""]",test500_ordering/audio/syn_461,audio,temporal reasoning,temporal order,test,"A baby cries three times, followed by the sound of a whip cracking once.","The whip cracks first, followed by the baby crying several times.",test
aha_q_964,aha,How many times does each sound event occur?,mcq,Hiccups occur twice; the water tap sounds once.,"[""Hiccups occur once; the water tap sounds twice.""]",test500_ordering/audio/syn_462,audio,temporal reasoning,event counting,test,"Someone hiccups, followed by a second hiccup, then later a water tap is heard running.",Hiccups occur once; the water tap sounds twice.,test
aha_q_965,aha,What is the first sound event in this audio?,mcq,The first sound event is the cap gun firing.,"[""The first sound event is a person screaming.""]",test500_ordering/audio/syn_463,audio,temporal reasoning,temporal order,test,"A cap gun fires twice, followed by a person screaming.",The first sound event is a person screaming.,test
aha_q_966,aha,Which sound event has the longest duration?,mcq,The lawn mower runs the longest.,"[""The sneeze lasts longer than the lawn mower.""]",test500_ordering/audio/syn_465,audio,temporal reasoning,duration comparison,test,"A sneeze occurs, followed by the sound of a lawn mower running.",The sneeze lasts longer than the lawn mower.,test
aha_q_967,aha,What is the chronological order of the sound events in this audio?,mcq,Whistling then gurgling and bubbling.,"[""Gurgling and bubbling occur first, followed by whistling.""]",test500_ordering/audio/syn_466,audio,temporal reasoning,temporal order,test,"Whistling occurs, followed by the sound of gurgling and bubbling.","Gurgling and bubbling occur first, followed by whistling.",test
aha_q_968,aha,What is the temporal structure of this audio clip?,mcq,"Giggles occur first, then the croak follows.","[""The croak happens before all the giggles.""]",test500_ordering/audio/syn_467,audio,temporal reasoning,temporal order,test,"Someone giggles four times, followed by a single croak.",The croak happens before all the giggles.,test
aha_q_969,aha,What is the temporal structure of this audio clip?,mcq,"The telephone dials three times, then the helicopter sounds.","[""The helicopter sounds first, then the telephone dials three times.""]",test500_ordering/audio/syn_468,audio,temporal reasoning,temporal order,test,"A telephone dials three times, followed by the sound of a helicopter.","The helicopter sounds first, then the telephone dials three times.",test
aha_q_970,aha,How many times does each sound event occur?,mcq,"Groans occur three times, liquid occurs once.","[""Groans occur twice, liquid occurs twice.""]",test500_ordering/audio/syn_469,audio,temporal reasoning,event counting,test,"Someone groans three times, followed by the sound of liquid.","Groans occur twice, liquid occurs twice.",test
aha_q_971,aha,What is the chronological order of the sound events in this audio?,mcq,"Knocking occurs first, followed by two burping sounds.","[""Burping occurs first, then knocking.""]",test500_ordering/audio/syn_47,audio,temporal reasoning,temporal order,test,"Someone knocks twice, followed by two instances of burping.","Burping occurs first, then knocking.",test
aha_q_972,aha,How many times does each sound event occur?,mcq,"The explosion occurs four times, and the bark occurs once.","[""The explosion occurs three times, and the bark occurs twice.""]",test500_ordering/audio/syn_470,audio,temporal reasoning,event counting,test,"An explosion occurs four times, followed by a single instance of a bark.","The explosion occurs three times, and the bark occurs twice.",test
aha_q_973,aha,What is the temporal structure of this audio clip?,mcq,"Spray sounds occur four times, followed by a single thump, thud event.","[""The spray sounds occur twice, then a single thump, then a thud.""]",test500_ordering/audio/syn_471,audio,temporal reasoning,temporal order,test,"Spray sounds occur four times, followed by a single thump, thud event.","The spray sounds occur twice, then a single thump, then a thud.",test
aha_q_974,aha,What is the chronological order of the sound events in this audio?,mcq,"The hum occurs first, then the door slams twice.","[""The door slams first, then the hum occurs, with only one slam.""]",test500_ordering/audio/syn_472,audio,temporal reasoning,temporal order,test,"A hum is heard, followed by a door slamming twice in succession.","The door slams first, then the hum occurs, with only one slam.",test
aha_q_975,aha,What is the temporal structure of this audio clip?,mcq,"The cat meows twice first, then the clanking occurs.","[""The clanking happens first, then the cat meows twice.""]",test500_ordering/audio/syn_473,audio,temporal reasoning,temporal order,test,"A cat meows twice, followed by the clanking of dishes, pots, and pans four times.","The clanking happens first, then the cat meows twice.",test
aha_q_976,aha,What is the temporal structure of this audio clip?,mcq,"A squeak is followed by a sound effect, which then repeats.","[""The sound effect occurs first, then a squeak, which repeats twice.""]",test500_ordering/audio/syn_476,audio,temporal reasoning,temporal order,test,"A squeak occurs, followed by a sound effect, which then repeats once more.","The sound effect occurs first, then a squeak, which repeats twice.",test
aha_q_977,aha,Which sound event has the longest duration?,mcq,The sound of sawing has the longest duration.,"[""The bell rings has the longest duration.""]",test500_ordering/audio/syn_477,audio,temporal reasoning,duration comparison,test,"A bell rings, followed by the sound of sawing.",The bell rings has the longest duration.,test
aha_q_978,aha,What is the first sound event in this audio?,mcq,The first sound event is the dog whimpering.,"[""The first sound event is the lawn mower.""]",test500_ordering/audio/syn_478,audio,temporal reasoning,temporal order,test,"A dog whimpered twice, followed by the sound of a lawn mower.",The first sound event is the lawn mower.,test
aha_q_979,aha,What is the chronological order of the sound events in this audio?,mcq,"The clock ticking occurs first, followed by the jet engine powering up.","[""The jet engine powering up occurs first, followed by the clock ticking.""]",test500_ordering/audio/syn_479,audio,temporal reasoning,temporal order,test,A clock ticking is followed by the sound of a jet engine powering up.,"The jet engine powering up occurs first, followed by the clock ticking.",test
aha_q_980,aha,How many times does each sound event occur?,mcq,Clock ticking twice; dog barking three times.,"[""Clock ticking once, dog barking twice.""]",test500_ordering/audio/syn_48,audio,temporal reasoning,event counting,test,"Clock ticking twice, followed by a dog barking three times.","Clock ticking once, dog barking twice.",test
aha_q_981,aha,What is the chronological order of the sound events in this audio?,mcq,"The sounds occurred in this order: something bit twice, then something tore for an extended time.","[""The audio starts with something tearing for an extended time, followed by something biting twice.""]",test500_ordering/audio/syn_480,audio,temporal reasoning,temporal order,test,"Something bit twice, then later, something tore for an extended time.","The audio starts with something tearing for an extended time, followed by something biting twice.",test
aha_q_982,aha,What is the temporal structure of this audio clip?,mcq,"Bites occur first, then there is a break, followed by two instances of baby laughter.","[""The baby laughs first, then someone bites twice with a break in between.""]",test500_ordering/audio/syn_482,audio,temporal reasoning,temporal order,test,"Someone bites twice, followed by a baby laughing twice with a break in between the laughter.","The baby laughs first, then someone bites twice with a break in between.",test
aha_q_983,aha,What is the chronological order of the sound events in this audio?,mcq,"The mosquito sounds occur first, followed by the water sound.","[""The water is heard first, then the mosquito sounds.""]",test500_ordering/audio/syn_484,audio,temporal reasoning,temporal order,test,"A mosquito is heard twice, followed by the sound of water.","The water is heard first, then the mosquito sounds.",test
aha_q_984,aha,What is the temporal structure of this audio clip?,mcq,The biting sounds are followed by two crunching sounds.,"[""The crunching sounds occur before the biting sounds.""]",test500_ordering/audio/syn_485,audio,temporal reasoning,temporal order,test,"Something bites twice, followed by two crunching sounds.",The crunching sounds occur before the biting sounds.,test
aha_q_985,aha,How many times does each sound event occur?,mcq,Fart occurs once; dog barks twice.,"[""Fart occurs twice; dog barks once.""]",test500_ordering/audio/syn_486,audio,temporal reasoning,event counting,test,"A fart is heard, followed by a dog barking twice.",Fart occurs twice; dog barks once.,test
aha_q_986,aha,How many distinct sound events occur in this sequence?,mcq,Two sound events occur: crying and a mosquito.,"[""Three sound events occur: crying, sobbing, and a mosquito.""]",test500_ordering/audio/syn_487,audio,temporal reasoning,event counting,test,"Someone cried and sobbed, followed by the sound of a mosquito.","Three sound events occur: crying, sobbing, and a mosquito.",test
aha_q_987,aha,What is the first sound event in this audio?,mcq,The first sound event is the whip cracking three times.,"[""The first sound event is the dishes, pots, and pans clanging twice.""]",test500_ordering/audio/syn_488,audio,temporal reasoning,temporal order,test,"A whip cracks three times, followed by dishes, pots, and pans clanging twice.","The first sound event is the dishes, pots, and pans clanging twice.",test
aha_q_988,aha,How many times does each sound event occur?,mcq,Leaves rustle once; buzz occurs three times.,"[""Leaves rustle twice; buzz occurs two times.""]",test500_ordering/audio/syn_489,audio,temporal reasoning,event counting,test,"Leaves rustle, followed by a buzz that occurs three separate times.",Leaves rustle twice; buzz occurs two times.,test
aha_q_989,aha,How many times does each sound event occur?,mcq,Breathing occurs three times; tire squealing and skidding occur once each.,"[""Breathing occurs twice; tire squealing occurs once, and skidding occurs multiple times.""]",test500_ordering/audio/syn_49,audio,temporal reasoning,event counting,test,"Breathing occurs three times, followed by a single instance of tire squealing and skidding.","Breathing occurs twice; tire squealing occurs once, and skidding occurs multiple times.",test
aha_q_990,aha,What is the sequence of sounds from start to finish?,mcq,"The buzz occurs three times, then the baby cries once.","[""The baby cries three times, then the buzz occurs once.""]",test500_ordering/audio/syn_490,audio,temporal reasoning,temporal order,test,"A buzz occurred three times, followed by a baby crying once.","The baby cries three times, then the buzz occurs once.",test
aha_q_991,aha,How many distinct sound events occur in this sequence?,mcq,"Three sound events occur: machine gun, silence, waves and surf.","[""Four sound events occur: machine gun, silence, waves, and wind.""]",test500_ordering/audio/syn_491,audio,temporal reasoning,event counting,test,"A machine gun fires twice, followed by a period of silence, then the sound of waves and surf.","Four sound events occur: machine gun, silence, waves, and wind.",test
aha_q_992,aha,What is the temporal structure of this audio clip?,mcq,Crickets chirp three times then a siren wails.,"[""The siren wails first, then the crickets chirp three times.""]",test500_ordering/audio/syn_492,audio,temporal reasoning,temporal order,test,"Crickets chirp three times, followed by a siren wailing.","The siren wails first, then the crickets chirp three times.",test
aha_q_993,aha,What is the order of the sound events in this audio?,mcq,Someone giggles followed by a hissing noise that happens twice.,"[""Someone giggles and a hissing noise happens three times.""]",test500_ordering/audio/syn_493,audio,temporal reasoning,temporal order,test,"Someone giggles, followed by a hissing noise that happens twice.",Someone giggles and a hissing noise happens three times.,test
aha_q_994,aha,How many times does each sound event occur?,mcq,"The ticking sound occurs twice, and the waterfall occurs once.","[""The ticking sound occurs once, and the waterfall occurs twice.""]",test500_ordering/audio/syn_494,audio,temporal reasoning,event counting,test,"A ticking sound occurs twice, followed by the sound of a waterfall.","The ticking sound occurs once, and the waterfall occurs twice.",test
aha_q_995,aha,What is the temporal structure of this audio clip?,mcq,Doorbell rang three times then rooster crowed once.,"[""Rooster crowed once, then the doorbell rang three times.""]",test500_ordering/audio/syn_495,audio,temporal reasoning,temporal order,test,"The doorbell rang three times, followed by a rooster crowing once.","Rooster crowed once, then the doorbell rang three times.",test
aha_q_996,aha,What is the chronological order of the sound events in this audio?,mcq,"Fireworks burst, then a buzzer sounds twice with a brief pause.","[""The buzzer sounds first, followed by fireworks burst, with no pause.""]",test500_ordering/audio/syn_496,audio,temporal reasoning,temporal order,test,"Fireworks burst, followed by a buzzer sounding twice with a brief pause in between.","The buzzer sounds first, followed by fireworks burst, with no pause.",test
aha_q_997,aha,How many times does each sound event occur?,mcq,The baby laughs three times and the police car siren occurs once.,"[""The baby laughs twice and the police car siren occurs twice.""]",test500_ordering/audio/syn_497,audio,temporal reasoning,event counting,test,"A baby laughs three times, followed by the sound of a police car siren.",The baby laughs twice and the police car siren occurs twice.,test
aha_q_998,aha,How many times does each sound event occur?,mcq,Baby laughs four times; whistles occur twice.,"[""Baby laughs three times; whistles occur once.""]",test500_ordering/audio/syn_498,audio,temporal reasoning,event counting,test,"A baby laughs four times, followed by two whistles.",Baby laughs three times; whistles occur once.,test
aha_q_999,aha,What is the chronological order of the sound events in this audio?,mcq,"Bird sounds are heard first, followed by crying and sobbing.","[""Crying and sobbing occur first, then bird sounds.""]",test500_ordering/audio/syn_499,audio,temporal reasoning,temporal order,test,"Bird sounds are heard, followed by a period of crying and sobbing.","Crying and sobbing occur first, then bird sounds.",test
aha_q_1000,aha,What is the temporal structure of this audio clip?,mcq,"Keyboard taps occur first, then the sound effect occurs twice.","[""The sound effect occurs first, then the keyboard is tapped twice.""]",test500_ordering/audio/syn_5,audio,temporal reasoning,temporal order,test,"A computer keyboard is tapped twice, followed by a sound effect occurring twice.","The sound effect occurs first, then the keyboard is tapped twice.",test
aha_q_1001,aha,What is the temporal structure of this audio clip?,oeq,"Crying and sobbing occurred twice, then a ticking clock.",[],test500_ordering/audio/syn_50,audio,temporal reasoning,temporal order,test,"Crying and sobbing occurred twice, followed by the sound of a ticking clock.","Crying and sobbing occurred twice, then a ticking clock.",test
aha_q_1002,aha,What is the temporal structure of this audio clip?,mcq,Three thumps and thuds followed by a belly laugh.,"[""The belly laugh occurs first, then the thumps and thuds.""]",test500_ordering/audio/syn_500,audio,temporal reasoning,temporal order,test,"A thump and thud occur three times, followed by a single belly laugh.","The belly laugh occurs first, then the thumps and thuds.",test
aha_q_1003,aha,How many times does each sound event occur?,mcq,"Belly laughs occur twice, train horn sounds twice.","[""Belly laughs occur once, train horn sounds once.""]",test500_ordering/audio/syn_51,audio,temporal reasoning,event counting,test,"Someone belly laughs twice, then later, a train horn sounds twice.","Belly laughs occur once, train horn sounds once.",test
aha_q_1004,aha,What is the chronological order of the sound events in this audio?,mcq,"Glass breaking twice, then a chuckle.","[""Glass breaking twice, followed by a single chuckle.""]",test500_ordering/audio/syn_52,audio,temporal reasoning,temporal order,test,"Glass breaking twice, followed by a single chuckle.","Glass breaking twice, followed by a single chuckle.",test
aha_q_1005,aha,What is the chronological order of the sound events in this audio?,mcq,"A groan is heard, followed by another groan, then there's a breaking sound, succeeded by another breaking sound.","[""The audio starts with a breaking sound, then a groan, and finally another groan.""]",test500_ordering/audio/syn_53,audio,temporal reasoning,temporal order,test,"A groan is heard, followed by another groan, then there's a breaking sound, succeeded by another breaking sound.","The audio starts with a breaking sound, then a groan, and finally another groan.",test
aha_q_1006,aha,What is the sequence of sounds from start to finish?,mcq,"Birds chirp and tweet four times, followed by a jackhammer.","[""A jackhammer occurs first, then birds chirp and tweet four times.""]",test500_ordering/audio/syn_54,audio,temporal reasoning,temporal order,test,"Birds chirp and tweet four times, followed by a jackhammer.","A jackhammer occurs first, then birds chirp and tweet four times.",test
aha_q_1007,aha,What is the chronological order of the sound events in this audio?,mcq,"A whistle is heard first, then static occurs four times.","[""The static occurs first, then the whistle.""]",test500_ordering/audio/syn_55,audio,temporal reasoning,temporal order,test,"A whistle is heard, followed by static occurring four times.","The static occurs first, then the whistle.",test
aha_q_1008,aha,What is the temporal structure of this audio clip?,oeq,"Birds chirp and tweet twice, then a baby cries.",[],test500_ordering/audio/syn_56,audio,temporal reasoning,temporal order,test,"Birds chirp and tweet twice, followed by a baby crying once.","Birds chirp and tweet twice, then a baby cries.",test
aha_q_1009,aha,Does groan occur more than once?,mcq,"Yes, the groan occurs twice.","[""No, the groan occurs only once.""]",test500_ordering/audio/syn_57,audio,temporal reasoning,event counting,test,"A groan is heard, followed by another groan, then a sound effect occurs.","No, the groan occurs only once.",test
aha_q_1010,aha,What is the temporal structure of this audio clip?,mcq,"The car horn honks first, then the buzzer sounds twice after a pause.","[""The buzzer sounds first, then the car horn honks, with the buzzer sounding once.""]",test500_ordering/audio/syn_58,audio,temporal reasoning,temporal order,test,"A car horn honks, followed by a buzzer sounding twice with a brief pause in between.","The buzzer sounds first, then the car horn honks, with the buzzer sounding once.",test
aha_q_1011,aha,What is the temporal structure of this audio clip?,mcq,"Hum is followed by chirping and tweeting, then it repeats.","[""The chirping occurs before the hum, and tweeting repeats twice.""]",test500_ordering/audio/syn_59,audio,temporal reasoning,temporal order,test,"A hum is heard, followed by chirping and tweeting, which then repeats once more.","The chirping occurs before the hum, and tweeting repeats twice.",test
aha_q_1012,aha,What is the temporal structure of this audio clip?,mcq,"The clock ticks first, then the lone howl.","[""The lone howl occurs before the clock ticks.""]",test500_ordering/audio/syn_60,audio,temporal reasoning,temporal order,test,"A clock ticks for a few seconds, followed by a lone howl.",The lone howl occurs before the clock ticks.,test
aha_q_1013,aha,What is the chronological order of the sound events in this audio?,mcq,Spray occurs four times followed by a prolonged hiss.,"[""The prolonged hiss occurs first, then the spray happens four times.""]",test500_ordering/audio/syn_61,audio,temporal reasoning,temporal order,test,"A spray occurs four times, followed by a prolonged hiss.","The prolonged hiss occurs first, then the spray happens four times.",test
aha_q_1014,aha,What is the temporal structure of this audio clip?,mcq,"The busy signal occurs first, followed by the noise of a car passing by.","[""The noise of a car passing by occurs first, followed by the busy signal.""]",test500_ordering/audio/syn_62,audio,temporal reasoning,temporal order,test,"A busy signal sounds, followed by the noise of a car passing by.","The noise of a car passing by occurs first, followed by the busy signal.",test
aha_q_1015,aha,How many times does each sound event occur?,mcq,"The frog croaks four times, and the whip is cracked twice.","[""The frog croaks three times, and the whip is cracked once.""]",test500_ordering/audio/syn_63,audio,temporal reasoning,event counting,test,"A frog croaks four times, followed by the sound of a whip being cracked twice.","The frog croaks three times, and the whip is cracked once.",test
aha_q_1016,aha,How many times does each sound event occur?,mcq,"The jackhammer occurs twice, and the beep occurs once.","[""The jackhammer occurs once, and the beep occurs twice.""]",test500_ordering/audio/syn_64,audio,temporal reasoning,event counting,test,"A jackhammer operates twice, followed by the sound of a beep.","The jackhammer occurs once, and the beep occurs twice.",test
aha_q_1017,aha,How many times does each sound event occur?,mcq,"Explosion occurs twice, rooster crowing occurs twice.","[""Explosion occurs once, rooster crowing occurs twice.""]",test500_ordering/audio/syn_65,audio,temporal reasoning,event counting,test,"An explosion occurs twice, followed by a rooster crowing twice.","Explosion occurs once, rooster crowing occurs twice.",test
aha_q_1018,aha,What is the temporal structure of this audio clip?,mcq,"Alarm sounds first, then chirping and tweeting follow.","[""The alarm sounds after the chirping and tweeting.""]",test500_ordering/audio/syn_66,audio,temporal reasoning,temporal order,test,"An alarm sounds four times, followed by two instances of chirping and tweeting.",The alarm sounds after the chirping and tweeting.,test
aha_q_1019,aha,How many times does each sound event occur?,mcq,The duck quacks four times and there are two whistling events.,"[""The duck quacks three times and there are three whistling events.""]",test500_ordering/audio/syn_67,audio,temporal reasoning,event counting,test,"A duck quacks four times, followed by two separate whistling events.",The duck quacks three times and there are three whistling events.,test
aha_q_1020,aha,What is the chronological order of the sound events in this audio?,mcq,"The cat meowed twice first, then the rain on a surface.","[""The rain on a surface occurred first, followed by the cat meowing twice.""]",test500_ordering/audio/syn_68,audio,temporal reasoning,temporal order,test,"A cat meowed twice, followed by the sound of rain on a surface.","The rain on a surface occurred first, followed by the cat meowing twice.",test
aha_q_1021,aha,How many distinct sound events occur in this sequence?,mcq,"Three distinct sound events occur: silence, silence, and tearing.","[""Two distinct sound events occur: silence and tearing.""]",test500_ordering/audio/syn_69,audio,temporal reasoning,event counting,test,"A silence occurred, followed by another silence, then tearing was heard.",Two distinct sound events occur: silence and tearing.,test
aha_q_1022,aha,What is the chronological order of the sound events in this audio?,mcq,"Clanging occurs three times, then a dial tone occurs twice.","[""The audio starts with a dial tone, followed by three clangings.""]",test500_ordering/audio/syn_7,audio,temporal reasoning,temporal order,test,"Clanging occurs three times, followed by a dial tone twice.","The audio starts with a dial tone, followed by three clangings.",test
aha_q_1023,aha,How many distinct sound events occur in this sequence?,mcq,There are two distinct sound events: bell dings and snoring.,"[""There are three distinct sound events: bell dings, sneezing, and snoring.""]",test500_ordering/audio/syn_70,audio,temporal reasoning,event counting,test,"A bell dings four times, followed by two instances of snoring.","There are three distinct sound events: bell dings, sneezing, and snoring.",test
aha_q_1024,aha,What is the temporal structure of this audio clip?,mcq,Horse neighs then breathing.,"[""Breathing then horse neighs.""]",test500_ordering/audio/syn_71,audio,temporal reasoning,temporal order,test,"A horse neighs three times, followed by a single instance of someone breathing.",Breathing then horse neighs.,test
aha_q_1025,aha,What is the chronological order of the sound events in this audio?,mcq,"Glass shatters, then a horse neighs and whinnies twice.","[""The horse neighs twice, then glass shatters twice.""]",test500_ordering/audio/syn_72,audio,temporal reasoning,temporal order,test,Glass shatters twice followed by a horse neighing and whinnying twice.,"The horse neighs twice, then glass shatters twice.",test
aha_q_1026,aha,What is the temporal structure of this audio clip?,mcq,"The telephone bell rings first, then the drill operates intermittently three times.","[""The drill operates first, then the telephone bell rings.""]",test500_ordering/audio/syn_73,audio,temporal reasoning,temporal order,test,"A telephone bell rings, followed by a drill operating intermittently three times.","The drill operates first, then the telephone bell rings.",test
aha_q_1027,aha,What is the chronological order of the sound events in this audio?,mcq,"The jangle occurs first, followed by the spray sound, which happens again shortly after.","[""The spray sound occurs first, then the jangle, which happens again later.""]",test500_ordering/audio/syn_74,audio,temporal reasoning,temporal order,test,"Keys jangle, followed by a spray sound, which occurs again shortly after.","The spray sound occurs first, then the jangle, which happens again later.",test
aha_q_1028,aha,What is the chronological order of the sound events in this audio?,mcq,"The goat bleats three times, then the door slams once.","[""The door slams first, then the goat bleats three times.""]",test500_ordering/audio/syn_75,audio,temporal reasoning,temporal order,test,"A goat bleats three times, followed by a door slamming once.","The door slams first, then the goat bleats three times.",test
aha_q_1029,aha,What is the temporal structure of this audio clip?,mcq,"The dog barks first, then the three thumping sounds follow.","[""The series starts with the thumping sounds, then the dog barks.""]",test500_ordering/audio/syn_76,audio,temporal reasoning,temporal order,test,"A dog barks, followed by a series of three thumping sounds.","The series starts with the thumping sounds, then the dog barks.",test
aha_q_1030,aha,What is the chronological order of the sound events in this audio?,mcq,"Laughter occurs first, then the jackhammer starts, and finally, the jackhammer stops.","[""The jackhammer starts first, then the laughter, and it stops afterwards.""]",test500_ordering/audio/syn_77,audio,temporal reasoning,temporal order,test,"Laughter begins and ceases, followed by the sound of a jackhammer starting and stopping.","The jackhammer starts first, then the laughter, and it stops afterwards.",test
aha_q_1031,aha,What is the chronological order of the sound events in this audio?,mcq,"Water splashes occur first, then the aircraft engine runs.","[""The aircraft engine runs first, followed by water splashes.""]",test500_ordering/audio/syn_78,audio,temporal reasoning,temporal order,test,"Water splashes four times, then aircraft engine runs.","The aircraft engine runs first, followed by water splashes.",test
aha_q_1032,aha,How many times does each sound event occur?,mcq,"Laughter occurs twice, rumble occurs once.","[""Laughter occurs once, rumble occurs twice.""]",test500_ordering/audio/syn_79,audio,temporal reasoning,event counting,test,"Laughter occurs twice, followed by a prolonged rumble.","Laughter occurs once, rumble occurs twice.",test
aha_q_1033,aha,What is the temporal structure of this audio clip?,mcq,"Gunshots are heard first, followed by a baby laughing.","[""The baby laughing occurs before the gunshots, which are heard twice.""]",test500_ordering/audio/syn_8,audio,temporal reasoning,temporal order,test,"Gunshots were heard twice, followed by a baby laughing four times.","The baby laughing occurs before the gunshots, which are heard twice.",test
aha_q_1034,aha,Which sound event has the longest duration?,mcq,The water tap running has the longest duration.,"[""The horse neighed has the longest duration.""]",test500_ordering/audio/syn_80,audio,temporal reasoning,duration comparison,test,"A horse neighed and whinnied, followed by the sound of a water tap running.",The horse neighed has the longest duration.,test
aha_q_1035,aha,How many times does each sound event occur?,mcq,"Someone snores twice, then chirping and tweeting occur.","[""Someone snores once, then chirping and tweeting occur.""]",test500_ordering/audio/syn_81,audio,temporal reasoning,event counting,test,"Someone snores twice, followed by a pause, and then a chirping and tweeting sound is heard.","Someone snores once, then chirping and tweeting occur.",test
aha_q_1036,aha,What is the chronological order of the sound events in this audio?,mcq,"The dog barks three times first, then the door slams twice.","[""The door slams first, followed by three dog barks.""]",test500_ordering/audio/syn_82,audio,temporal reasoning,temporal order,test,"A dog barks three times, followed by two instances of a door slamming.","The door slams first, followed by three dog barks.",test
aha_q_1037,aha,What is the chronological order of the sound events in this audio?,mcq,"A hiss occurs twice, then later there is a single clang.","[""The hiss occurs once, followed by a single clang, with no other sounds.""]",test500_ordering/audio/syn_83,audio,temporal reasoning,temporal order,test,"A hiss occurs twice, then later there is a single clang.","The hiss occurs once, followed by a single clang, with no other sounds.",test
aha_q_1038,aha,What is the chronological order of the sound events in this audio?,mcq,"The buzzer sounds first, then three instances of gunfire follow.","[""The three gunfire sounds come first, then the buzzer sounds.""]",test500_ordering/audio/syn_84,audio,temporal reasoning,temporal order,test,"A buzzer sounds, followed by three separate instances of gunfire.","The three gunfire sounds come first, then the buzzer sounds.",test
aha_q_1039,aha,How many times does each sound event occur?,mcq,"Groans occur four times, and oink occurs once.","[""Groans occur three times, and oink occurs twice.""]",test500_ordering/audio/syn_85,audio,temporal reasoning,event counting,test,"A groan is heard four times, followed by a single oink.","Groans occur three times, and oink occurs twice.",test
aha_q_1040,aha,What is the temporal structure of this audio clip?,mcq,"The female sings twice, then a busy signal.","[""The busy signal occurs before the female sings twice.""]",test500_ordering/audio/syn_86,audio,temporal reasoning,temporal order,test,"A female sings twice, followed by a busy signal.",The busy signal occurs before the female sings twice.,test
aha_q_1041,aha,What is the temporal structure of this audio clip?,mcq,"The cap gun fires three times first, then two shouts occur afterward.","[""The two shouts happen before the cap gun fires.""]",test500_ordering/audio/syn_87,audio,temporal reasoning,temporal order,test,"A cap gun fires three times, followed by two shouts.",The two shouts happen before the cap gun fires.,test
aha_q_1042,aha,How many times does each sound event occur?,mcq,There are two ticking sounds and two sanding sounds.,"[""There is one ticking sound and three sanding sounds.""]",test500_ordering/audio/syn_88,audio,temporal reasoning,event counting,test,"A ticking sound occurs twice, followed by sanding sounds that also happen twice.",There is one ticking sound and three sanding sounds.,test
aha_q_1043,aha,What is the temporal structure of this audio clip?,mcq,"The first four sounds are screams, followed by a fart.","[""The audio starts with a fart sound, then four screams.""]",test500_ordering/audio/syn_89,audio,temporal reasoning,temporal order,test,"Someone screams four times, followed by a single fart sound.","The audio starts with a fart sound, then four screams.",test
aha_q_1044,aha,What is the chronological order of the sound events in this audio?,mcq,Dog whimpers then keys jangling.,"[""Keys jangling then dog whimpers.""]",test500_ordering/audio/syn_9,audio,temporal reasoning,temporal order,test,"A dog whimpers four times, followed by the sound of keys jangling.",Keys jangling then dog whimpers.,test
aha_q_1045,aha,What is the temporal structure of this audio clip?,mcq,"Someone clears their throat twice, then bites.","[""Someone clears their throat once, then bites twice.""]",test500_ordering/audio/syn_90,audio,temporal reasoning,temporal order,test,"Someone clears their throat twice, followed by a single instance of biting.","Someone clears their throat once, then bites twice.",test
aha_q_1046,aha,What is the order of sound events in this audio?,mcq,"The dog barks first, then the four hammering sounds follow.","[""The dog barks after the hammering sounds.""]",test500_ordering/audio/syn_91,audio,temporal reasoning,temporal order,test,"A dog barks, followed by four successive hammering sounds.",The dog barks after the hammering sounds.,test
aha_q_1047,aha,What is the temporal structure of this audio clip?,mcq,"The dog barks three times first, then the ship horn sounds.","[""The ship horn sounds first, then the dog barks three times.""]",test500_ordering/audio/syn_92,audio,temporal reasoning,temporal order,test,"A dog barks three times, followed by a ship horn sounding.","The ship horn sounds first, then the dog barks three times.",test
aha_q_1048,aha,Which sound event has the longest duration?,mcq,The thumping sounds have the longest duration.,"[""The ding has the longest duration.""]",test500_ordering/audio/syn_93,audio,temporal reasoning,duration comparison,test,"A series of four thumping sounds occurs, followed by a single ding.",The ding has the longest duration.,test
aha_q_1049,aha,How many times does each sound event occur?,mcq,"The whistle sounds twice, and the civil defense siren occurs once.","[""The whistle sounds once, followed by two civil defense sirens.""]",test500_ordering/audio/syn_94,audio,temporal reasoning,event counting,test,"The whistle sounds twice, followed by a civil defense siren.","The whistle sounds once, followed by two civil defense sirens.",test
aha_q_1050,aha,What is the temporal structure of this audio clip?,mcq,"The person shouts, then pauses, shouts again, then silent, followed by a quack.","[""The person shouts twice with a quack in between, then silent.""]",test500_ordering/audio/syn_95,audio,temporal reasoning,temporal order,test,"Someone shouts, is briefly silent, shouts again, followed by a period of silence before a single quack is heard.","The person shouts twice with a quack in between, then silent.",test
aha_q_1051,aha,What is the temporal structure of this audio clip?,mcq,"Someone chuckles and chortles, followed by a dial tone.","[""The dial tone occurs before the chuckles and chortles.""]",test500_ordering/audio/syn_96,audio,temporal reasoning,temporal order,test,"Someone chuckles and chortles, followed by a dial tone.",The dial tone occurs before the chuckles and chortles.,test
aha_q_1052,aha,What is the chronological order of the sound events in this audio?,mcq,"Someone laughed, then chuckled twice.","[""Someone laughed, then sneezed twice.""]",test500_ordering/audio/syn_97,audio,temporal reasoning,temporal order,test,"Someone laughed, followed by two separate occasions of chuckling or chortling.","Someone laughed, then sneezed twice.",test
aha_q_1053,aha,What is the temporal structure of this audio clip?,mcq,"The telephone dials twice, then glass shattering occurs.","[""The glass shattering happens before the telephone dials.""]",test500_ordering/audio/syn_98,audio,temporal reasoning,temporal order,test,"A telephone dials twice, followed by the sound of glass shattering.",The glass shattering happens before the telephone dials.,test
aha_q_1054,aha,What is the first sound event in this audio?,mcq,The first sound event is fireworks burst twice.,"[""The first sound event is a clock beginning to tick, followed by fireworks.""]",test500_ordering/audio/syn_99,audio,temporal reasoning,temporal order,test,"Fireworks burst twice, followed by a period of silence before a clock begins ticking.","The first sound event is a clock beginning to tick, followed by fireworks.",test
aha_q_1055,aha,How many distinct sound events occur in this sequence?,mcq,Two distinct sound events occur.,"[""Three sound events occur.""]",test500_timestamp/audio/syn_1,audio,temporal reasoning,event counting,test,"An electric shaver buzzes from 1.056 to 5.158 seconds, followed by a jackhammer pounding from 7.66 to 10 seconds.",Three sound events occur.,test
aha_q_1056,aha,What is the chronological order of the sound events in this audio?,mcq,"The cap gun fires twice first, then the door sound occurs.","[""The door sound happens first, then the cap gun fires twice.""]",test500_timestamp/audio/syn_10,audio,temporal reasoning,temporal order,test,"A cap gun fires from 1.045 to 1.438 seconds and again from 2.46 to 2.775 seconds, followed by a door sound from 4.91 to 5.288 seconds.","The door sound happens first, then the cap gun fires twice.",test
aha_q_1057,aha,How many distinct sound events occur in this sequence?,mcq,Three sound events occur.,"[""Two sound events occur.""]",test500_timestamp/audio/syn_100,audio,temporal reasoning,event counting,test,"A thump, thud occurs from 1.694 to 2.292 seconds, followed by explosions from 4.565 to 6.179 and 7.406 to 9.02 seconds.",Two sound events occur.,test
aha_q_1058,aha,What is the temporal structure of this audio clip?,mcq,"A yip occurs, then a baby crying.","[""A baby crying occurs, then a yip.""]",test500_timestamp/audio/syn_105,audio,temporal reasoning,temporal order,test,"A yip occurs from 1.631 to 2.899 seconds and again from 4.025 to 5.293 seconds, followed by a baby crying from 6.573 to 9.205 seconds.","A baby crying occurs, then a yip.",test
aha_q_1059,aha,What is the chronological order of the sound events in this audio?,mcq,"The electric shaver buzzes first, then the cricket chirping.","[""The cricket chirping occurs first, followed by the electric shaver buzzes.""]",test500_timestamp/audio/syn_112,audio,temporal reasoning,temporal order,test,"An electric shaver buzzes from 1.699 to 5.801 seconds, followed by a cricket chirping from 8.557 to 8.772 seconds.","The cricket chirping occurs first, followed by the electric shaver buzzes.",test
aha_q_1060,aha,How many times does thunder occur?,mcq,Thunder occurs twice.,"[""Thunder occurs once.""]",test500_timestamp/audio/syn_113,audio,temporal reasoning,event counting,test,Thunder rumbles from 1.237 to 5.925 seconds and then again from 6.438 to 10.0 seconds.,Thunder occurs once.,test
aha_q_1061,aha,What is the temporal structure of this audio clip?,mcq,"Knocking occurs first, then a dental drill sound follows.","[""The dental drill sound occurs before the knocking sounds.""]",test500_timestamp/audio/syn_115,audio,temporal reasoning,temporal order,test,"A knocking occurs from 1.746 to 3.793 seconds and again from 5.157 to 6.015 seconds, followed by a dental drill sound from 7.397 to 10 seconds.",The dental drill sound occurs before the knocking sounds.,test
aha_q_1062,aha,How many times does each sound event occur?,mcq,The throat clearing occurs once; the telephone rings twice.,"[""The throat clearing occurs twice; the telephone rings once.""]",test500_timestamp/audio/syn_119,audio,temporal reasoning,event counting,test,"A throat clearing occurs from 1.671 to 2.754 seconds, and a telephone rings twice, first from 5.518 to 6.794 seconds and then from 7.742 to 10.0 seconds.",The throat clearing occurs twice; the telephone rings once.,test
aha_q_1063,aha,How many distinct sound events occur in this sequence?,mcq,Two sound events occur.,"[""Three sound events occur.""]",test500_timestamp/audio/syn_120,audio,temporal reasoning,event counting,test,"An explosion occurs from 0.947 to 2.561 seconds, and then breaking sounds are heard from 4.368 to 5.790 seconds.",Three sound events occur.,test
aha_q_1064,aha,What is the temporal structure of this audio clip?,mcq,"Female singing occurs in two segments: first from 2.358 to 5.563 seconds, then from 6.335 to 8.588 seconds.","[""The female singing starts at 2.358 seconds and continues until 8.588 seconds.""]",test500_timestamp/audio/syn_121,audio,temporal reasoning,temporal order,test,"A female begins singing at 2.358 seconds and stops at 5.563 seconds, then resumes at 6.335 seconds and ends at 8.588 seconds.",The female singing starts at 2.358 seconds and continues until 8.588 seconds.,test
aha_q_1065,aha,What is the chronological order of the sound events in this audio?,mcq,"The whip cracks first, then the door opens/closes.","[""The door opens/closes first, then the whip cracks.""]",test500_timestamp/audio/syn_126,audio,temporal reasoning,temporal order,test,"A whip cracks twice, first from 0.863 to 1.493 seconds and then from 2.164 to 2.61 seconds; a door opens or closes twice, heard from 5.185 to 5.563 seconds and again from 6.526 to 6.904 seconds.","The door opens/closes first, then the whip cracks.",test
aha_q_1066,aha,What is the chronological order of the sound events in this audio?,mcq,"The vehicle horn honks first, then the baby laughs twice.","[""The baby laughs twice first, then the vehicle horn honks.""]",test500_timestamp/audio/syn_128,audio,temporal reasoning,temporal order,test,"A vehicle horn honks from 1.004 to 1.996 seconds, followed by baby laughter twice, from 4.261 to 5.26 and 5.799 to 7.796 seconds.","The baby laughs twice first, then the vehicle horn honks.",test
aha_q_1067,aha,What is the temporal structure of this audio clip?,oeq,"Dial tone, then yip.",[],test500_timestamp/audio/syn_130,audio,temporal reasoning,temporal order,test,"A dial tone occurs from 0.856 to 2.84 seconds and again from 4.337 to 5.609 seconds, followed by a yip from 8.332 to 9.6 seconds.","Dial tone, then yip.",test
aha_q_1068,aha,What is the temporal structure of this audio clip?,mcq,"Laughter occurs first, then the lawn mower.","[""The lawn mower occurs first, then the laughter.""]",test500_timestamp/audio/syn_131,audio,temporal reasoning,temporal order,test,"Laughter occurs from 0.769 to 1.659 seconds, followed by a lawn mower from 4.213 to 10 seconds.","The lawn mower occurs first, then the laughter.",test
aha_q_1069,aha,What is the chronological order of the sound events in this audio?,mcq,"The cat meows first, then again, followed by whistling.","[""The cat meows, then whistling, then again a different cat sound.""]",test500_timestamp/audio/syn_135,audio,temporal reasoning,temporal order,test,"A cat meows from 2.083 to 3.175 seconds and again from 4.528 to 5.426 seconds, followed by whistling from 7.866 to 8.401 seconds.","The cat meows, then whistling, then again a different cat sound.",test
aha_q_1070,aha,What is the chronological order of the sound events in this audio?,mcq,Buzzer then water tap.,"[""Water tap then buzzer.""]",test500_timestamp/audio/syn_139,audio,temporal reasoning,temporal order,test,"A buzzer sounds from 1.635 to 3.047 seconds and again from 3.985 to 4.751 seconds, followed by a water tap from 6.82 to 10 seconds.",Water tap then buzzer.,test
aha_q_1071,aha,What is the chronological order of the sound events in this audio?,mcq,"The oink occurs first, then the slams follow.","[""The slams happen first, then the oink.""]",test500_timestamp/audio/syn_141,audio,temporal reasoning,temporal order,test,"An oink occurs from 2.082 to 2.381 seconds, followed by slams at 3.558 to 4.678 seconds and 5.885 to 6.434 seconds.","The slams happen first, then the oink.",test
aha_q_1072,aha,What is the temporal structure of this audio clip?,mcq,"Spray hisses occur three times, then continuous waves roll from 5.917 to 10 seconds.","[""Continuous waves roll first, then spray hisses happen three times.""]",test500_timestamp/audio/syn_143,audio,temporal reasoning,temporal order,test,"Spray hisses thrice, then continuous waves roll from 5.917 to 10 seconds.","Continuous waves roll first, then spray hisses happen three times.",test
aha_q_1073,aha,What is the chronological order of the sound events in this audio?,mcq,"Bell rings, then sneeze.","[""The sneeze occurs before the bell rings.""]",test500_timestamp/audio/syn_150,audio,temporal reasoning,temporal order,test,"A bell rings from 1.221 to 1.683 seconds, again from 2.355 to 4.878 seconds, followed by a sneeze from 7.724 to 8.559 seconds.",The sneeze occurs before the bell rings.,test
aha_q_1074,aha,What is the temporal structure of this audio clip?,mcq,"A sneeze occurs first, followed by a steam whistle.","[""The steam whistle occurs before the sneeze in the audio.""]",test500_timestamp/audio/syn_152,audio,temporal reasoning,temporal order,test,"A sneeze occurs from 1.463 to 2.377 seconds, followed by a steam whistle lasting from 3.878 to 10 seconds.",The steam whistle occurs before the sneeze in the audio.,test
aha_q_1075,aha,How many times does each sound event occur?,mcq,"Air horn sounds twice, hiccup once.","[""Air horn sounds once, hiccup twice.""]",test500_timestamp/audio/syn_155,audio,temporal reasoning,event counting,test,"An air horn sounds at 1.429 to 3.879 seconds and again at 4.916 to 7.366 seconds, followed by a hiccup at 9.099 to 9.418 seconds.","Air horn sounds once, hiccup twice.",test
aha_q_1076,aha,What is the chronological order of the sound events in this audio?,mcq,"The toilet flush occurs first, then the rumble.","[""The rumble occurs first, then the toilet flush.""]",test500_timestamp/audio/syn_157,audio,temporal reasoning,temporal order,test,"A toilet flush occurs from 1.616 to 4.458 seconds, followed by a rumble between 6.044 and 10 seconds.","The rumble occurs first, then the toilet flush.",test
aha_q_1077,aha,What is the temporal structure of this audio clip?,mcq,"Glass shatters twice, followed by a waterfall sound.","[""The waterfall sound occurs first, then glass shatters.""]",test500_timestamp/audio/syn_16,audio,temporal reasoning,temporal order,test,"Glass shatters briefly at 1.382 to 2.369 seconds and again at 3.76 to 4.747 seconds, followed by a waterfall from 6.682 to 10 seconds.","The waterfall sound occurs first, then glass shatters.",test
aha_q_1078,aha,What is the temporal structure of this audio clip?,mcq,"Biting occurs first, then filing.","[""The filing sound occurs before the biting.""]",test500_timestamp/audio/syn_160,audio,temporal reasoning,temporal order,test,"Biting occurs from 1.469 to 2.358 seconds, followed by the sound of filing (rasp) from 4.091 to 6.531 seconds.",The filing sound occurs before the biting.,test
aha_q_1079,aha,What is the sequence of sounds from start to finish?,mcq,"A knock occurs first, followed by an emergency vehicle.","[""An emergency vehicle occurs first, followed by a knock.""]",test500_timestamp/audio/syn_161,audio,temporal reasoning,temporal order,test,"A knock occurs from 1.119 to 1.322 seconds, then an emergency vehicle from 2.651 to 10 seconds.","An emergency vehicle occurs first, followed by a knock.",test
aha_q_1080,aha,What is the temporal structure of this audio clip?,mcq,"A plop occurs at the beginning, followed by waves later.","[""The waves are heard before the plops in the audio.""]",test500_timestamp/audio/syn_162,audio,temporal reasoning,temporal order,test,"A plop is heard from 1.389 to 1.617 seconds and again from 2.131 to 2.536 seconds, followed by waves from 4.805 to 9.238 seconds.",The waves are heard before the plops in the audio.,test
aha_q_1081,aha,How many distinct sound events occur in this sequence?,mcq,Two sound events occur in this sequence.,"[""Three sound events occur in this sequence.""]",test500_timestamp/audio/syn_168,audio,temporal reasoning,event counting,test,"An oink is heard from 1.255 to 2.767 seconds, followed by an emergency vehicle from 4.681 to 10 seconds.",Three sound events occur in this sequence.,test
aha_q_1082,aha,What is the temporal structure of this audio clip?,mcq,"Snoring occurs first, then rain starts afterward.","[""Rain occurs before the snoring.""]",test500_timestamp/audio/syn_171,audio,temporal reasoning,temporal order,test,"Snoring occurs from 0.758 to 1.986 seconds and again from 2.776 to 3.851 seconds, followed by rain from 4.998 to 10 seconds.",Rain occurs before the snoring.,test
aha_q_1083,aha,What is the temporal structure of this audio clip?,mcq,Fireworks erupt three times in sequence.,"[""Fireworks erupt twice in the audio.""]",test500_timestamp/audio/syn_173,audio,temporal reasoning,temporal order,test,"Fireworks erupt from 0.724 to 2.841 seconds, then again from 3.558 to 5.675 seconds, and from 6.468 to 8.585 seconds.",Fireworks erupt twice in the audio.,test
aha_q_1084,aha,How many times does each sound event occur in this sequence?,mcq,"The sewing machine runs once, and the gunshots occur twice.","[""The sewing machine runs twice, and the gunshots occur once.""]",test500_timestamp/audio/syn_175,audio,temporal reasoning,event counting,test,"A sewing machine runs from 1.382 to 3.539 seconds, followed by gunshots at 5.601 to 7.042 and 8.077 to 9.195 seconds.","The sewing machine runs twice, and the gunshots occur once.",test
aha_q_1085,aha,Which sound event has the longest duration?,mcq,The fireworks have the longest duration.,"[""The fireworks have the shortest duration.""]",test500_timestamp/audio/syn_176,audio,temporal reasoning,duration comparison,test,"Fireworks erupt from 2.054 to 2.785 seconds and again from 3.488 to 5.631 seconds, followed by a howl from 7.008 to 9.433 seconds.",The fireworks have the shortest duration.,test
aha_q_1086,aha,How many times does each sound event occur?,mcq,"Telephone dialing occurs twice, and clanking dishes occur once.","[""Telephone dialing occurs twice, and clanking dishes occur twice.""]",test500_timestamp/audio/syn_177,audio,temporal reasoning,event counting,test,"A telephone dialing sequence occurs from 1.478 to 1.691 seconds and again from 2.982 to 3.195 seconds, followed by clanking dishes from 5.009 to 5.317 seconds.","Telephone dialing occurs twice, and clanking dishes occur twice.",test
aha_q_1087,aha,How many times does each sound event occur?,mcq,"The oink occurs twice, and the telephone bell rings once.","[""The oink occurs three times, and the telephone bell rings twice.""]",test500_timestamp/audio/syn_178,audio,temporal reasoning,event counting,test,"An oink occurs from 1.301 to 2.642 seconds and again from 4.101 to 4.408 seconds, followed by a telephone bell ringing from 5.888 to 8.109 seconds.","The oink occurs three times, and the telephone bell rings twice.",test
aha_q_1088,aha,What is the chronological order of the sound events in this audio?,mcq,"The dog whimpers first, then the cowbell.","[""The cowbell occurs first, then the dog whimpers.""]",test500_timestamp/audio/syn_183,audio,temporal reasoning,temporal order,test,"A dog whimpers from 1.09 to 1.995 seconds and from 2.802 to 3.377 seconds, followed by a cowbell from 5.246 to 9.553 seconds.","The cowbell occurs first, then the dog whimpers.",test
aha_q_1089,aha,How many distinct sound events occur in this sequence?,mcq,Two sound events occur: a doorbell and a helicopter.,"[""Three sound events occur: a doorbell, a motorcycle, and a helicopter.""]",test500_timestamp/audio/syn_185,audio,temporal reasoning,event counting,test,"A doorbell rings from 1.394 to 2.376 seconds, then a helicopter is heard from 3.825 to 7.368 seconds.","Three sound events occur: a doorbell, a motorcycle, and a helicopter.",test
aha_q_1090,aha,How many times does each sound event occur?,mcq,"Sawing occurs twice, the groan occurs once.","[""Sawing occurs once, the groan occurs twice.""]",test500_timestamp/audio/syn_186,audio,temporal reasoning,event counting,test,"Sawing occurs from 1.374 to 2.697 seconds and again from 3.756 to 5.079 seconds, followed by a groan from 7.324 to 8.534 seconds.","Sawing occurs once, the groan occurs twice.",test
aha_q_1091,aha,Does tire squeal occur more than once?,mcq,"Yes, tire squeal occurs twice.","[""No, tire squeal occurs only once.""]",test500_timestamp/audio/syn_188,audio,temporal reasoning,event counting,test,"A tire squeals and skids first from 1.008 to 5.567 seconds, then again from 6.089 to 8.468 seconds.","No, tire squeal occurs only once.",test
aha_q_1092,aha,How many times does the sewing machine occur?,mcq,The sewing machine occurs twice.,"[""The sewing machine occurs once.""]",test500_timestamp/audio/syn_19,audio,temporal reasoning,event counting,test,"A sewing machine runs from 1.368 to 6.43 seconds, then again from 7.297 to 9.454 seconds.",The sewing machine occurs once.,test
aha_q_1093,aha,How many times does each sound event occur?,mcq,The fire alarm sounds twice.,"[""The fire alarm sounds once.""]",test500_timestamp/audio/syn_192,audio,temporal reasoning,event counting,test,"A fire alarm sounds twice, first from 1.21 to 6.409 seconds and then from 7.29 to 9.644 seconds.",The fire alarm sounds once.,test
aha_q_1094,aha,How many distinct sound events occur in this sequence?,mcq,Two sound events occur.,"[""Three sound events occur.""]",test500_timestamp/audio/syn_194,audio,temporal reasoning,event counting,test,"A spray occurs from 1.757 to 2.48 seconds, followed by an aircraft engine from 4.576 to 10.0 seconds.",Three sound events occur.,test
aha_q_1095,aha,How many times does each sound event occur?,mcq,"The cat meows twice, the typewriter keys clack once, and the series of beeps occurs twice.","[""The cat meows three times, the typewriter keys clack twice, and the beeps happen three times.""]",test500_timestamp/audio/syn_195,audio,temporal reasoning,event counting,test,"A cat meows twice, from 1.025 to 1.82 seconds and again from 2.992 to 3.693 seconds, typewriter keys clack from 5.517 to 6.965 seconds, and a series of beeps occurs, first from 8.272 to 8.734 seconds and then from 9.29 to 9.518 seconds.","The cat meows three times, the typewriter keys clack twice, and the beeps happen three times.",test
aha_q_1096,aha,What is the chronological order of the sound events in this audio?,mcq,"The water tap runs first, followed by the ticking sound.","[""The ticking sound occurs first, then the water tap runs.""]",test500_timestamp/audio/syn_20,audio,temporal reasoning,temporal order,test,"A water tap or faucet runs from 1.364 to 5.694 seconds, followed by a ticking sound from 6.84 to 7.391 seconds.","The ticking sound occurs first, then the water tap runs.",test
aha_q_1097,aha,What is the chronological order of the sound events in this audio?,mcq,"The spray activates first from 1.418 to 5.023 seconds, then again from 6.482 to 7.205 seconds.","[""The spray activates first from 1.418 to 5.023 seconds, then from 6.482 to 7.205 seconds.""]",test500_timestamp/audio/syn_200,audio,temporal reasoning,temporal order,test,"A spray is activated twice, first from 1.418 to 5.023 seconds and then from 6.482 to 7.205 seconds.","The spray activates first from 1.418 to 5.023 seconds, then from 6.482 to 7.205 seconds.",test
aha_q_1098,aha,How many times does each sound event occur?,mcq,"The shout occurs three times, and tearing occurs once.","[""The shout occurs twice, and tearing occurs twice.""]",test500_timestamp/audio/syn_202,audio,temporal reasoning,event counting,test,"A shout occurs from 1.219 to 1.879 seconds, again from 2.513 to 3.173 seconds, and then from 4.403 to 5.063 seconds, followed by the sound of tearing from 6.273 to 8.571 seconds.","The shout occurs twice, and tearing occurs twice.",test
aha_q_1099,aha,What is the chronological order of the sound events in this audio?,mcq,Yip then bird.,"[""Bird then yip.""]",test500_timestamp/audio/syn_205,audio,temporal reasoning,temporal order,test,"A yip occurs from 1.05 to 2.318 seconds and again from 2.897 to 4.165 seconds, followed by a bird from 5.57 to 8.523 seconds.",Bird then yip.,test
aha_q_1100,aha,How many times does the child sing?,mcq,The child sings twice.,"[""The child sings once.""]",test500_timestamp/audio/syn_209,audio,temporal reasoning,event counting,test,"A child starts singing at 2.31 seconds and stops at 4.523 seconds, then resumes at 5.766 seconds until 7.979 seconds.",The child sings once.,test
aha_q_1101,aha,What is the temporal structure of this audio clip?,mcq,"The thump and thud occur first, followed by the train whistle.","[""The train whistle occurs first, then the thump and thud.""]",test500_timestamp/audio/syn_210,audio,temporal reasoning,temporal order,test,"A thump and thud occur from 1.804 to 2.402 seconds, followed by a train whistle from 4.293 to 6.859 seconds.","The train whistle occurs first, then the thump and thud.",test
aha_q_1102,aha,How many distinct sound events occur in this sequence?,mcq,Two sound events occur.,"[""Three sound events occur.""]",test500_timestamp/audio/syn_211,audio,temporal reasoning,event counting,test,"A dog barks between 1.55 and 2.065 seconds, followed by an emergency vehicle's siren from 4.541 to 10 seconds.",Three sound events occur.,test
aha_q_1103,aha,Which sound event has the longest duration?,mcq,The vacuum cleaner runs the longest.,"[""The machine gun fires the longest.""]",test500_timestamp/audio/syn_212,audio,temporal reasoning,duration comparison,test,"A machine gun fires from 1.479 to 2.665 seconds, followed by a vacuum cleaner running from 4.472 to 10.0 seconds.",The machine gun fires the longest.,test
aha_q_1104,aha,How many times does each sound event occur?,mcq,"The vehicle horn honks twice, and the howl occurs once.","[""The vehicle horn honks once, and the howl occurs twice.""]",test500_timestamp/audio/syn_214,audio,temporal reasoning,event counting,test,"A vehicle horn honks twice, first from 1.261 to 2.473 seconds and then from 3.327 to 4.319 seconds, followed by a howl from 5.949 to 8.374 seconds.","The vehicle horn honks once, and the howl occurs twice.",test
aha_q_1105,aha,What is the chronological order of the sound events in this audio?,mcq,"Hiss occurs first, then the fart sounds follow.","[""The fart sounds occur first, then the hiss.""]",test500_timestamp/audio/syn_216,audio,temporal reasoning,temporal order,test,"A hiss occurs from 1.486 to 3.486 seconds, followed by two fart sounds from 5.309 to 5.96 and 7.433 to 8.084 seconds.","The fart sounds occur first, then the hiss.",test
aha_q_1106,aha,How many distinct sound events occur in this sequence?,mcq,Two sound events occur: liquid and aircraft noise.,"[""Three sound events occur: liquid, aircraft noise, and wind noise.""]",test500_timestamp/audio/syn_217,audio,temporal reasoning,event counting,test,"Liquid is heard from 1.585 to 4.435 seconds, followed by aircraft noise from 6.647 to 10 seconds.","Three sound events occur: liquid, aircraft noise, and wind noise.",test
aha_q_1107,aha,How many times does each sound event occur?,mcq,"The cough occurs once, and the foghorn sounds twice.","[""The cough occurs twice, and the foghorn sounds once.""]",test500_timestamp/audio/syn_218,audio,temporal reasoning,event counting,test,"A cough occurs from 1.054 to 1.407 seconds, followed by a foghorn sounding twice, from 2.718 to 6.428 and 7.129 to 9.686 seconds.","The cough occurs twice, and the foghorn sounds once.",test
aha_q_1108,aha,What is the chronological order of the sound events in this audio?,mcq,"Baby laughter occurs first, followed by bleating.","[""Bleating occurs first, then baby laughter.""]",test500_timestamp/audio/syn_221,audio,temporal reasoning,temporal order,test,"Baby laughter occurs from 0.933 to 2.019 and again from 2.717 to 3.803 seconds, followed by bleating between 5.378 to 6.616 and 7.58 to 8.818 seconds.","Bleating occurs first, then baby laughter.",test
aha_q_1109,aha,What is the temporal structure of this audio clip?,mcq,"A shout occurs first, then an emergency vehicle sound follows.","[""The emergency vehicle sound occurs before the shout.""]",test500_timestamp/audio/syn_222,audio,temporal reasoning,temporal order,test,"A shout occurs from 0.613 to 1.605 seconds, followed by an emergency vehicle sound from 3.398 to 10 seconds.",The emergency vehicle sound occurs before the shout.,test
aha_q_1110,aha,How many times does each sound event occur?,mcq,The telephone rings twice.,"[""The telephone rings once, and there are no other sounds.""]",test500_timestamp/audio/syn_231,audio,temporal reasoning,event counting,test,"A telephone rings twice, first from 1.546 to 4.922 seconds, then again from 6.013 to 9.389 seconds.","The telephone rings once, and there are no other sounds.",test
aha_q_1111,aha,How many times does each sound event occur?,mcq,The cough occurs twice and the electric razor once.,"[""The cough occurs once and the electric razor occurs twice.""]",test500_timestamp/audio/syn_233,audio,temporal reasoning,event counting,test,"A cough occurs from 1.473 to 1.954 seconds and then from 2.756 to 3.237 seconds, followed by an electric razor sound from 4.983 to 9.085 seconds.",The cough occurs once and the electric razor occurs twice.,test
aha_q_1112,aha,How many times does each sound event occur?,mcq,"Static occurs twice, screaming occurs once.","[""Static occurs once, screaming occurs twice.""]",test500_timestamp/audio/syn_234,audio,temporal reasoning,event counting,test,"Static occurs from 1.491 to 2.099 seconds and from 3.333 to 3.916 seconds, followed by screaming from 5.788 to 8.414 seconds.","Static occurs once, screaming occurs twice.",test
aha_q_1113,aha,What is the chronological order of the sound events in this audio?,mcq,"Whooshing sound, hiccup, fire engine siren.","[""Hiccup, whooshing sound, fire engine siren.""]",test500_timestamp/audio/syn_236,audio,temporal reasoning,temporal order,test,A whooshing sound occurs from 1.11 to 1.654 seconds and again from 2.55 to 3.506 seconds; a hiccup is heard between 4.982 and 5.301 seconds; followed by a fire engine siren from 6.747 to 10 seconds.,"Hiccup, whooshing sound, fire engine siren.",test
aha_q_1114,aha,How many times does each sound event occur?,mcq,The alarm occurs twice and the buzzer occurs twice.,"[""The alarm occurs once and the buzzer occurs once.""]",test500_timestamp/audio/syn_237,audio,temporal reasoning,event counting,test,An alarm sounds from 1.385 to 3.149 seconds and again from 3.924 to 4.197 seconds; a buzzer goes off from 6.538 to 7.95 seconds and then from 9.143 to 9.909 seconds.,The alarm occurs once and the buzzer occurs once.,test
aha_q_1115,aha,What is the chronological order of the sound events in this audio?,mcq,"Duck quacks, then laughter, then sawing noises.","[""Laughter occurs first, followed by duck quacks, then sawing noises.""]",test500_timestamp/audio/syn_241,audio,temporal reasoning,temporal order,test,"A duck quacks from 0.649 to 0.923 seconds and again from 1.538 to 1.825 seconds, followed by laughter from 3.563 to 6.563 seconds and then sawing noises from 8.438 to 9.761 seconds.","Laughter occurs first, followed by duck quacks, then sawing noises.",test
aha_q_1116,aha,What is the temporal structure of this audio clip?,mcq,"A burping occurs first, followed by a waterfall sound.","[""The waterfall sound occurs first, then the burping.""]",test500_timestamp/audio/syn_245,audio,temporal reasoning,temporal order,test,"A burping occurs from 0.984 to 3.48 seconds, followed by a waterfall sound from 5.165 to 10 seconds.","The waterfall sound occurs first, then the burping.",test
aha_q_1117,aha,What is the chronological order of the sound events in this audio?,mcq,"The cat meows first, then whistles.","[""The whistle occurs first, then the cat meows twice.""]",test500_timestamp/audio/syn_246,audio,temporal reasoning,temporal order,test,"A cat meows from 1.11 to 1.543 seconds and again from 2.258 to 3.35 seconds, followed by whistling from 5.796 to 7.277 seconds.","The whistle occurs first, then the cat meows twice.",test
aha_q_1118,aha,What is the temporal structure of this audio clip?,mcq,"Toilet flush occurs first, followed by a fart sound.","[""The fart sound occurs first, then the toilet flush.""]",test500_timestamp/audio/syn_247,audio,temporal reasoning,temporal order,test,"A toilet flush occurs from 1.371 to 7.282 seconds, followed by a fart sound from 9.223 to 9.874 seconds.","The fart sound occurs first, then the toilet flush.",test
aha_q_1119,aha,What is the temporal structure of this audio clip?,mcq,"The horse neighs first, then the pig oinks.","[""The pig oinks first, then the horse neighs.""]",test500_timestamp/audio/syn_250,audio,temporal reasoning,temporal order,test,"A horse neighs from 1.138 to 2.949 seconds, followed by a pig oinking from 5.153 to 6.494 seconds.","The pig oinks first, then the horse neighs.",test
aha_q_1120,aha,What is the temporal structure of this audio clip?,mcq,"Ticking sounds occur first, then the lawn mower.","[""The lawn mower occurs before the ticking sounds.""]",test500_timestamp/audio/syn_257,audio,temporal reasoning,temporal order,test,"A ticking sound occurs from 1.932 to 2.261 seconds and again from 3.169 to 3.94 seconds, followed by a lawn mower from 5.94 to 10.0 seconds.",The lawn mower occurs before the ticking sounds.,test
aha_q_1121,aha,How many times does each sound event occur?,mcq,"Snoring occurs twice, and a clang occurs once.","[""Snoring occurs three times, and a clang occurs twice.""]",test500_timestamp/audio/syn_26,audio,temporal reasoning,event counting,test,"Snoring occurs from 1.164 to 3.156 seconds and again from 4.434 to 5.662 seconds, followed by a clang from 7.141 to 7.848 seconds.","Snoring occurs three times, and a clang occurs twice.",test
aha_q_1122,aha,How many times does each sound event occur?,mcq,Screaming occurs once; slamming sounds occur twice.,"[""Screaming occurs twice; slamming sounds occur once.""]",test500_timestamp/audio/syn_260,audio,temporal reasoning,event counting,test,"Screaming occurs from 1.631 to 2.457 seconds, followed by slamming sounds at 4.117 to 4.666 seconds and 6.14 to 7.26 seconds.",Screaming occurs twice; slamming sounds occur once.,test
aha_q_1123,aha,What is the temporal structure of this audio clip?,mcq,"The electric shaver buzzes first, then engine knocking occurs later.","[""The engine knocking occurs first, then the electric shaver buzzes.""]",test500_timestamp/audio/syn_263,audio,temporal reasoning,temporal order,test,"An electric shaver buzzes from 1.06 to 5.162 seconds, followed by engine knocking from 7.405 to 10 seconds.","The engine knocking occurs first, then the electric shaver buzzes.",test
aha_q_1124,aha,How many times does each sound event occur?,mcq,"The air horn occurs once, and the hammer strikes occur three times.","[""The air horn occurs twice, and the hammer strikes happen three times.""]",test500_timestamp/audio/syn_267,audio,temporal reasoning,event counting,test,"An air horn blares from 1.62 to 2.313 seconds, followed by three separate hammer strikes at 4.236-4.486, 5.202-5.452, and 6.466-6.716 seconds.","The air horn occurs twice, and the hammer strikes happen three times.",test
aha_q_1125,aha,How many times does each sound event occur?,mcq,"Water occurs twice, and baby crying occurs once.","[""Water occurs once, and baby crying occurs twice.""]",test500_timestamp/audio/syn_27,audio,temporal reasoning,event counting,test,"Water is heard from 1.886 to 3.241 seconds and again from 4.094 to 6.303 seconds, followed by a baby crying from 7.909 to 9.024 seconds.","Water occurs once, and baby crying occurs twice.",test
aha_q_1126,aha,What is the temporal structure of this audio clip?,mcq,"An air horn blast occurs first, followed by a civil defense siren.","[""The civil defense siren occurs first, then the air horn blast.""]",test500_timestamp/audio/syn_270,audio,temporal reasoning,temporal order,test,"An air horn blasts between 2.113 and 2.854 seconds, followed by a civil defense siren from 4.939 to 10 seconds.","The civil defense siren occurs first, then the air horn blast.",test
aha_q_1127,aha,What is the temporal structure of this audio clip?,mcq,"The door slams first, then the saw runs.","[""The saw runs first, then the door slams.""]",test500_timestamp/audio/syn_271,audio,temporal reasoning,temporal order,test,"A door slams from 1.191 to 2.311 seconds, followed by a saw running from 3.692 to 10 seconds.","The saw runs first, then the door slams.",test
aha_q_1128,aha,How many times does each sound event occur?,mcq,"The train horn occurs once, and the cricket chirping occurs twice.","[""The train horn occurs three times, and the cricket chirping occurs once.""]",test500_timestamp/audio/syn_275,audio,temporal reasoning,event counting,test,"A train horn sounds from 1.71 to 2.781 seconds, followed by cricket chirping twice from 5.009 to 5.762 and 6.98 to 7.733 seconds.","The train horn occurs three times, and the cricket chirping occurs once.",test
aha_q_1129,aha,What is the chronological order of the sound events in this audio?,mcq,"First a jangle sound, then a sound effect.","[""A sound effect occurs first, followed by a jangle sound.""]",test500_timestamp/audio/syn_277,audio,temporal reasoning,temporal order,test,"Keys jangle from 1.022 to 3.597 seconds, followed by a sound effect from 5.68 to 7.374 seconds.","A sound effect occurs first, followed by a jangle sound.",test
aha_q_1130,aha,How many times does each sound event occur?,mcq,The dial tone occurs three times.,"[""The dial tone occurs twice.""]",test500_timestamp/audio/syn_278,audio,temporal reasoning,event counting,test,"A dial tone occurs three times, first from 0.933 to 1.192 seconds, then from 2.016 to 2.275 seconds, and lastly from 3.372 to 3.631 seconds.",The dial tone occurs twice.,test
aha_q_1131,aha,What is the chronological order of the sound events in this audio?,mcq,"The cat meows, then another meow, followed by thunder.","[""The thunder occurs before the cat meows twice.""]",test500_timestamp/audio/syn_280,audio,temporal reasoning,temporal order,test,"A cat meows from 0.999 to 1.794 seconds, then again from 3.157 to 3.858 seconds, followed by thunder from 5.699 to 10 seconds.",The thunder occurs before the cat meows twice.,test
aha_q_1132,aha,What is the temporal structure of this audio clip?,mcq,"The female singing occurs first, followed by crumpling sounds.","[""The crumpling sounds occur before the female singing.""]",test500_timestamp/audio/syn_284,audio,temporal reasoning,temporal order,test,"A female sings from 0.732 to 3.937 seconds, followed by crumpling sounds from 5.079 to 6.496 and 7.921 to 8.456 seconds.",The crumpling sounds occur before the female singing.,test
aha_q_1133,aha,What is the temporal structure of this audio clip?,mcq,Ticking sound then drilling noises.,"[""Drilling noises then ticking sound.""]",test500_timestamp/audio/syn_285,audio,temporal reasoning,temporal order,test,"A ticking sound occurs from 1.3 to 1.6 seconds, followed by drilling noises from 3.162 to 5.831 and 6.347 to 8.876 seconds.",Drilling noises then ticking sound.,test
aha_q_1134,aha,How many times does each sound event occur?,mcq,The yip occurs once and the police siren occurs once.,"[""The yip occurs twice and the police siren occurs three times.""]",test500_timestamp/audio/syn_287,audio,temporal reasoning,event counting,test,"A yip occurs from 1.492 to 2.76 seconds, followed by a police car siren from 4.197 to 8.378 seconds.",The yip occurs twice and the police siren occurs three times.,test
aha_q_1135,aha,How many distinct sound events occur in this sequence?,mcq,Two sound events occur: crickets chirping and whistling.,"[""Three sound events occur: crickets chirping, a bell ringing, and whistling.""]",test500_timestamp/audio/syn_289,audio,temporal reasoning,event counting,test,"Crickets chirp briefly from 0.854 to 1.15 seconds, then whistling carries on continuously from 3.08 to 10.0 seconds.","Three sound events occur: crickets chirping, a bell ringing, and whistling.",test
aha_q_1136,aha,How many times does each sound event occur?,mcq,The baby laughs once and the gunshots occur twice.,"[""The baby laughs three times and the gunshots occur once.""]",test500_timestamp/audio/syn_290,audio,temporal reasoning,event counting,test,"A baby laughs from 1.137 to 2.223 seconds, followed by gunshots heard from 3.928 to 5.046 and 5.568 to 6.497 seconds.",The baby laughs three times and the gunshots occur once.,test
aha_q_1137,aha,What is the temporal structure of this audio clip?,mcq,"The child sings first, then a car passes by.","[""The car passes by first, then the child sings.""]",test500_timestamp/audio/syn_291,audio,temporal reasoning,temporal order,test,"A child begins singing at 1.383 seconds and finishes at 3.21 seconds, followed by a car passing by from 5.564 to 10 seconds.","The car passes by first, then the child sings.",test
aha_q_1138,aha,Which sound event has the longest duration?,mcq,The waves have the longest duration.,"[""The clock ticking has the longest duration.""]",test500_timestamp/audio/syn_294,audio,temporal reasoning,duration comparison,test,"Waves can be heard from 0.794 to 5.227 seconds, followed by the ticking of a clock from 7.198 to 10 seconds.",The clock ticking has the longest duration.,test
aha_q_1139,aha,What is the chronological order of the sound events in this audio?,mcq,"The ding occurs first, then the croaking sounds follow.","[""The croaking sounds occur first, then the ding.""]",test500_timestamp/audio/syn_296,audio,temporal reasoning,temporal order,test,"A ding occurs from 1.705 to 2.013 seconds, followed by croaking sounds from 4.671 to 5.325 seconds and 6.006 to 6.66 seconds.","The croaking sounds occur first, then the ding.",test
aha_q_1140,aha,How many times does each sound event occur?,mcq,"Train horn occurs three times, bark occurs once.","[""Train horn occurs twice, bark occurs twice.""]",test500_timestamp/audio/syn_299,audio,temporal reasoning,event counting,test,"A train horn sounds three times, from 0.969 to 2.04 seconds, from 3.08 to 4.151 seconds, and from 5.476 to 6.547 seconds, followed by a bark from 8.337 to 8.741 seconds.","Train horn occurs twice, bark occurs twice.",test
aha_q_1141,aha,How many times does each sound event occur?,mcq,The cat meows three times.,"[""The cat meows twice.""]",test500_timestamp/audio/syn_30,audio,temporal reasoning,event counting,test,"A meow is heard from 1.725 to 2.52 seconds, then from 3.981 to 4.776 seconds, and again from 5.582 to 6.377 seconds.",The cat meows twice.,test
aha_q_1142,aha,How many times does each sound event occur?,mcq,The bird vocalizes three times and the lawn mower runs once.,"[""The bird vocalizes once and the lawn mower runs twice.""]",test500_timestamp/audio/syn_302,audio,temporal reasoning,event counting,test,"A bird vocalizes from 0.883 to 1.496 seconds, again from 2.405 to 3.018, and then from 3.996 to 4.609, while a lawn mower runs from 6.955 to 10 seconds.",The bird vocalizes once and the lawn mower runs twice.,test
aha_q_1143,aha,What is the chronological order of the sound events in this audio?,mcq,"The buzz occurs first, then the growling.","[""The growling occurs first, then the buzz.""]",test500_timestamp/audio/syn_305,audio,temporal reasoning,temporal order,test,"A buzz occurs from 1.578 to 2.704 seconds, followed by growling from 4.888 to 7.36 and 7.866 to 10 seconds.","The growling occurs first, then the buzz.",test
aha_q_1144,aha,What is the chronological order of the sound events in this audio?,mcq,"Child singing, then child singing again, then shout.","[""Child singing, shout, then child singing again.""]",test500_timestamp/audio/syn_311,audio,temporal reasoning,temporal order,test,"A child sings from 2.156 to 3.983 seconds and again from 5.165 to 7.378 seconds, followed by a shout from 9.149 to 9.78 seconds.","Child singing, shout, then child singing again.",test
aha_q_1145,aha,What is the chronological order of the sound events in this audio?,mcq,"The foghorn blares twice, first from 1.583 to 5.293 seconds, then from 6.285 to 9.995 seconds.","[""The foghorn blares once at the start, followed by a loud siren.""]",test500_timestamp/audio/syn_312,audio,temporal reasoning,temporal order,test,"A foghorn blares twice, first from 1.583 to 5.293 seconds, then from 6.285 to 9.995 seconds.","The foghorn blares once at the start, followed by a loud siren.",test
aha_q_1146,aha,What is the temporal structure of this audio clip?,mcq,"Clang occurs first, then burping occurs afterward.","[""Burping occurs first, then clang happens later.""]",test500_timestamp/audio/syn_313,audio,temporal reasoning,temporal order,test,"A clang occurs from 1.503 to 2.21 seconds and again from 3.541 to 4.248 seconds, while burping is heard from 5.506 to 6.964 seconds and then from 7.702 to 9.16 seconds.","Burping occurs first, then clang happens later.",test
aha_q_1147,aha,What is the temporal structure of this audio clip?,mcq,"The howl occurs first, then the ticking of the clock.","[""The ticking of a clock occurs before the howl.""]",test500_timestamp/audio/syn_314,audio,temporal reasoning,temporal order,test,"A howl occurs from 1.245 to 3.67 seconds, followed by the ticking of a clock from 5.671 to 9.325 seconds.",The ticking of a clock occurs before the howl.,test
aha_q_1148,aha,How many distinct sound events occur in this sequence?,mcq,Two sound events occur in this sequence.,"[""Three sound events occur in this sequence.""]",test500_timestamp/audio/syn_318,audio,temporal reasoning,event counting,test,"A train whistle blows from 0.971 to 6.931 seconds, followed by a slamming noise from 8.654 to 9.774 seconds.",Three sound events occur in this sequence.,test
aha_q_1149,aha,What is the temporal structure of this audio clip?,mcq,"The whistle occurs first, followed by the jet engine roar.","[""The jet engine roars first, then the whistle.""]",test500_timestamp/audio/syn_324,audio,temporal reasoning,temporal order,test,"A whistle is heard from 0.694 to 1.875 seconds, then a jet engine roars from 3.826 to 10 seconds.","The jet engine roars first, then the whistle.",test
aha_q_1150,aha,How many times does each sound event occur?,mcq,"The whooshing sound occurs twice, and the clock ticking occurs once.","[""The whooshing sound occurs three times, and the clock ticking occurs twice.""]",test500_timestamp/audio/syn_325,audio,temporal reasoning,event counting,test,"A whooshing sound occurs from 1.57 to 3.78 seconds and again from 5.119 to 5.663 seconds, followed by a clock ticking from 7.891 to 10 seconds.","The whooshing sound occurs three times, and the clock ticking occurs twice.",test
aha_q_1151,aha,What is the chronological order of the sound events in this audio?,mcq,"A howl occurs first, then a clang, and then another howl.","[""The clang occurs before both howls in the audio.""]",test500_timestamp/audio/syn_326,audio,temporal reasoning,temporal order,test,"A howl occurs from 1.776 to 4.201 seconds and again from 4.707 to 7.132 seconds, followed by a clang from 9.21 to 9.917 seconds.",The clang occurs before both howls in the audio.,test
aha_q_1152,aha,What is the temporal structure of this audio clip?,mcq,"Biting occurs first, then a chainsaw.","[""The chainsaw occurs before the biting.""]",test500_timestamp/audio/syn_329,audio,temporal reasoning,temporal order,test,"Biting occurs from 1.425 to 2.314 seconds, followed by a chainsaw from 3.697 to 10 seconds.",The chainsaw occurs before the biting.,test
aha_q_1153,aha,What is the chronological order of the sound events in this audio?,mcq,"Sanding occurs first, then the door sound.","[""The door sound occurs first, followed by sanding.""]",test500_timestamp/audio/syn_33,audio,temporal reasoning,temporal order,test,"Sanding occurs from 1.694 to 6.924 seconds, followed by a door sound from 9.063 to 9.425 seconds.","The door sound occurs first, followed by sanding.",test
aha_q_1154,aha,What is the temporal structure of this audio clip?,mcq,"The alarm rings twice, followed by sound effects at two different times.","[""The sound effects occur first, then the alarm rings twice.""]",test500_timestamp/audio/syn_331,audio,temporal reasoning,temporal order,test,"An alarm rings twice, first from 1.552 to 1.946 seconds and then from 2.584 to 2.978 seconds, while a sound effect occurs from 4.69 to 6.384 seconds and again from 7.796 to 9.49 seconds.","The sound effects occur first, then the alarm rings twice.",test
aha_q_1155,aha,How many times does the engine accelerate in this sequence?,mcq,The engine accelerates twice.,"[""The engine accelerates once.""]",test500_timestamp/audio/syn_336,audio,temporal reasoning,event counting,test,"An engine accelerates and revs from 1.904 to 6.187 seconds, and then again from 6.697 to 10 seconds.",The engine accelerates once.,test
aha_q_1156,aha,What is the temporal structure of this audio clip?,mcq,"Snoring occurs twice, then a gunshot follows.","[""Snoring occurs once and then a dog bark, followed by a gunshot.""]",test500_timestamp/audio/syn_337,audio,temporal reasoning,temporal order,test,"Snoring occurs from 0.83 to 2.97 seconds and again from 4.349 to 5.424 seconds, followed by a gunshot from 7.174 to 8.237 seconds.","Snoring occurs once and then a dog bark, followed by a gunshot.",test
aha_q_1157,aha,How many times does each sound event occur?,mcq,"The cough occurs three times, and the yip occurs once.","[""The cough occurs twice, and the yip occurs twice.""]",test500_timestamp/audio/syn_338,audio,temporal reasoning,event counting,test,"A cough occurs at 1.857 to 2.187 seconds, again at 3.318 to 3.648 seconds, and at 4.726 to 5.056 seconds, followed by a yip from 7.037 to 8.305 seconds.","The cough occurs twice, and the yip occurs twice.",test
aha_q_1158,aha,What is the chronological order of the sound events in this audio?,mcq,"Thunder occurs first, then the buzzer sounds.","[""The buzzer sounds first, then the thunder occurs.""]",test500_timestamp/audio/syn_34,audio,temporal reasoning,temporal order,test,"Thunder rolls from 1.241 to 5.929 seconds, followed by a buzzer sounding from 8.317 to 9.729 seconds.","The buzzer sounds first, then the thunder occurs.",test
aha_q_1159,aha,What is the temporal structure of this audio clip?,mcq,"Hiss occurs first, followed by the power saw.","[""The power saw occurs first, then the hiss.""]",test500_timestamp/audio/syn_341,audio,temporal reasoning,temporal order,test,"A hiss occurs from 1.736 to 3.736 seconds, followed by a power saw running from 4.955 to 10 seconds.","The power saw occurs first, then the hiss.",test
aha_q_1160,aha,What is the chronological order of the sound events in this audio?,mcq,"A bird chirps first, followed by two dings.","[""The two dings occur first, then the bird chirps.""]",test500_timestamp/audio/syn_343,audio,temporal reasoning,temporal order,test,"A bird chirps from 1.915 to 4.868 seconds, followed by two dings at 6.352 to 7.388 and 8.664 to 9.255 seconds.","The two dings occur first, then the bird chirps.",test
aha_q_1161,aha,What is the temporal structure of this audio clip?,mcq,The water tap runs in two segments with a pause in between.,"[""The water tap runs continuously without stopping.""]",test500_timestamp/audio/syn_35,audio,temporal reasoning,temporal order,test,A water tap or faucet runs from 1.378 to 5.708 seconds and then again from 6.627 to 9.31 seconds.,The water tap runs continuously without stopping.,test
aha_q_1162,aha,What is the chronological order of the sound events in this audio?,mcq,"The sneeze happens first from 1.495 to 2.33 seconds, then again from 2.921 to 3.756 seconds.","[""The sneeze occurs from 2.921 to 3.756 seconds, followed by another sneeze from 1.495 to 2.33 seconds.""]",test500_timestamp/audio/syn_350,audio,temporal reasoning,temporal order,test,A sneeze occurs from 1.495 to 2.33 seconds and then again from 2.921 to 3.756 seconds.,"The sneeze occurs from 2.921 to 3.756 seconds, followed by another sneeze from 1.495 to 2.33 seconds.",test
aha_q_1163,aha,What is the temporal structure of this audio clip?,mcq,"The quack occurs first, then the lawn mower.","[""The lawn mower occurs before the quack.""]",test500_timestamp/audio/syn_351,audio,temporal reasoning,temporal order,test,"A quack is heard from 1.427 to 1.666 seconds, followed by a lawn mower from 2.857 to 10.0 seconds.",The lawn mower occurs before the quack.,test
aha_q_1164,aha,What is the temporal structure of this audio clip?,mcq,"Belly laugh occurs first, then crying and sobbing.","[""Crying and sobbing occur before the belly laugh.""]",test500_timestamp/audio/syn_356,audio,temporal reasoning,temporal order,test,"A belly laugh occurs from 1.086 to 3.062 seconds, followed by crying and sobbing from 5.014 to 7.848 seconds.",Crying and sobbing occur before the belly laugh.,test
aha_q_1165,aha,How many times does each sound event occur?,mcq,The buzzer sounds twice and throat clearing occurs once.,"[""The buzzer sounds three times and throat clearing happens twice.""]",test500_timestamp/audio/syn_357,audio,temporal reasoning,event counting,test,"A buzzer sounds from 1.89 to 2.656 seconds and again from 4.055 to 5.467 seconds, followed by throat clearing from 7.611 to 8.694 seconds.",The buzzer sounds three times and throat clearing happens twice.,test
aha_q_1166,aha,What is the temporal structure of this audio clip?,mcq,"The duck quacks three times, then static occurs.","[""The static occurs first, then the duck quacks three times.""]",test500_timestamp/audio/syn_359,audio,temporal reasoning,temporal order,test,"A duck quacks three times from 1.261 to 1.575, 2.231 to 2.545, and 3.832 to 4.146 seconds, then static occurs from 5.975 to 7.855 seconds.","The static occurs first, then the duck quacks three times.",test
aha_q_1167,aha,How many distinct sound events occur in this sequence?,mcq,Two sound events occur.,"[""Three sound events occur in the sequence.""]",test500_timestamp/audio/syn_36,audio,temporal reasoning,event counting,test,"A hammer strikes from 1.139 to 1.389 seconds, then an emergency vehicle is heard from 3.515 to 10 seconds.",Three sound events occur in the sequence.,test
aha_q_1168,aha,How many times does each sound event occur?,mcq,"The busy signal occurs three times, and the chuckle occurs once.","[""The busy signal occurs twice, and the chuckle occurs twice.""]",test500_timestamp/audio/syn_364,audio,temporal reasoning,event counting,test,"A busy signal occurs from 1.496 to 2.473 seconds, again from 3.276 to 4.253 seconds, and from 5.601 to 6.578 seconds, followed by a chuckle from 7.94 to 10 seconds.","The busy signal occurs twice, and the chuckle occurs twice.",test
aha_q_1169,aha,How many times does each sound event occur?,mcq,"The telephone rings twice, and the oink occurs once.","[""The telephone rings three times, and the oink occurs twice.""]",test500_timestamp/audio/syn_366,audio,temporal reasoning,event counting,test,"A telephone rings twice, first from 1.543 to 4.919 seconds and then from 6.1 to 7.376 seconds, followed by an oink from 9.539 to 9.862 seconds.","The telephone rings three times, and the oink occurs twice.",test
aha_q_1170,aha,What is the chronological order of the sound events in this audio?,mcq,"The bird vocalizes first from 1.224 to 6.75 seconds, then again from 7.356 to 10 seconds.","[""The bird vocalizes from 1.224 to 6.75 seconds, then the bird vocalizes again from 7.356 to 10 seconds.""]",test500_timestamp/audio/syn_368,audio,temporal reasoning,temporal order,test,"A bird vocalizes from 1.224 to 6.75 seconds, then again from 7.356 to 10 seconds.","The bird vocalizes from 1.224 to 6.75 seconds, then the bird vocalizes again from 7.356 to 10 seconds.",test
aha_q_1171,aha,What is the temporal structure of this audio clip?,mcq,"Knock occurs first, then screaming follows.","[""Screaming occurs first, then knocking.""]",test500_timestamp/audio/syn_369,audio,temporal reasoning,temporal order,test,"A knock occurs from 1.618 to 1.821 seconds, followed by screaming from 3.184 to 4.846 and 5.676 to 6.948 seconds.","Screaming occurs first, then knocking.",test
aha_q_1172,aha,What is the temporal structure of this audio clip?,mcq,"Sanding occurs first, then howling in two segments.","[""The audio starts with howling, followed by sanding, then more howling.""]",test500_timestamp/audio/syn_37,audio,temporal reasoning,temporal order,test,"Sanding occurs from 1.245 to 2.241 seconds, and howling is heard from 4.349 to 6.774 and then from 7.835 to 10 seconds.","The audio starts with howling, followed by sanding, then more howling.",test
aha_q_1173,aha,What is the temporal structure of this audio clip?,mcq,"Gunshots occur first, then filing sounds.","[""The filing sounds occur before the gunshots.""]",test500_timestamp/audio/syn_371,audio,temporal reasoning,temporal order,test,"A gunshot occurs from 0.997 to 2.674 seconds and again from 3.754 to 5.069 seconds, followed by filing sounds from 7.031 to 9.471 seconds.",The filing sounds occur before the gunshots.,test
aha_q_1174,aha,What is the temporal structure of this audio clip?,mcq,"The drill occurs twice, first from 1.134 to 1.672 seconds and again from 2.781 to 5.45 seconds, followed by a telephone ringing from 7.024 to 10 seconds.","[""The telephone rings first, then the drill sounds occur afterward.""]",test500_timestamp/audio/syn_372,audio,temporal reasoning,temporal order,test,"A drill can be heard from 1.134 to 1.672 seconds and again from 2.781 to 5.45 seconds, followed by a telephone ringing from 7.024 to 10 seconds.","The telephone rings first, then the drill sounds occur afterward.",test
aha_q_1175,aha,How many times does each sound event occur?,mcq,Hiss occurs twice; clanking dishes occurs once.,"[""Hiss occurs once; clanking dishes occurs twice.""]",test500_timestamp/audio/syn_374,audio,temporal reasoning,event counting,test,"A hiss occurs from 1.782 to 3.782 seconds and again from 4.724 to 6.724 seconds, followed by clanking dishes from 8.898 to 9.206 seconds.",Hiss occurs once; clanking dishes occurs twice.,test
aha_q_1176,aha,How many times does each sound event occur?,mcq,Gurgling and bubbling occur twice.,"[""Gurgling and bubbling occur three times.""]",test500_timestamp/audio/syn_375,audio,temporal reasoning,event counting,test,Gurgling and bubbling occur from 0.818 to 4.01 seconds and then from 5.294 to 8.486 seconds.,Gurgling and bubbling occur three times.,test
aha_q_1177,aha,What is the chronological order of the sound events in this audio?,mcq,"Baby's cry, then baby's cry again, then drill.","[""The drill occurs before the baby's cry.""]",test500_timestamp/audio/syn_383,audio,temporal reasoning,temporal order,test,"A baby's cry is heard from 1.163 to 2.278 seconds and again from 3.484 to 4.599 seconds, followed by a drill from 6.312 to 8.981 seconds.",The drill occurs before the baby's cry.,test
aha_q_1178,aha,What is the chronological order of the sound events in this audio?,mcq,"Whistle occurs first, then the whip sound.","[""The whip sound occurs before the whistle, and the whistle happens only once.""]",test500_timestamp/audio/syn_385,audio,temporal reasoning,temporal order,test,"A whistle occurs from 1.358 to 2.579 seconds and again from 3.175 to 5.222 seconds, followed by a whip sound from 6.476 to 6.94 seconds.","The whip sound occurs before the whistle, and the whistle happens only once.",test
aha_q_1179,aha,How many times does each sound event occur?,mcq,A shout occurs once; toilet flushes occur twice.,"[""The shout occurs twice; the toilet flushes occur once.""]",test500_timestamp/audio/syn_386,audio,temporal reasoning,event counting,test,"A shout occurs from 1.356 to 1.987 seconds, followed by toilet flushes from 3.56 to 6.402 and 7.041 to 9.883 seconds.",The shout occurs twice; the toilet flushes occur once.,test
aha_q_1180,aha,What is the chronological order of the sound events in this audio?,mcq,"Whistling occurs first, then the dental drill sound.","[""The dental drill sound occurs first, then the whistling.""]",test500_timestamp/audio/syn_391,audio,temporal reasoning,temporal order,test,"Whistling occurs from 0.814 to 2.546 seconds, followed by a dental drill sound from 4.698 to 9.578 seconds.","The dental drill sound occurs first, then the whistling.",test
aha_q_1181,aha,What is the temporal structure of this audio clip?,mcq,"The machine gun fires first, then the insect buzzes afterward.","[""The insect buzzes first, then the machine gun fires.""]",test500_timestamp/audio/syn_392,audio,temporal reasoning,temporal order,test,"A machine gun fires from 1.14 to 2.326 seconds, followed by insect buzzing from 4.471 to 10 seconds.","The insect buzzes first, then the machine gun fires.",test
aha_q_1182,aha,What is the sequence of sounds from start to finish?,mcq,"The whistle occurs first, then the air horn or truck horn.","[""The air horn occurs first, then the whistle.""]",test500_timestamp/audio/syn_395,audio,temporal reasoning,temporal order,test,"A whistle occurs from 1.319 to 3.193 seconds, then an air horn or truck horn sounds from 4.846 to 8.995 seconds.","The air horn occurs first, then the whistle.",test
aha_q_1183,aha,What is the chronological order of the sound events in this audio?,mcq,"Explosion, then plop sounds.","[""The plop sounds occur before the explosions.""]",test500_timestamp/audio/syn_401,audio,temporal reasoning,temporal order,test,"An explosion is heard from 0.82 to 2.179 seconds and again from 3.648 to 5.262 seconds, followed by plop sounds at 7.296 to 7.701 seconds and 8.86 to 9.088 seconds.",The plop sounds occur before the explosions.,test
aha_q_1184,aha,What is the chronological order of the sound events in this audio?,mcq,"The train horn blares first, then the insect buzzing.","[""The insect buzzing occurs first, followed by the train horn blaring.""]",test500_timestamp/audio/syn_402,audio,temporal reasoning,temporal order,test,"A train horn blares from 1.157 to 2.228 seconds, followed by insect buzzing from 4.381 to 10 seconds.","The insect buzzing occurs first, followed by the train horn blaring.",test
aha_q_1185,aha,What is the chronological order of the sound events in this audio?,mcq,Power tool then neighing sound.,"[""Neighing sound then power tool.""]",test500_timestamp/audio/syn_405,audio,temporal reasoning,temporal order,test,"A power tool operates from 1.536 to 4.245 seconds, followed by a neighing sound from 5.857 to 7.747 seconds.",Neighing sound then power tool.,test
aha_q_1186,aha,What is the temporal structure of this audio clip?,mcq,"The whooshing sound occurs first, then the vacuum cleaner running.","[""The vacuum cleaner runs first, then the whooshing sound.""]",test500_timestamp/audio/syn_408,audio,temporal reasoning,temporal order,test,"A whooshing sound occurs from 1.06 to 3.27 seconds, followed by a vacuum cleaner running from 5.108 to 10 seconds.","The vacuum cleaner runs first, then the whooshing sound.",test
aha_q_1187,aha,What is the chronological order of the sound events in this audio?,mcq,"The quack occurs first, followed by the hiccup, then the liquid sounds.","[""The hiccup occurs first, then the liquid sounds, and finally the quack.""]",test500_timestamp/audio/syn_41,audio,temporal reasoning,temporal order,test,"A quack occurs from 2.163 to 2.402 seconds, a hiccup from 4.878 to 5.197 seconds, and liquid sounds twice, from 7.141 to 7.684 seconds and then from 8.558 to 9.101 seconds.","The hiccup occurs first, then the liquid sounds, and finally the quack.",test
aha_q_1188,aha,How many distinct sound events occur in this sequence?,mcq,Two sound events occur in the sequence.,"[""Three sound events occur in the sequence.""]",test500_timestamp/audio/syn_416,audio,temporal reasoning,event counting,test,"A car passes by from 1.704 to 7.218 seconds, followed by the sound of a hammer from 9.533 to 9.783 seconds.",Three sound events occur in the sequence.,test
aha_q_1189,aha,What is the chronological order of the sound events in this audio?,mcq,"The car passes by first, followed by breathing.","[""The breathing occurs before the car passes by.""]",test500_timestamp/audio/syn_417,audio,temporal reasoning,temporal order,test,"A car passes by from 1.636 to 7.15 seconds, followed by the sound of breathing from 9.102 to 9.527 seconds.",The breathing occurs before the car passes by.,test
aha_q_1190,aha,What is the temporal structure of this audio clip?,mcq,"Laughter occurs first, then the alarm goes off twice.","[""The alarm goes off first, then the laughter.""]",test500_timestamp/audio/syn_420,audio,temporal reasoning,temporal order,test,"Laughter occurs from 1.28 to 2.862 seconds, and an alarm goes off twice, first from 4.916 to 6.68 seconds and then from 7.595 to 9.359 seconds.","The alarm goes off first, then the laughter.",test
aha_q_1191,aha,What is the chronological order of the sound events in this audio?,mcq,"Door opens, then door opens again, followed by three whooshing sounds.","[""The door opens first, then the whooshing sounds, and the door opens again later.""]",test500_timestamp/audio/syn_421,audio,temporal reasoning,temporal order,test,"A door opens first from 1.56 to 1.844 seconds, then again from 3.245 to 3.607 seconds; a whooshing sound occurs three times from 5.712 to 6.463 seconds, 7.611 to 8.362 seconds, and finally from 9.023 to 9.774 seconds.","The door opens first, then the whooshing sounds, and the door opens again later.",test
aha_q_1192,aha,Does the police car siren occur more than once?,mcq,"Yes, it occurs twice.","[""No, it occurs only once.""]",test500_timestamp/audio/syn_423,audio,temporal reasoning,event counting,test,"A police car siren is heard first from 1.2 to 5.381 seconds, then again from 6.22 to 10 seconds.","No, it occurs only once.",test
aha_q_1193,aha,What is the chronological order of the sound events in this audio?,mcq,"The slap and smack occur first, followed by the bell.","[""The bell occurs before the slap and smack.""]",test500_timestamp/audio/syn_425,audio,temporal reasoning,temporal order,test,"A slap, smack occurs from 1.657 to 2.087 seconds and again from 3.26 to 3.69 seconds, followed by a bell from 5.406 to 8.429 seconds.",The bell occurs before the slap and smack.,test
aha_q_1194,aha,What is the chronological order of the sound events in this audio?,mcq,"Dog barks first, then toilet flushes follow.","[""The toilet flushes first, then the dog barks.""]",test500_timestamp/audio/syn_427,audio,temporal reasoning,temporal order,test,"A dog barks from 1.239 to 2.034 seconds, followed by a toilet flushing twice, from 4.348 to 7.19 and 7.784 to 9.931 seconds.","The toilet flushes first, then the dog barks.",test
aha_q_1195,aha,How many times does each sound event occur?,mcq,The oink sound occurs three times and the glass shattering occurs once.,"[""The oink sound occurs twice and the glass shattering occurs twice.""]",test500_timestamp/audio/syn_428,audio,temporal reasoning,event counting,test,"An oink sound occurs at 1.454 to 1.698 seconds, again at 2.486 to 2.73 seconds, and at 3.806 to 4.05 seconds, followed by glass shattering from 5.315 to 6.256 seconds.",The oink sound occurs twice and the glass shattering occurs twice.,test
aha_q_1196,aha,What is the chronological order of the sound events in this audio?,mcq,"A giggle occurs first, followed by insect sounds.","[""Insect sounds occur before the giggle.""]",test500_timestamp/audio/syn_429,audio,temporal reasoning,temporal order,test,"A giggle occurs from 1.919 to 2.45 seconds and again from 3.596 to 4.127 seconds, followed by insect sounds from 5.863 to 10 seconds.",Insect sounds occur before the giggle.,test
aha_q_1197,aha,What is the chronological order of the sound events in this audio?,mcq,"Someone speaks first, then crying or sobbing occurs later.","[""Crying or sobbing occurs first, then someone speaks.""]",test500_timestamp/audio/syn_430,audio,temporal reasoning,temporal order,test,"Someone speaks from 1.741 to 5.183 seconds, followed by crying or sobbing from 7.481 to 10 seconds.","Crying or sobbing occurs first, then someone speaks.",test
aha_q_1198,aha,What is the chronological order of the sound events in this audio?,mcq,"The air horn blares first, then the dings occur afterward.","[""The dings come first, then the air horn blares.""]",test500_timestamp/audio/syn_432,audio,temporal reasoning,temporal order,test,"An air horn blares from 1.061 to 2.022 seconds, then dings chime at 4.612 to 4.92, 5.422 to 5.73, and 7.032 to 7.34 seconds.","The dings come first, then the air horn blares.",test
aha_q_1199,aha,What is the temporal structure of this audio clip?,mcq,"The duck quacks first, then the dog whimpers, followed by the steam whistle.","[""The steam whistle blows first, then the duck quacks, and the dog whimpers.""]",test500_timestamp/audio/syn_434,audio,temporal reasoning,temporal order,test,"A duck quacks at 1.332 to 1.606 seconds, then again at 2.63 to 2.856 seconds; a dog whimpers from 4.91 to 5.485 seconds; and a steam whistle blows from 7.557 to 10.0 seconds.","The steam whistle blows first, then the duck quacks, and the dog whimpers.",test
aha_q_1200,aha,How many times does each sound event occur?,mcq,The tire squeal and skidding each occur twice.,"[""The tire squeal occurs once and skidding occurs twice.""]",test500_timestamp/audio/syn_438,audio,temporal reasoning,event counting,test,A tire squeal and skidding occur from 1.527 to 6.086 seconds and then again from 7.172 to 9.688 seconds.,The tire squeal occurs once and skidding occurs twice.,test
aha_q_1201,aha,What is the temporal structure of this audio clip?,mcq,"The steam whistle occurs first, followed by the slap and smack sound.","[""The slap and smack sound occur first, then the steam whistle.""]",test500_timestamp/audio/syn_439,audio,temporal reasoning,temporal order,test,"A steam whistle occurs from 1.644 to 7.754 seconds, followed by a slap, smack sound from 9.342 to 9.772 seconds.","The slap and smack sound occur first, then the steam whistle.",test
aha_q_1202,aha,How many times does each sound event occur?,mcq,"The machine gun fires twice, the bell occurs once.","[""The machine gun fires three times, the bell occurs twice.""]",test500_timestamp/audio/syn_442,audio,temporal reasoning,event counting,test,"A machine gun fires twice, first from 1.393 to 2.579 seconds, then from 3.403 to 4.589 seconds, followed by a bell from 6.726 to 10 seconds.","The machine gun fires three times, the bell occurs twice.",test
aha_q_1203,aha,What is the temporal structure of this audio clip?,mcq,"Sanding occurs in two segments, followed by a bird call.","[""The bird call occurs before the sanding sounds.""]",test500_timestamp/audio/syn_443,audio,temporal reasoning,temporal order,test,"Sanding occurs from 1.444 to 3.263 seconds and again from 4.166 to 5.26 seconds, followed by a bird call from 7.978 to 8.639 seconds.",The bird call occurs before the sanding sounds.,test
aha_q_1204,aha,What is the chronological order of the sound events in this audio?,mcq,"Mosquito buzzes first, then quacking occurs twice.","[""The quacking happens first, then the mosquito buzzes.""]",test500_timestamp/audio/syn_446,audio,temporal reasoning,temporal order,test,"A mosquito buzzes from 1.438 to 2.552 seconds, followed by quacking at 4.768 to 4.994 seconds and again at 6.109 to 6.335 seconds.","The quacking happens first, then the mosquito buzzes.",test
aha_q_1205,aha,How many times does each sound event occur?,mcq,"Explosion occurs twice, buzzer occurs once.","[""Explosion occurs once, buzzer occurs twice.""]",test500_timestamp/audio/syn_447,audio,temporal reasoning,event counting,test,"An explosion occurs from 1.275 to 2.086 seconds and again from 2.86 to 4.219 seconds, followed by a buzzer from 6.448 to 7.86 seconds.","Explosion occurs once, buzzer occurs twice.",test
aha_q_1206,aha,What is the chronological order of the sound events in this audio?,mcq,The yip occurs before the power saw sound.,"[""The power saw sound occurs before the yip.""]",test500_timestamp/audio/syn_449,audio,temporal reasoning,temporal order,test,"A yip occurs from 0.717 to 1.985 seconds, followed by a power saw sound from 4.236 to 10 seconds.",The power saw sound occurs before the yip.,test
aha_q_1207,aha,How many distinct sound events occur in this sequence?,mcq,Two sound events occur.,"[""One sound event occurs throughout the clip.""]",test500_timestamp/audio/syn_450,audio,temporal reasoning,event counting,test,"A dental drill operates from 1.805 to 6.685 seconds, followed by a hiccup at 9.444 to 9.763 seconds.",One sound event occurs throughout the clip.,test
aha_q_1208,aha,What is the temporal structure of this audio clip?,mcq,"The whip crack occurs twice, first from 0.706 to 1.152 seconds and then from 2.075 to 2.521 seconds.","[""The whip crack happens only once, and it occurs after 2 seconds.""]",test500_timestamp/audio/syn_451,audio,temporal reasoning,temporal order,test,"A whip cracks twice, first from 0.706 to 1.152 seconds and then from 2.075 to 2.521 seconds.","The whip crack happens only once, and it occurs after 2 seconds.",test
aha_q_1209,aha,What is the temporal structure of this audio clip?,mcq,Speech is followed by static.,"[""Static occurs first, then speech follows.""]",test500_timestamp/audio/syn_452,audio,temporal reasoning,temporal order,test,"Speech is heard from 1.523 to 2.318 seconds, followed by static occurring from 4.38 to 4.656 and 5.972 to 8.758 seconds.","Static occurs first, then speech follows.",test
aha_q_1210,aha,What is the chronological order of the sound events in this audio?,mcq,"A shout occurs first, followed by an accelerating revving sound.","[""The revving sound occurs first, then the shout.""]",test500_timestamp/audio/syn_454,audio,temporal reasoning,temporal order,test,"A shout occurs from 0.765 to 1.757 seconds, followed by an accelerating revving sound from 3.649 to 7.932 seconds.","The revving sound occurs first, then the shout.",test
aha_q_1211,aha,What is the temporal structure of this audio clip?,mcq,"Squeaks, then a quack, then singing.","[""A squeak is followed directly by singing, with a quack somewhere in between.""]",test500_timestamp/audio/syn_456,audio,temporal reasoning,temporal order,test,"A squeak is heard from 1.752 to 2.458 seconds, again from 2.997 to 3.299 seconds, followed by a quack at 5.492 to 5.766 seconds, and a child sings from 6.853 to 8.68 seconds.","A squeak is followed directly by singing, with a quack somewhere in between.",test
aha_q_1212,aha,How many times does the bleat occur?,mcq,The bleat occurs twice.,"[""The bleat occurs three times.""]",test500_timestamp/audio/syn_459,audio,temporal reasoning,event counting,test,"A bleat occurs from 1.138 to 3.201 seconds and again from 4.61 to 5.848 seconds, followed by a dental drill noise from 7.887 to 10 seconds.",The bleat occurs three times.,test
aha_q_1213,aha,What is the chronological order of the sound events in this audio?,mcq,"Whistling occurs first, followed by aircraft noise.","[""Aircraft noise occurs first, followed by whistling.""]",test500_timestamp/audio/syn_460,audio,temporal reasoning,temporal order,test,"Whistling occurs from 1.885 to 2.998 seconds, followed by aircraft noise from 5.067 to 10 seconds.","Aircraft noise occurs first, followed by whistling.",test
aha_q_1214,aha,Does the cat occur more than once?,mcq,"Yes, the cat meows twice.","[""No, the cat meows only once.""]",test500_timestamp/audio/syn_463,audio,temporal reasoning,event counting,test,"A cat meows from 1.648 to 2.546 seconds and again from 3.227 to 4.125 seconds, followed by a whooshing sound from 5.522 to 10 seconds.","No, the cat meows only once.",test
aha_q_1215,aha,What is the chronological order of the sound events in this audio?,mcq,"Telephone dialing with DTMF tones occurs first, then again later, followed by a continuous telephone ring.","[""The continuous telephone ring occurs first, then the DTMF tones, and the telephone dialing occurs afterward.""]",test500_timestamp/audio/syn_469,audio,temporal reasoning,temporal order,test,"A telephone dialing with DTMF tones occurs from 1.672 to 1.885 seconds and then from 3.072 to 3.284 seconds, followed by a continuous telephone ring from 5.837 to 9.213 seconds.","The continuous telephone ring occurs first, then the DTMF tones, and the telephone dialing occurs afterward.",test
aha_q_1216,aha,What is the temporal structure of this audio clip?,mcq,"A groan is heard first, followed by sanding sounds.","[""The sanding sounds occur before the groan.""]",test500_timestamp/audio/syn_470,audio,temporal reasoning,temporal order,test,"A groan occurs from 1.41 to 2.628 seconds, followed by sanding sounds from 5.404 to 7.121 seconds and 7.829 to 9.546 seconds.",The sanding sounds occur before the groan.,test
aha_q_1217,aha,What is the chronological order of the sound events in this audio?,mcq,"Sanding occurs first, then the waterfall sound.","[""The waterfall sound occurs before the sanding.""]",test500_timestamp/audio/syn_473,audio,temporal reasoning,temporal order,test,"Sanding occurs from 0.971 to 2.402 seconds, followed by a waterfall sound from 4.13 to 10 seconds.",The waterfall sound occurs before the sanding.,test
aha_q_1218,aha,How many times does each sound event occur?,mcq,"Breaking occurs twice, hiccup occurs once.","[""Breaking occurs twice, hiccup occurs twice.""]",test500_timestamp/audio/syn_474,audio,temporal reasoning,event counting,test,"Breaking occurs from 1.451 to 3.624 seconds and again from 4.727 to 6.149 seconds, followed by a hiccup from 8.619 to 8.938 seconds.","Breaking occurs twice, hiccup occurs twice.",test
aha_q_1219,aha,What is the temporal structure of this audio clip?,mcq,Gunshots then rain.,"[""Rain then gunshots.""]",test500_timestamp/audio/syn_476,audio,temporal reasoning,temporal order,test,"A cap gun fires at 0.773s-1.088s, 2.461s-2.776s, 3.368s-3.683s, followed by rain from 5.403s to 10s.",Rain then gunshots.,test
aha_q_1220,aha,What is the temporal structure of this audio clip?,mcq,"Spray, then tearing.","[""Spray occurs first, followed by tearing.""]",test500_timestamp/audio/syn_477,audio,temporal reasoning,temporal order,test,"A spray occurs from 1.46 to 2.843 seconds and again from 3.561 to 6.148 seconds, followed by tearing from 7.524 to 9.405 seconds.","Spray occurs first, followed by tearing.",test
aha_q_1221,aha,How many times does each sound event occur?,mcq,Throat clearing occurs twice; electric shaver occurs once.,"[""Throat clearing occurs once; electric shaver occurs twice.""]",test500_timestamp/audio/syn_479,audio,temporal reasoning,event counting,test,"Throat clearing occurs from 1.24 to 2.323 seconds and again from 3.784 to 4.867 seconds, followed by an electric shaver from 7.134 to 10.0 seconds.",Throat clearing occurs once; electric shaver occurs twice.,test
aha_q_1222,aha,What is the temporal structure of this audio clip?,mcq,"The drill occurs twice, first from 1.127 to 3.796 seconds, then again from 4.308 to 6.908 seconds, followed by knocking from 8.835 to 9.807 seconds.","[""The drill happens only once, and there is knocking at the end of the clip.""]",test500_timestamp/audio/syn_48,audio,temporal reasoning,temporal order,test,"A drill operates from 1.127 to 3.796 seconds and again from 4.308 to 6.908 seconds, followed by knocking from 8.835 to 9.807 seconds.","The drill happens only once, and there is knocking at the end of the clip.",test
aha_q_1223,aha,What is the temporal structure of this audio clip?,mcq,"Whistling occurs twice, then an aircraft engine sounds later.","[""The aircraft engine sounds before the whistling.""]",test500_timestamp/audio/syn_481,audio,temporal reasoning,temporal order,test,"Whistling occurs from 1.277 to 2.81 seconds and again from 3.918 to 5.241 seconds, followed by an aircraft engine from 6.886 to 10 seconds.",The aircraft engine sounds before the whistling.,test
aha_q_1224,aha,What is the temporal structure of this audio clip?,mcq,Crying and sobbing occur in two segments separated by a pause.,"[""Crying and sobbing happen continuously without interruption.""]",test500_timestamp/audio/syn_483,audio,temporal reasoning,temporal order,test,Crying and sobbing occur from 0.91 to 6.279 seconds and then resume between 7.375 to 10 seconds.,Crying and sobbing happen continuously without interruption.,test
aha_q_1225,aha,What is the temporal structure of this audio clip?,mcq,"The phone rings twice, with a pause in between.","[""The phone rings once, then there is a period of silence.""]",test500_timestamp/audio/syn_491,audio,temporal reasoning,temporal order,test,"A telephone rings twice, first from 0.835 to 4.211 seconds and then from 5.433 to 8.809 seconds.","The phone rings once, then there is a period of silence.",test
aha_q_1226,aha,What is the temporal structure of this audio clip?,mcq,"Glass shatters twice, then a baby laughs twice.","[""A baby laughs twice, then glass shatters twice.""]",test500_timestamp/audio/syn_492,audio,temporal reasoning,temporal order,test,"Glass shatters twice, first from 1.582 to 2.569 seconds, then from 3.53 to 4.224, while a baby laughs twice from 6.245 to 7.331 and 8.313 to 9.399 seconds.","A baby laughs twice, then glass shatters twice.",test
aha_q_1227,aha,What is the chronological order of the sound events in this audio?,mcq,"Thunder rumbles twice, first from 1.144 to 6.974 seconds, then again from 7.739 to 10.0 seconds.","[""Thunder rumbles from 1.144 to 6.974 seconds first, then again from 8.0 to 10.0 seconds.""]",test500_timestamp/audio/syn_496,audio,temporal reasoning,temporal order,test,"Thunder rumbles from 1.144 to 6.974 seconds, then again from 7.739 to 10.0 seconds.","Thunder rumbles from 1.144 to 6.974 seconds first, then again from 8.0 to 10.0 seconds.",test
aha_q_1228,aha,How many times does each sound event occur?,mcq,The cock crows twice and the sawing occurs once.,"[""The cock crows twice and the sawing occurs twice.""]",test500_timestamp/audio/syn_498,audio,temporal reasoning,event counting,test,"A cock crows twice, first from 1.468 to 3.31 seconds and again from 4.772 to 6.614 seconds, followed by sawing from 8.163 to 9.486 seconds.",The cock crows twice and the sawing occurs twice.,test
aha_q_1229,aha,What is the temporal structure of this audio clip?,mcq,"The mosquito buzzes first, followed by the liquid sound.","[""The liquid sound occurs first, then the mosquito buzzes.""]",test500_timestamp/audio/syn_50,audio,temporal reasoning,temporal order,test,"A mosquito buzzes from 1.827 to 6.646 seconds, then the sound of liquid follows from 7.713 to 9.453 seconds.","The liquid sound occurs first, then the mosquito buzzes.",test
aha_q_1230,aha,What is the chronological order of the sound events in this audio?,mcq,"The tire squeals and skids first, then the fire engine siren.","[""The fire engine siren occurs first, then the tire squeals and skids.""]",test500_timestamp/audio/syn_51,audio,temporal reasoning,temporal order,test,"A tire squeals and skids from 0.658 to 5.217 seconds, followed by a fire engine siren from 7.184 to 10 seconds.","The fire engine siren occurs first, then the tire squeals and skids.",test
aha_q_1231,aha,What is the chronological order of the sound events in this audio?,mcq,"A chuckle occurs first, then a busy signal.","[""The busy signal occurs first, followed by the chuckle.""]",test500_timestamp/audio/syn_53,audio,temporal reasoning,temporal order,test,"A chuckle occurs from 0.966 to 3.108 seconds and from 3.807 to 5.832 seconds, followed by a busy signal from 8.087 to 8.992 seconds.","The busy signal occurs first, followed by the chuckle.",test
aha_q_1232,aha,How many distinct sound events occur in this sequence?,mcq,Two sound events occur in the sequence.,"[""Three sound events occur in the sequence.""]",test500_timestamp/audio/syn_55,audio,temporal reasoning,event counting,test,"A bird vocalizes from 2.244 to 2.538 seconds, followed by the sound of a chainsaw from 4.547 to 10 seconds.",Three sound events occur in the sequence.,test
aha_q_1233,aha,What is the chronological order of the sound events in this audio?,mcq,"Whistle, then ding at 4.67-4.978 s, another at 6.136-6.444 s, and a final at 7.482-7.79 s.","[""The dings occur before the whistle, with the whistle happening after all the dings.""]",test500_timestamp/audio/syn_58,audio,temporal reasoning,temporal order,test,"A whistle occurs from 1.254 to 2.388 seconds, followed by dings at 4.67-4.978, 6.136-6.444, and 7.482-7.79 seconds.","The dings occur before the whistle, with the whistle happening after all the dings.",test
aha_q_1234,aha,How many times does each sound event occur?,oeq,The train whistle occurs twice; the power tool occurs once.,[],test500_timestamp/audio/syn_6,audio,temporal reasoning,event counting,test,"A train whistle blows from 1.439 to 2.337 seconds and again from 3.5 to 4.398 seconds, followed by a power tool from 6.783 to 8.918 seconds.",The train whistle occurs twice; the power tool occurs once.,test
aha_q_1235,aha,How many distinct sound events occur in this sequence?,mcq,"Three sound events occur: a whooshing sound, another whooshing sound, and a waterfall sound.","[""Four sounds occur: two whooshing sounds, a waterfall, and a bird chirping.""]",test500_timestamp/audio/syn_60,audio,temporal reasoning,event counting,test,"A whooshing sound occurs from 1.273 to 2.385 seconds, again from 3.65 to 4.762 seconds, followed by a waterfall sound from 6.432 to 10 seconds.","Four sounds occur: two whooshing sounds, a waterfall, and a bird chirping.",test
aha_q_1236,aha,How many distinct sound events occur in this sequence?,mcq,Two sound events occur.,"[""Three sound events occur.""]",test500_timestamp/audio/syn_64,audio,temporal reasoning,event counting,test,A howl is heard from 2.018 to 4.443 seconds followed by insect noises from 6.525 to 10.0 seconds.,Three sound events occur.,test
aha_q_1237,aha,What is the temporal structure of this audio clip?,mcq,"A chirp and tweet occur first, followed by a buzzer, then a slap and smack.","[""The buzzer is heard before the chirp and tweet, then the slap and smack.""]",test500_timestamp/audio/syn_66,audio,temporal reasoning,temporal order,test,"A chirp and tweet sound from 1.886 to 3.823 seconds, followed by a buzzer from 5.629 to 7.041 seconds, then a slap and smack noise from 9.125 to 9.339 seconds.","The buzzer is heard before the chirp and tweet, then the slap and smack.",test
aha_q_1238,aha,How many distinct sound events occur in this sequence?,mcq,Three sound events occur.,"[""Two sound events occur.""]",test500_timestamp/audio/syn_68,audio,temporal reasoning,event counting,test,"A dial tone occurs from 1.663 to 3.647 seconds, followed by chirping and tweeting twice, from 5.91 to 6.361 and 7.228 to 7.679 seconds.",Two sound events occur.,test
aha_q_1239,aha,What is the chronological order of the sound events in this audio?,mcq,"Gurgling and bubbling occur first, followed by intermittent telephone dialing.","[""The telephone dialing occurs first, then gurgling and bubbling later.""]",test500_timestamp/audio/syn_69,audio,temporal reasoning,temporal order,test,"Gurgling and bubbling occur from 1.09 to 4.282 seconds, followed by intermittent telephone dialing at 6.922-7.152, 8.295-8.525, and 9.577-9.807 seconds.","The telephone dialing occurs first, then gurgling and bubbling later.",test
aha_q_1240,aha,What is the chronological order of the sound events in this audio?,mcq,"The dog barks first, then again, followed by the rasp sound.","[""The rasp sound occurs first, then the dog barks.""]",test500_timestamp/audio/syn_7,audio,temporal reasoning,temporal order,test,"A dog barks from 1.128 to 1.923 seconds and again from 2.931 to 3.726 seconds, followed by a filing rasp sound from 5.445 to 10 seconds.","The rasp sound occurs first, then the dog barks.",test
aha_q_1241,aha,What is the temporal structure of this audio clip?,mcq,"The car passes by first, then the beeping sounds follow.","[""The beeping sounds occur before the car passes by.""]",test500_timestamp/audio/syn_74,audio,temporal reasoning,temporal order,test,"A car passes by from 1.734 to 7.248 seconds, followed by beeping sounds from 9.263 to 9.491 seconds.",The beeping sounds occur before the car passes by.,test
aha_q_1242,aha,What is the temporal structure of this audio clip?,mcq,"A neigh occurs, then rustling.","[""A neigh occurs, then a gunshot.""]",test500_timestamp/audio/syn_80,audio,temporal reasoning,temporal order,test,"A neigh or whinny occurs from 0.977 to 2.788 seconds and again from 4.249 to 6.107 seconds, followed by rustling from 8.662 to 9.568 seconds.","A neigh occurs, then a gunshot.",test
aha_q_1243,aha,What is the chronological order of the sound events in this audio?,mcq,"The car passes by first, then someone sneezes.","[""Someone sneezes first, then a car passes by.""]",test500_timestamp/audio/syn_81,audio,temporal reasoning,temporal order,test,"A car passes by from 1.314 to 6.828 seconds, then someone sneezes from 8.791 to 9.626 seconds.","Someone sneezes first, then a car passes by.",test
aha_q_1244,aha,What is the chronological order of the sound events in this audio?,mcq,"Hiccups occur first, followed by crying and sobbing.","[""Crying and sobbing occur first, then hiccups.""]",test500_timestamp/audio/syn_82,audio,temporal reasoning,temporal order,test,"A hiccup occurs from 1.49 to 1.809 seconds, again from 2.506 to 2.825 seconds, and from 4.306 to 4.625 seconds, followed by crying and sobbing from 6.62 to 8.936 seconds.","Crying and sobbing occur first, then hiccups.",test
aha_q_1245,aha,What is the chronological order of the sound events in this audio?,oeq,"The revving vroom occurs first from 1.712 to 5.995 seconds, then again from 7.342 to 10 seconds.",[],test500_timestamp/audio/syn_83,audio,temporal reasoning,temporal order,test,"An accelerating, revving vroom occurs from 1.712 to 5.995 seconds and then again from 7.342 to 10 seconds.","The revving vroom occurs first from 1.712 to 5.995 seconds, then again from 7.342 to 10 seconds.",test
aha_q_1246,aha,What is the temporal structure of this audio clip?,mcq,"A groan is heard first, then an engine sound.","[""The engine sound is heard first, then the groan.""]",test500_timestamp/audio/syn_84,audio,temporal reasoning,temporal order,test,"A groan is heard from 1.649 to 2.867 seconds, followed by an engine sound from 5.58 to 10 seconds.","The engine sound is heard first, then the groan.",test
aha_q_1247,aha,How many distinct sound events occur in this sequence?,mcq,Two sound events occur.,"[""Three sound events occur.""]",test500_timestamp/audio/syn_85,audio,temporal reasoning,event counting,test,"A whooshing sound occurs from 1.275 to 3.705 seconds, followed by a belly laugh from 5.813 to 7.789 seconds.",Three sound events occur.,test
aha_q_1248,aha,What is the temporal structure of this audio clip?,mcq,"A fart occurs first, then two crowing sounds after.","[""The crowing happens first, then the fart occurs.""]",test500_timestamp/audio/syn_90,audio,temporal reasoning,temporal order,test,"A fart occurs from 0.804 to 2.221 seconds, followed by crowing twice, from 3.899 to 5.741 seconds and 6.245 to 8.087 seconds.","The crowing happens first, then the fart occurs.",test
aha_q_1249,aha,What is the temporal structure of this audio clip?,mcq,"Sanding occurs in two main segments, followed by a spray sound.","[""Sanding occurs multiple times, and there is no spray sound.""]",test500_timestamp/audio/syn_94,audio,temporal reasoning,temporal order,test,"Sanding occurs from 1.582 to 3.013 seconds and again from 4.413 to 5.844 seconds, followed by a spray sound from 8.114 to 8.633 seconds.","Sanding occurs multiple times, and there is no spray sound.",test
aha_q_1250,aha,How many times does each sound event occur?,mcq,The bird chirps twice and breathing once.,"[""The bird chirps once and breathing twice.""]",test500_timestamp/audio/syn_95,audio,temporal reasoning,event counting,test,"A bird chirps from 1.179 to 4.132 seconds and from 5.286 to 8.239 seconds, followed by breathing from 9.492 to 9.832 seconds.",The bird chirps once and breathing twice.,test
aha_q_1251,aha,What is the chronological order of the sound events in this audio?,mcq,The quack occurs before the passing car.,"[""The passing car occurs before the quack.""]",test500_timestamp/audio/syn_96,audio,temporal reasoning,temporal order,test,"A quack is heard from 1.634 to 1.908 seconds, followed by a car passing by from 4.018 to 9.532 seconds.",The passing car occurs before the quack.,test
