Song link,start time,end time,Question,True answer,Distractor 1,Distractor 2,Distractor 3,Main Category,Secondary Categories,Difficulty,track_id,name,artist_name,album_name,license_ccurl,audio_path
https://www.jamendo.com/track/1204663,00:00,01:00,Which of the following best fits the guitar pattern heard at the beginning of this excerpt?,riff,glissando,Alberti,walking bass,Melody,Musical Texture,Low,1204663,"Madly, Deeply",Melanie Ungar,What Is Love,http://creativecommons.org/licenses/by/3.0/,q1_1204663.mp3
https://www.jamendo.com/track/1204663,00:45,01:45,"Which section of the song follows this harmonic progression: vi, IV, I, V?",chorus,verse,bridge,outro,Structure,Harmony,High,1204663,"Madly, Deeply",Melanie Ungar,What Is Love,http://creativecommons.org/licenses/by/3.0/,q2_1204663.mp3
https://www.jamendo.com/track/1204663,00:45,01:45,What type of beat do you hear in the drums?,rock,funk,soul,jazz,Metre and Rhythm,Genre and Style,Low,1204663,"Madly, Deeply",Melanie Ungar,What Is Love,http://creativecommons.org/licenses/by/3.0/,q3_1204663.mp3
https://www.jamendo.com/track/196219,00:00,01:00,What kind of accompaniment best defines the beginning of the song?,arpeggios,block chords,broken chords,counterpoint,Musical Texture,Harmony,Medium,196219,Stories from Emona I,Maya Filipič,Between two worlds,http://creativecommons.org/licenses/by-nc-nd/3.0/,q4_196219.mp3
https://www.jamendo.com/track/196219,00:00,01:00,What type of articulation best defines the melody of this song?,legato,marcato,sforzando,staccato,Performance,Mood and Expression,Low,196219,Stories from Emona I,Maya Filipič,Between two worlds,http://creativecommons.org/licenses/by-nc-nd/3.0/,q5_196219.mp3
https://www.jamendo.com/track/196219,00:00,01:00,What level of ornamentation is present in the melody?,high,low,medium-low,none,Melody,Performance,Medium,196219,Stories from Emona I,Maya Filipič,Between two worlds,http://creativecommons.org/licenses/by-nc-nd/3.0/,q6_196219.mp3
https://www.jamendo.com/track/171574,00:00,01:00,What type of beat do you hear in the drums?,four on the floor,swing,eighth note groove,shuffle groove,Metre and Rhythm,,Medium,171574,One Nice Thing Once a Day,UltraCat,Disco High,http://creativecommons.org/licenses/by-nc-nd/3.0/,q7_171574.mp3
https://www.jamendo.com/track/171574,01:00,02:00,How many chords are played in the song?,two,one,three,four,Harmony,,Medium,171574,One Nice Thing Once a Day,UltraCat,Disco High,http://creativecommons.org/licenses/by-nc-nd/3.0/,q8_171574.mp3
https://www.jamendo.com/track/171574,00:00,01:00,What type of filter is applied to the melodic instruments at the beginning of the song?,Low Pass Filter,High Pass Filter,Band Pass Filter,Band Stop Filter (Notch),Sound Texture,,Medium,171574,One Nice Thing Once a Day,UltraCat,Disco High,http://creativecommons.org/licenses/by-nc-nd/3.0/,q9_171574.mp3
https://www.jamendo.com/track/1093606,00:00,01:00,What effect is applied to the vocals in this track?,pitch correction,Bitcrush,Ring modulation,gated reverb,Sound Texture,Performance,Low,1093606,Dollhouse,Lilly Wolf,This Painted Life,http://creativecommons.org/licenses/by/3.0/,q10_1093606.mp3
https://www.jamendo.com/track/1093606,00:00,01:00,What note of the chords does the bass play during the verse?,1st (fundamental),3rd,5th,7th,Harmony,Instrumentation;Musical Texture,High,1093606,Dollhouse,Lilly Wolf,This Painted Life,http://creativecommons.org/licenses/by/3.0/,q11_1093606.mp3
https://www.jamendo.com/track/1093606,00:00,01:00,What instrument plays the lead sound in the introduction?,Synthesizer,Bass guitar,Piano,Ukulele,Instrumentation,Sound Texture;Structure,Low,1093606,Dollhouse,Lilly Wolf,This Painted Life,http://creativecommons.org/licenses/by/3.0/,q12_1093606.mp3
https://www.jamendo.com/track/1045016,00:30,01:30,What time signature do you hear in this song?,4/4,3/4,6/8,12/16,Metre and Rhythm,,Medium,1045016,Don't Lose Your Way,Olga Zhilkova,Don't Lose Your Way,http://creativecommons.org/licenses/by-sa/3.0/,q13_1045016.mp3
https://www.jamendo.com/track/1045016,01:00,02:00,Which instrument is introduced in the chorus?,shaker,bass guitar,electric piano,trumpet,Instrumentation,Structure,Low,1045016,Don't Lose Your Way,Olga Zhilkova,Don't Lose Your Way,http://creativecommons.org/licenses/by-sa/3.0/,q14_1045016.mp3
https://www.jamendo.com/track/1045016,01:00,02:00,Where is the shaker positioned in the stereo field?,left,centre,down,up,Sound Texture,Instrumentation,Low,1045016,Don't Lose Your Way,Olga Zhilkova,Don't Lose Your Way,http://creativecommons.org/licenses/by-sa/3.0/,q15_1045016.mp3
https://www.jamendo.com/track/1100505,00:50,02:00,What type of synthesizer sound predominates in the chorus behind the vocals?,pad,lead,pluck,sequenced,Sound Texture,Instrumentation,Medium,1100505,Anyway - Produced by J. Glaze,Kellee Maize,The 5th Element (2014),http://creativecommons.org/licenses/by-nc-sa/3.0/,q16_1100505.mp3
https://www.jamendo.com/track/1100505,01:20,02:20,How are the hi-hats played in this song?,closed,open,half open,there are no hi hats,Performance,Instrumentation;Metre and Rhythm,Medium,1100505,Anyway - Produced by J. Glaze,Kellee Maize,The 5th Element (2014),http://creativecommons.org/licenses/by-nc-sa/3.0/,q17_1100505.mp3
https://www.jamendo.com/track/1100505,00:00,01:00,"During the introduction, there is a low-pass filter that is changing its frequency. Could you say in which direction it is shifting?",up,down,down-up,up-down,Sound Texture,Structure,Medium,1100505,Anyway - Produced by J. Glaze,Kellee Maize,The 5th Element (2014),http://creativecommons.org/licenses/by-nc-sa/3.0/,q18_1100505.mp3
https://www.jamendo.com/track/435883,00:00,01:00,"During the introduction, the kick is played twice in each bar. On which beats?",one and between the second and the third beat,two and four,one and three,two and three,Metre and Rhythm,Instrumentation,Medium,435883,I dont need you,Ay - 14ice,First Step - I Don´t Need You,http://creativecommons.org/licenses/by-nc-nd/3.0/,q19_435883.mp3
https://www.jamendo.com/track/435883,02:03,02:47,"During the sax solo, what scale is the electric piano using?",blues,major pentatonic,minor pentatonic,hexatonic,Melody,Harmony,High,435883,I dont need you,Ay - 14ice,First Step - I Don´t Need You,http://creativecommons.org/licenses/by-nc-nd/3.0/,q20_435883.mp3
https://www.jamendo.com/track/435883,00:00,01:00,"In the introduction, the snare is played on the...",rim (rimshot),edge,center,side,Performance,Instrumentation;Sound Texture,Medium,435883,I dont need you,Ay - 14ice,First Step - I Don´t Need You,http://creativecommons.org/licenses/by-nc-nd/3.0/,q21_435883.mp3
https://www.jamendo.com/track/1215874,00:00,01:00,"During the introduction, the bass and the lead play their melodies in a...",parallel motion,contrary motion,oblique,random,Melody,Musical Texture,Medium,1215874,Dance tonight,Lollita,Lollita Dance Tonight,http://creativecommons.org/licenses/by-sa/3.0/,q22_1215874.mp3
https://www.jamendo.com/track/1215874,00:46,01:18,"During the chorus, we can hear a very popular type of synthesizer sound. Can you guess its name?",supersaw,square wave,triangle wave,sine wave,Sound Texture,Instrumentation,Medium,1215874,Dance tonight,Lollita,Lollita Dance Tonight,http://creativecommons.org/licenses/by-sa/3.0/,q23_1215874.mp3
https://www.jamendo.com/track/1215874,01:00,02:00,Which of these tempos is most accurate for the song?,125 bpm,115 bpm,140 bpm,150 bpm,Metre and Rhythm,Performance,Medium,1215874,Dance tonight,Lollita,Lollita Dance Tonight,http://creativecommons.org/licenses/by-sa/3.0/,q24_1215874.mp3
https://www.jamendo.com/track/135660,00:04,01:00,"When the drums start playing, we can hear something known as...",metric modulation,time signature change,swing,double-time,Metre and Rhythm,,High,135660,Over Me,Jemex,From There to Here,http://creativecommons.org/licenses/by-sa/3.0/,q25_135660.mp3
https://www.jamendo.com/track/135660,00:28,01:00,What kind of pattern is the bass following in the verse?,minor pentatonic,Root - 8va,Dominant 7th arpeggio,Root - 5th - 8va,Melody,Instrumentation,High,135660,Over Me,Jemex,From There to Here,http://creativecommons.org/licenses/by-sa/3.0/,q26_135660.mp3
https://www.jamendo.com/track/135660,00:56,01:30,What effect predominates in the electric guitar's sound?,Distortion,Delay,Gated Reverb,Flanger,Sound Texture,Instrumentation,Low,135660,Over Me,Jemex,From There to Here,http://creativecommons.org/licenses/by-sa/3.0/,q27_135660.mp3
https://www.jamendo.com/track/14013,00:00,01:00,The beginning of the song starts with a change in dynamics. What is this called?,crescendo,diminuendo,sforzando,fortepiano,Performance,Mood and Expression,Low,14013,Roots,Galdson,Roots,http://creativecommons.org/licenses/by-nc-nd/2.5/,q28_14013.mp3
https://www.jamendo.com/track/14013,00:10,01:00,What is the interval between the two voices that play the melody?,octave,unison,3rd,5th,Melody,Musical Texture;Harmony,Medium,14013,Roots,Galdson,Roots,http://creativecommons.org/licenses/by-nc-nd/2.5/,q29_14013.mp3
https://www.jamendo.com/track/14013,01:15,02:00,What is the name of the ornament played by the piano in the melody?,up arpeggio,straight glissando,wavy glissando,down arpeggio,Melody,Performance,Medium,14013,Roots,Galdson,Roots,http://creativecommons.org/licenses/by-nc-nd/2.5/,q30_14013.mp3
https://www.jamendo.com/track/644172,00:00,01:00,The melody starts with four notes on D. Can you guess which note is played after?,C#,C,G,E,Melody,,Medium,644172,Una Bugia,Millionaire Blonde,Una Bugia - SIngle Edition,http://creativecommons.org/licenses/by-nc-sa/3.0/,q31_644172.mp3
https://www.jamendo.com/track/644172,00:13,01:00,This verse of the tune is written...,In a major key,In a minor key,Neither of the two,It is not a tonal tune,Harmony,Melody,Low,644172,Una Bugia,Millionaire Blonde,Una Bugia - SIngle Edition,http://creativecommons.org/licenses/by-nc-sa/3.0/,q32_644172.mp3
https://www.jamendo.com/track/644172,00:30,01:30,What is the time signature of the tune?,4/4,3/4,6/8,9/8,Metre and Rhythm,,Medium,644172,Una Bugia,Millionaire Blonde,Una Bugia - SIngle Edition,http://creativecommons.org/licenses/by-nc-sa/3.0/,q33_644172.mp3
https://www.jamendo.com/track/355486,00:00,01:00,What compositional technique do the piano and the drums use in the introduction?,call and response (also known as question and answer),homophonically,There is only a piano in this excerpt.,counterpoint,Musical Texture,Instrumentation,Medium,355486,Casa Noir,Quantum Jazz,Hand In Space,http://creativecommons.org/licenses/by-sa/3.0/,q34_355486.mp3
https://www.jamendo.com/track/355486,00:00,01:00,In the verse there is a dissonance that doesn't belong the key and mode of the tune. Do you know which one is it?,Ab,G,F,B,Melody,Harmony,High,355486,Casa Noir,Quantum Jazz,Hand In Space,http://creativecommons.org/licenses/by-sa/3.0/,q35_355486.mp3
https://www.jamendo.com/track/355486,03:20,04:10,What element does the piano player introduce in the piano solo?,Block chord voicing solo,Bebop scales,Polytonality,Atonality,Harmony,Musical Texture;Performance,High,355486,Casa Noir,Quantum Jazz,Hand In Space,http://creativecommons.org/licenses/by-sa/3.0/,q36_355486.mp3
https://www.jamendo.com/track/337998,00:00,01:00,Which percussion instrument plays during the verse?,conga,djembe,cabasa,timpani,Instrumentation,Structure,Medium,337998,beautiful,Hiroumi,Kokoro No Furyoku,http://creativecommons.org/licenses/by-sa/3.0/,q37_337998.mp3
https://www.jamendo.com/track/337998,02:30,03:30,"Here, the singer uses a specific vocal technique. Do you know what it's called?",Falsetto,Chest voice,Middle voice,None of the above,Performance,Sound Texture,Low,337998,beautiful,Hiroumi,Kokoro No Furyoku,http://creativecommons.org/licenses/by-sa/3.0/,q38_337998.mp3
https://www.jamendo.com/track/337998,00:00,01:00,What type of instruments predominate in the song?,Acoustic,electronic (analog),electronic (digital),None of the above,Instrumentation,Sound Texture,Low,337998,beautiful,Hiroumi,Kokoro No Furyoku,http://creativecommons.org/licenses/by-sa/3.0/,q39_337998.mp3
https://www.jamendo.com/track/457120,00:00,01:00,The piano introduction features a typical accompaniment style from a specific country. Which country is it?,Cuba,Brazil,Argentina,Venezuela,Genre and Style,Historical and Cultural Context;Instrumentation;Metre and Rhythm,Medium,457120,Sofa,Dazie Mae,Velvet Dress & Stockings,http://creativecommons.org/licenses/by-nc-nd/3.0/,q40_457120.mp3
https://www.jamendo.com/track/457120,00:00,01:00,The guitar is a typical accompaniment from a specific country. Which country is it?,Brazil,Cuba,Argentina,Venezuela,Instrumentation,Historical and Cultural Context;Genre and Style,Medium,457120,Sofa,Dazie Mae,Velvet Dress & Stockings,http://creativecommons.org/licenses/by-nc-nd/3.0/,q41_457120.mp3
https://www.jamendo.com/track/457120,00:00,01:00,What is the singer pursuing with her tone?,Sensuality,Power,Loudness,Detachment,Mood and Expression,Performance;Sound Texture,Low,457120,Sofa,Dazie Mae,Velvet Dress & Stockings,http://creativecommons.org/licenses/by-nc-nd/3.0/,q42_457120.mp3
https://www.jamendo.com/track/1235672,00:20,01:20,How would you define the harmonic rhythm of this tune?,Steady,unstable,hemiolic,chaotic,Harmony,Metre and Rhythm,Medium,1235672,First Time,Matty,The Elements,http://creativecommons.org/licenses/by-nd/3.0/,q43_1235672.mp3
https://www.jamendo.com/track/1235672,01:50,02:50,How could you call the section after the second verse?,C section or bridge,Verse,Chorus,Outro,Structure,,Medium,1235672,First Time,Matty,The Elements,http://creativecommons.org/licenses/by-nd/3.0/,q44_1235672.mp3
https://www.jamendo.com/track/1235672,01:00,02:00,In what decade could this song be created?,2010,1990,1980,1970,Historical and Cultural Context,Genre and Style;Sound Texture;Performance;Instrumentation,Low,1235672,First Time,Matty,The Elements,http://creativecommons.org/licenses/by-nd/3.0/,q45_1235672.mp3
https://www.jamendo.com/track/510027,00:00,01:00,What level of musicianship is required for a synth bass player to perform this song?,Beginner,Advanced,Expert,Professional,Performance,Instrumentation,Medium,510027,Dance Till Day,Jemex,Square 1,http://creativecommons.org/licenses/by-sa/3.0/,q46_510027.mp3
https://www.jamendo.com/track/510027,02:41,03:41,What is the intention behind adding new voices in the last section?,Increase energy,Decrease the energy,Maintain the same energy level,Introduce new energy,Musical Texture,Mood and Expression;Structure;Instrumentation,Low,510027,Dance Till Day,Jemex,Square 1,http://creativecommons.org/licenses/by-sa/3.0/,q47_510027.mp3
https://www.jamendo.com/track/510027,01:10,01:56,Does this song have a differentiated chorus section?,"No, it is very similar to the verse","Yes, it is different from the verse","Yes, but it is more of a C section","No, it is exactly the same as the verse",Structure,,Medium,510027,Dance Till Day,Jemex,Square 1,http://creativecommons.org/licenses/by-sa/3.0/,q48_510027.mp3
https://www.jamendo.com/track/1149194,00:00,01:00,What is the most obvious digital music techniques used in this tune?,Vocal sampling techniques,Arpeggiating,pitch blending,resynthesizing,Sound Texture,Instrumentation,Low,1149194,Fragment (Radio Edit),The.madpix.project,Fragment,http://creativecommons.org/licenses/by-nc-sa/3.0/,q49_1149194.mp3
https://www.jamendo.com/track/1149194,00:00,01:00,Where would you imagine this song being played?,In a night club,At a children's party,During a romantic dinner,After exercising,Functional Context,Mood and Expression;Genre and Style,Low,1149194,Fragment (Radio Edit),The.madpix.project,Fragment,http://creativecommons.org/licenses/by-nc-sa/3.0/,q50_1149194.mp3
https://www.jamendo.com/track/1149194,00:00,01:00,What would you expect a professional jazz musician to say about this tune?,It is very monotonous,It would be great to play a cover of it.,I would like to sing it.,It would be the first song I would listen to after a gig.,Mood and Expression,Melody;Musical Texture;Structure,Low,1149194,Fragment (Radio Edit),The.madpix.project,Fragment,http://creativecommons.org/licenses/by-nc-sa/3.0/,q51_1149194.mp3
https://www.jamendo.com/track/1107251,00:00,01:00,How would you describe the electric guitar motif?,repetitive,varied,diverse,unstable,Melody,Instrumentation,Low,1107251,On The Beach,Jonay,On The Beach,http://creativecommons.org/licenses/by-nc-sa/3.0/,q52_1107251.mp3
https://www.jamendo.com/track/1107251,00:30,01:30,Does this tune explore any themes other than love?,No,"Yes, it talks about professional life.",It depends on the listener's age.,"Yes, it talks about aspirations.",Lyrics,Mood and Expression,Low,1107251,On The Beach,Jonay,On The Beach,http://creativecommons.org/licenses/by-nc-sa/3.0/,q53_1107251.mp3
https://www.jamendo.com/track/1107251,00:30,01:30,What level of humor does this song display?,It is a serious tune,It has some humor,It has a lot of humor,"It is serious, but it has some hilarious parts",Mood and Expression,,Low,1107251,On The Beach,Jonay,On The Beach,http://creativecommons.org/licenses/by-nc-sa/3.0/,q54_1107251.mp3
https://www.jamendo.com/track/189585,01:30,02:30,What is the harmonic interval between the voices in the first two notes of the verse?,4th,5th,octave,6th,Harmony,Melody;Musical Texture,High,189585,Triplexity - Lise (with LucB),Triplexity,Live in Triplex City,http://creativecommons.org/licenses/by-nc-nd/3.0/,q55_189585.mp3
https://www.jamendo.com/track/189585,02:12,03:00,What harmonic technique is used during the chorus?,Secondary dominants,slash chords,Polytonality,Atonality,Harmony,Structure,High,189585,Triplexity - Lise (with LucB),Triplexity,Live in Triplex City,http://creativecommons.org/licenses/by-nc-nd/3.0/,q56_189585.mp3
https://www.jamendo.com/track/189585,03:00,04:00,Which guitar comping style can we here in the tune?,bossa nova,manouche guitar,flamenco guitar,hard bop,Genre and Style,Instrumentation;Performance;Historical and Cultural Context,Low,189585,Triplexity - Lise (with LucB),Triplexity,Live in Triplex City,http://creativecommons.org/licenses/by-nc-nd/3.0/,q57_189585.mp3
https://www.jamendo.com/track/170946,02:00,03:00,Which country does this tune remind you of?,Brazil,Uruguay,Colombia,Cuba,Historical and Cultural Context,Genre and Style,Low,170946,01-Manila,Luc Bartoli,Manila,http://creativecommons.org/licenses/by-nc-sa/3.0/,q58_170946.mp3
https://www.jamendo.com/track/170946,02:00,03:00,What effect do the brushes have on the song?,More intimacy,More precision in rhythm,Less precision,Less intimacy,Sound Texture,Mood and Expression;Performance;Instrumentation,Low,170946,01-Manila,Luc Bartoli,Manila,http://creativecommons.org/licenses/by-nc-sa/3.0/,q59_170946.mp3
https://www.jamendo.com/track/170946,03:15,04:00,Which instrumentalist do you think is the leader of the band?,pianist,bassist,saxophonist,drummer,Instrumentation,Performance,Low,170946,01-Manila,Luc Bartoli,Manila,http://creativecommons.org/licenses/by-nc-sa/3.0/,q60_170946.mp3
https://www.jamendo.com/track/1278743,00:00,01:00,What music genre does the introduction remind you of?,Bolero,copla,bossa nova,tumbao,Genre and Style,,Medium,1278743,Dont Beg,The.madpix.project,Dont Beg,http://creativecommons.org/licenses/by-nc-sa/3.0/,q61_1278743.mp3
https://www.jamendo.com/track/1278743,00:00,01:00,How much fusion between genres and countries is there in this song?,high,intermediate,low,no fusion,Genre and Style,Historical and Cultural Context,Low,1278743,Dont Beg,The.madpix.project,Dont Beg,http://creativecommons.org/licenses/by-nc-sa/3.0/,q62_1278743.mp3
https://www.jamendo.com/track/1278743,00:00,01:00,What effect introduces the kick in the song?,It creates an electronic vive,It creates a rock vibe,It changes the time signature,It masks the congo rhythm,Sound Texture,Metre and Rhythm;Genre and Style,Low,1278743,Dont Beg,The.madpix.project,Dont Beg,http://creativecommons.org/licenses/by-nc-sa/3.0/,q63_1278743.mp3
https://www.jamendo.com/track/261271,00:00,01:00,What surprises you about the harmony in this song?,It has many second dominants,It uses chords with tensions,It uses polychords,Nothing is surprising,Harmony,,High,261271,Misbehaved,Dazie Mae,Dazie Mae (demo),http://creativecommons.org/licenses/by-nc-nd/3.0/,q64_261271.mp3
https://www.jamendo.com/track/261271,00:00,01:00,Which music genre does the introduction remind you of?,Ragtime,bebop,hard bop,gypsy jazz,Genre and Style,,Low,261271,Misbehaved,Dazie Mae,Dazie Mae (demo),http://creativecommons.org/licenses/by-nc-nd/3.0/,q65_261271.mp3
https://www.jamendo.com/track/261271,00:00,01:00,What could this music be used for?,A movie,A funeral,A soundscape installation,During an English test,Functional Context,Mood and Expression,Low,261271,Misbehaved,Dazie Mae,Dazie Mae (demo),http://creativecommons.org/licenses/by-nc-nd/3.0/,q66_261271.mp3
https://www.jamendo.com/track/1051201,03:23,04:23,What are your thoughts on the piano bass voice of the outro?,It creates an old-fashioned feeling,It is elaborated,It sounds perfectly consonant,It is too low in pitch,Mood and Expression,Instrumentation;Sound Texture;Musical Texture,Low,1051201,Show Me,Jill Zimmerman,Earthbound,http://creativecommons.org/licenses/by-nc-sa/3.0/,q67_1051201.mp3
https://www.jamendo.com/track/1051201,00:00,01:00,What feeling does the music aim to create?,melancholy,excitement,joy,power,Mood and Expression,,Low,1051201,Show Me,Jill Zimmerman,Earthbound,http://creativecommons.org/licenses/by-nc-sa/3.0/,q68_1051201.mp3
https://www.jamendo.com/track/1051201,00:00,01:00,What level of musicianship do the instrumentalists display in this song?,beginner,advanced,professional,expert,Performance,,Low,1051201,Show Me,Jill Zimmerman,Earthbound,http://creativecommons.org/licenses/by-nc-sa/3.0/,q69_1051201.mp3
https://www.jamendo.com/track/1247308,00:00,01:00,What stands out when you listen the beginning of this song?,The poor rhythm skills of some musicians,the musicians' good sense of rhythm,the song's great originality,the harmonic progression,Metre and Rhythm,Performance,Low,1247308,To Be a Master P.,Boom Boom Beckett,Boom Boom Baby,http://creativecommons.org/licenses/by-nc/3.0/,q70_1247308.mp3
https://www.jamendo.com/track/1247308,01:30,02:30,What harmonic interval does the electric guitar use during its solo?,8va,5th,3rd,6th,Harmony,Melody;Instrumentation,Medium,1247308,To Be a Master P.,Boom Boom Beckett,Boom Boom Baby,http://creativecommons.org/licenses/by-nc/3.0/,q71_1247308.mp3
https://www.jamendo.com/track/1247308,02:00,03:20,What is the longest section of the tune?,Solos,Verse,Chorus,Introduction,Structure,Performance,Medium,1247308,To Be a Master P.,Boom Boom Beckett,Boom Boom Baby,http://creativecommons.org/licenses/by-nc/3.0/,q72_1247308.mp3
https://www.jamendo.com/track/26738,00:00,01:00,Which instrument plays the lead sounds in the intro?,Synth,Guitar,Piano,Bass,Instrumentation,Sound Texture,Low,26738,Alone,Tryad,Listen,http://creativecommons.org/licenses/by-sa/2.5/,q73_26738.mp3
https://www.jamendo.com/track/26738,00:00,01:00,What type of synths are firstly introduced in the intro?,Sequenced,Pads,Pluck,Lead,Instrumentation,Sound Texture,Medium,26738,Alone,Tryad,Listen,http://creativecommons.org/licenses/by-sa/2.5/,q74_26738.mp3
https://www.jamendo.com/track/26738,00:00,01:00,What type of choral music does the intro remind you of?,Gregorian chant,Gospel,Contemporary choirs,Vocal Jazz,Genre and Style,Historical and Cultural Context,Low,26738,Alone,Tryad,Listen,http://creativecommons.org/licenses/by-sa/2.5/,q75_26738.mp3
https://www.jamendo.com/track/1087890,00:00,01:00,Which guitar technique is used at the beginning of the song?,Riff,Walking bass,Tremolo picking,Banjo roll,Performance,Instrumentation,Low,1087890,Shine,Ralf G.,Shine,http://creativecommons.org/licenses/by-nc-sa/3.0/,q76_1087890.mp3
https://www.jamendo.com/track/1087890,00:30,02:00,What kind of instruments are used during the song?,Digital electronic,Acoustic,Analog acoustic,Brass instruments,Instrumentation,Sound Texture,Low,1087890,Shine,Ralf G.,Shine,http://creativecommons.org/licenses/by-nc-sa/3.0/,q77_1087890.mp3
https://www.jamendo.com/track/1087890,00:30,02:00,What is the predominant tempo of the song?,136bpm,180bpm,90bpm,100bpm,Metre and Rhythm,,Medium,1087890,Shine,Ralf G.,Shine,http://creativecommons.org/licenses/by-nc-sa/3.0/,q78_1087890.mp3
https://www.jamendo.com/track/467850,00:00,01:00,What kind of string instrument is heard at the beginning?,Banjo,Electric guitar,Jarana,Ukulele,Instrumentation,Sound Texture,Low,467850,Analcolico,Millionaire Blonde,Analcolico - Single Edition,http://creativecommons.org/licenses/by-nc-sa/3.0/,q79_467850.mp3
https://www.jamendo.com/track/467850,00:30,02:00,What genre does the song evoke?,Latin music,Rock,Flamenco,Funk,Genre and Style,,Low,467850,Analcolico,Millionaire Blonde,Analcolico - Single Edition,http://creativecommons.org/licenses/by-nc-sa/3.0/,q80_467850.mp3
https://www.jamendo.com/track/467850,00:30,02:00,Which continent does the rhythm of the song remind you of?,South America,Europe,Africa,Asia,Metre and Rhythm,Genre and Style;Historical and Cultural Context,Low,467850,Analcolico,Millionaire Blonde,Analcolico - Single Edition,http://creativecommons.org/licenses/by-nc-sa/3.0/,q81_467850.mp3
https://www.jamendo.com/track/875005,00:00,00:35,What is the tempo of the intro?,Adagio,Andante,Allegro,Moderato,Metre and Rhythm,Performance;Structure,Medium,875005,look up,This Public Life,The Banquet,http://creativecommons.org/licenses/by-sa/3.0/,q82_875005.mp3
https://www.jamendo.com/track/875005,00:00,00:40,How many chords are played in the intro?,2,1,3,4,Harmony,Structure,Medium,875005,look up,This Public Life,The Banquet,http://creativecommons.org/licenses/by-sa/3.0/,q83_875005.mp3
https://www.jamendo.com/track/875005,00:00,00:30,What kind of chord does the guitar play right at the beginning of the song?,Major 7,Minor,Dominant 7,Major 7#4,Harmony,Instrumentation,High,875005,look up,This Public Life,The Banquet,http://creativecommons.org/licenses/by-sa/3.0/,q84_875005.mp3
https://www.jamendo.com/track/1215807,00:00,00:30,What kind of accompaniment does the guitar play?,Arpeggios,Counterpoints,Riffs,Broken chords,Musical Texture,Harmony;Instrumentation,Medium,1215807,Fine,Manhat10,Take It (EP),http://creativecommons.org/licenses/by/3.0/,q85_1215807.mp3
https://www.jamendo.com/track/1215807,00:00,00:30,What human sound does the lead instrument resemble in the introduction?,Whistle,Vibrato,Scat,Falsetto,Sound Texture,Instrumentation,Low,1215807,Fine,Manhat10,Take It (EP),http://creativecommons.org/licenses/by/3.0/,q86_1215807.mp3
https://www.jamendo.com/track/1215807,00:30,02:00,Which instrument creates a mood of excitement in the song?,Digital Pads,Drums,Electric guitar,Piano,Instrumentation,Mood and Expression,Medium,1215807,Fine,Manhat10,Take It (EP),http://creativecommons.org/licenses/by/3.0/,q87_1215807.mp3
https://www.jamendo.com/track/306166,00:00,00:30,What kind of chord does the guitar play right at the beginning of the song?,Minor,Augmented,Major,Block chord,Harmony,Instrumentation,Low,306166,See The Ghosts,Stephane TV,s/t (ep),http://creativecommons.org/licenses/by-nc-sa/3.0/,q88_306166.mp3
https://www.jamendo.com/track/306166,00:00,00:30,Which is the first interval sung by the lead voice?,perfect 5th,minor 2nd,unison,major 2nd,Melody,,Medium,306166,See The Ghosts,Stephane TV,s/t (ep),http://creativecommons.org/licenses/by-nc-sa/3.0/,q89_306166.mp3
https://www.jamendo.com/track/306166,02:28,03:00,How does the drummer create anticipation for the final verse?,Toms and snare fill,Cymbal fill,Hi Hat fill,Kick drum fill,Performance,Metre and Rhythm;Instrumentation,Medium,306166,See The Ghosts,Stephane TV,s/t (ep),http://creativecommons.org/licenses/by-nc-sa/3.0/,q90_306166.mp3
https://www.jamendo.com/track/8559,00:00,01:30,Which country does the song evoke?,Spain,Mexico,Russia,United Kingdom,Historical and Cultural Context,Genre and Style;Instrumentation;Mood and Expression,Low,8559,Silk Road,Manu Cornet,Distance & Temps,http://creativecommons.org/licenses/by-nc-sa/2.5/,q91_8559.mp3
https://www.jamendo.com/track/8559,00:00,01:30,Which guitar instrumental technique is used in the song?,Flamenco Strum,Pull Off,Slide,Palm Mute,Performance,Instrumentation;Genre and Style,Low,8559,Silk Road,Manu Cornet,Distance & Temps,http://creativecommons.org/licenses/by-nc-sa/2.5/,q92_8559.mp3
https://www.jamendo.com/track/8559,00:00,01:30,What kind of bass is used in the song?,Double Bass,Acoustic Bass,Electric Bass,Baby Bass,Instrumentation,,Medium,8559,Silk Road,Manu Cornet,Distance & Temps,http://creativecommons.org/licenses/by-nc-sa/2.5/,q93_8559.mp3
https://www.jamendo.com/track/1420928,00:00,00:30,What kinds of string instruments are used in the intro?,Digital Synth Strings,Acoustic Strings,Baroque Strings,Sitar,Instrumentation,Sound Texture,Low,1420928,Free forever - James Stefano,Monkeyman,Monkeyman-Music presents,http://creativecommons.org/licenses/by/3.0/,q94_1420928.mp3
https://www.jamendo.com/track/1420928,00:00,01:30,What emotions does the song create?,Joyful,Dreamy,Amusing,Sad,Mood and Expression,,Low,1420928,Free forever - James Stefano,Monkeyman,Monkeyman-Music presents,http://creativecommons.org/licenses/by/3.0/,q95_1420928.mp3
https://www.jamendo.com/track/1420928,00:00,00:30,How many chords does the song use?,4,3,2,1,Harmony,,Medium,1420928,Free forever - James Stefano,Monkeyman,Monkeyman-Music presents,http://creativecommons.org/licenses/by/3.0/,q96_1420928.mp3
https://www.jamendo.com/track/1319502,00:00,01:30,In what style is the acoustic guitar accompanying?,Flamenco,Pop,Jazz,Soul,Genre and Style,Instrumentation,Low,1319502,Wanna See You,Niki J Crawford,,http://creativecommons.org/licenses/by-nc-nd/3.0/,q97_1319502.mp3
https://www.jamendo.com/track/1319502,00:00,01:30,What kind of drums are used in the song?,Digital pads,There is no drums,Acoustic drums,Other type,Instrumentation,Sound Texture,Medium,1319502,Wanna See You,Niki J Crawford,,http://creativecommons.org/licenses/by-nc-nd/3.0/,q98_1319502.mp3
https://www.jamendo.com/track/1319502,00:30,2:00,Which country do you imagine this song is from?,USA,United Kingdom,France,Russia,Historical and Cultural Context,Genre and Style,Low,1319502,Wanna See You,Niki J Crawford,,http://creativecommons.org/licenses/by-nc-nd/3.0/,q99_1319502.mp3
https://www.jamendo.com/track/1247352,00:00,00:30,Which instrument plays the lead sound in the introduction?,Muted trombone,Trumpet,Tuba,Saxophone,Instrumentation,Sound Texture,High,1247352,Talk Samba (Parliamo un pò),Boom Boom Beckett,Boom Boom Baby,http://creativecommons.org/licenses/by-nc/3.0/,q100_1247352.mp3
https://www.jamendo.com/track/1247352,00:00,00:30,Which interval is played in the first two notes of the trombone?,8a,Major 5th,4th,9th,Melody,Instrumentation,High,1247352,Talk Samba (Parliamo un pò),Boom Boom Beckett,Boom Boom Baby,http://creativecommons.org/licenses/by-nc/3.0/,q101_1247352.mp3
https://www.jamendo.com/track/1247352,03:00,04:00,What kind of saxophone plays the solo?,Tenor Sax,Alto Sax,Soprano Sax,Baritone Sax,Instrumentation,Sound Texture,Medium,1247352,Talk Samba (Parliamo un pò),Boom Boom Beckett,Boom Boom Baby,http://creativecommons.org/licenses/by-nc/3.0/,q102_1247352.mp3
https://www.jamendo.com/track/625206,00:00,01:30,What is the time signature of the tune?,2/2,3/4,6/8,3/8,Metre and Rhythm,,Medium,625206,Autopista,Arnaud Martin Jazabana,jazabana,http://creativecommons.org/licenses/by-nc-nd/3.0/,q103_625206.mp3
https://www.jamendo.com/track/625206,00:00,01:30,What kind of bass is used in the song?,Electric bass,upright bass,baby bass,acoustic bass guitar,Instrumentation,Sound Texture,Medium,625206,Autopista,Arnaud Martin Jazabana,jazabana,http://creativecommons.org/licenses/by-nc-nd/3.0/,q104_625206.mp3
https://www.jamendo.com/track/625206,00:10,00:40,What part of the drums is used to set the beat in the intro?,Hi hats,Ride cymbal,Snare drum,Kick drum,Instrumentation,Metre and Rhythm,Medium,625206,Autopista,Arnaud Martin Jazabana,jazabana,http://creativecommons.org/licenses/by-nc-nd/3.0/,q105_625206.mp3
https://www.jamendo.com/track/395289,00:30,02:00,What kind of jazz ensemble plays the song?,Trio,Quartet,Quintet,Duo,Instrumentation,Genre and Style,Low,395289,In praise of Honey Rose,Paolo Pavan,Looking for a Way Out,http://creativecommons.org/licenses/by-nc-sa/3.0/,q106_395289.mp3
https://www.jamendo.com/track/2083,00:00,01:27,What kind of rhythm is used by the bass line in the intro?,Syncopation,Polyrhythm,Walking,Straight eighths,Metre and Rhythm,Instrumentation,Medium,2083,TripToJazz,Manuzik,Nouvelles Shortstories,http://creativecommons.org/licenses/by-nc-sa/2.5/,q107_2083.mp3
https://www.jamendo.com/track/2083,00:30,02:00,What style of jazz would you say this tune is?,Lounge,Lo Fi,Bebop,Swing,Genre and Style,Mood and Expression,Low,2083,TripToJazz,Manuzik,Nouvelles Shortstories,http://creativecommons.org/licenses/by-nc-sa/2.5/,q108_2083.mp3
https://www.jamendo.com/track/2083,02:00,03:29,Which instrument predominates in the solos?,Upright bass,Voice,Synths,Drums,Instrumentation,Performance,Low,2083,TripToJazz,Manuzik,Nouvelles Shortstories,http://creativecommons.org/licenses/by-nc-sa/2.5/,q109_2083.mp3
https://www.jamendo.com/track/1336202,01:27,02:50,Which piano technique is used during this part of the song?,Broken chords,Block chords,Power chords,Counterpoint,Performance,Musical Texture;Instrumentation,Medium,1336202,Letters Home,Grégoire Lourme,1914-1918 Never Forget,http://creativecommons.org/licenses/by-nc-nd/3.0/,q110_1336202.mp3
https://www.jamendo.com/track/1336202,00:30,02:00,What could this music be used for?,Soundtrack,Jazz Club,Party music,Funeral,Functional Context,Genre and Style,Low,1336202,Letters Home,Grégoire Lourme,1914-1918 Never Forget,http://creativecommons.org/licenses/by-nc-nd/3.0/,q111_1336202.mp3
https://www.jamendo.com/track/1336202,02:30,03:30,Which instrument is used to create contrast?,Cello,Violin,Bass,Viola,Instrumentation,,Medium,1336202,Letters Home,Grégoire Lourme,1914-1918 Never Forget,http://creativecommons.org/licenses/by-nc-nd/3.0/,q112_1336202.mp3
https://www.jamendo.com/track/1327741,00:30,02:00,Which country do you think the music is from?,Jamaica,France,India,Mexico,Historical and Cultural Context,Genre and Style,Low,1327741,Pra_Onde_e_Que_eu_Vou_,diego Noar,Um lado vasto,http://creativecommons.org/licenses/by-nc-sa/3.0/,q113_1327741.mp3
https://www.jamendo.com/track/1327741,01:30,02:00,What kind of scale is used in the guitar motif?,E minor,Eb minor pentatonic,Eb Major,E-flat minor blues,Melody,,High,1327741,Pra_Onde_e_Que_eu_Vou_,diego Noar,Um lado vasto,http://creativecommons.org/licenses/by-nc-sa/3.0/,q114_1327741.mp3
https://www.jamendo.com/track/1327741,00:30,02:00,Which piano technique predominantly is used during the accompaniment?,Rhythmic Arpeggios,Counterpoint,Block chords,Rhythm comping,Musical Texture,Performance;Instrumentation,Medium,1327741,Pra_Onde_e_Que_eu_Vou_,diego Noar,Um lado vasto,http://creativecommons.org/licenses/by-nc-sa/3.0/,q115_1327741.mp3
https://www.jamendo.com/track/1162034,00:00,01:00,What type of harmonic progression predominates in the song?,ii-V-I,ii-V-iv,I-IV-V,I-iii-ii,Harmony,,High,1162034,"My name is Nova, Bossa Nova",Giorgio Ghiglieri,Generi di prima necessità,http://creativecommons.org/licenses/by-nc-nd/3.0/,q116_1162034.mp3
https://www.jamendo.com/track/1162034,00:00,01:00,There is a motif that is constantly repeated throughout the solo. Do you know which one?,B4-D5-G4-B4-E4-G4,B4-A4-G4-B4-C5,A4-F#4-G4-B4-C5,G4-A4-B4-A4-G4,Melody,Structure,High,1162034,"My name is Nova, Bossa Nova",Giorgio Ghiglieri,Generi di prima necessità,http://creativecommons.org/licenses/by-nc-nd/3.0/,q117_1162034.mp3
https://www.jamendo.com/track/1162034,00:00,01:00,What kind of jazz ensemble plays the song?,Quartet,Trio,Quintet,Duo,Instrumentation,Genre and Style,Low,1162034,"My name is Nova, Bossa Nova",Giorgio Ghiglieri,Generi di prima necessità,http://creativecommons.org/licenses/by-nc-nd/3.0/,q118_1162034.mp3
https://www.jamendo.com/track/1227239,00:00,01:00,What impression does the singer aim to create with her singing style?,naturality,complicated arrangements,elaborate harmonies,complicated vocal effects,Mood and Expression,Performance,Low,1227239,Wasted,Devon Elizabeth,The Loneliest Dream,http://creativecommons.org/licenses/by/3.0/,q119_1227239.mp3
https://www.jamendo.com/track/1227239,01:00,02:00,There is a chord that is out of key. Do you know which one?,Second chord of the chorus,First chord of the verse,First chord of the chorus,First chord of part C,Harmony,Structure,Medium,1227239,Wasted,Devon Elizabeth,The Loneliest Dream,http://creativecommons.org/licenses/by/3.0/,q120_1227239.mp3
https://www.jamendo.com/track/1227239,00:00,01:00,Which instrument stands out at the front of the mix?,Vocals,Drums,Organ,Bass,Instrumentation,Sound Texture,Low,1227239,Wasted,Devon Elizabeth,The Loneliest Dream,http://creativecommons.org/licenses/by/3.0/,q121_1227239.mp3
https://www.jamendo.com/track/114772,01:00,02:00,What is the main part of this song?,the solos,the verse,the chorus,the intro,Structure,Performance,Medium,114772,02 - Urban Slanging,Paolo Pavan,INSIDE,http://creativecommons.org/licenses/by-nc-sa/3.0/,q122_114772.mp3
https://www.jamendo.com/track/114772,01:00,02:00,How would you describe the comping style of the double bass?,walking bass,chromatic passing notes,chromatic chords,harmonized melody,Harmony,Metre and Rhythm;Instrumentation;Musical Texture;Performance,Medium,114772,02 - Urban Slanging,Paolo Pavan,INSIDE,http://creativecommons.org/licenses/by-nc-sa/3.0/,q123_114772.mp3
https://www.jamendo.com/track/114772,02:00,03:00,What effect does the piano aim to create when playing the pedal point?,tension,consonance,stability,release,Musical Texture,Harmony;Mood and Expression,Low,114772,02 - Urban Slanging,Paolo Pavan,INSIDE,http://creativecommons.org/licenses/by-nc-sa/3.0/,q124_114772.mp3
https://www.jamendo.com/track/187621,00:40,01:40,What is the main purpose of this song?,to make people dance,to create interesting melodies,to mix different music styles,to create a song for an advertisement,Functional Context,Mood and Expression;Genre and Style,Low,187621,La ultima suerte,Chewbaska,Chewbaska - The Shape of Ska to come,http://creativecommons.org/licenses/by-nc-nd/3.0/,q125_187621.mp3
https://www.jamendo.com/track/187621,01:00,02:00,What emotion is mainly conveyed in this song?,joy,sadness,anger,disgust,Mood and Expression,,Low,187621,La ultima suerte,Chewbaska,Chewbaska - The Shape of Ska to come,http://creativecommons.org/licenses/by-nc-nd/3.0/,q126_187621.mp3
https://www.jamendo.com/track/187621,01:00,02:00,Which instrumental section give this tune its unique sound?,brass section,string section,digital synths section,vocals,Instrumentation,Sound Texture,Low,187621,La ultima suerte,Chewbaska,Chewbaska - The Shape of Ska to come,http://creativecommons.org/licenses/by-nc-nd/3.0/,q127_187621.mp3
https://www.jamendo.com/track/332470,01:00,02:00,Why would you say this is a rumba?,because of the rhythm of the background guitar,because of the chords,because of the instruments,because people are clapping,Metre and Rhythm,Genre and Style,Medium,332470,Rumba Alemana,El Perez,Por rumbas,http://creativecommons.org/licenses/by/2.5/es/,q128_332470.mp3
https://www.jamendo.com/track/332470,00:00,01:00,Which country do you think this music is from?,Spain,Cuba,Mexico,Colombia,Historical and Cultural Context,Genre and Style;Instrumentation,Low,332470,Rumba Alemana,El Perez,Por rumbas,http://creativecommons.org/licenses/by/2.5/es/,q129_332470.mp3
https://www.jamendo.com/track/332470,01:00,02:00,What intervals create dissonance in the background guitar?,4ths,fifths,octaves,Unison,Melody,Harmony,Medium,332470,Rumba Alemana,El Perez,Por rumbas,http://creativecommons.org/licenses/by/2.5/es/,q130_332470.mp3
https://www.jamendo.com/track/182074,00:00,01:00,What technique does this introduction aim to recreate?,Sampling,synthesizing sound,tape machine,sound generators,Sound Texture,,Low,182074,Scattered Knowledge,Revolution Void,The Politics of Desire,http://creativecommons.org/licenses/by-nc-nd/3.0/,q131_182074.mp3
https://www.jamendo.com/track/182074,00:00,01:00,What gives the drums their unique house jazz sound?,Ride,snare,kick,hi-hat,Instrumentation,Sound Texture;Performance;Genre and Style,Medium,182074,Scattered Knowledge,Revolution Void,The Politics of Desire,http://creativecommons.org/licenses/by-nc-nd/3.0/,q132_182074.mp3
https://www.jamendo.com/track/182074,00:00,01:00,"What might be a reason this song is called ""Scattered Knowledge""?",because there are many audio sample scattered throughout the song,Because the melody sounds scattered,because of the drums,because of the bass,Sound Texture,Instrumentation;Structure,Low,182074,Scattered Knowledge,Revolution Void,The Politics of Desire,http://creativecommons.org/licenses/by-nc-nd/3.0/,q133_182074.mp3
https://www.jamendo.com/track/172015,00:00,01:30,What rhythmic pattern is used by the percussion throughout the entire song?,3+3+2,3+3+3,3+2+3,4+4+2,Metre and Rhythm,Instrumentation,High,172015,Bad As Jonay,Jonay,The Darker The Sky Is The Brighter The Stars Shine,http://creativecommons.org/licenses/by/2.5/se/,q134_172015.mp3
https://www.jamendo.com/track/172015,00:00,01:30,Which region of the world do you think the rhythm is from?,Arab world,South American,East European,Mediterranean,Metre and Rhythm,Historical and Cultural Context;Genre and Style,Low,172015,Bad As Jonay,Jonay,The Darker The Sky Is The Brighter The Stars Shine,http://creativecommons.org/licenses/by/2.5/se/,q135_172015.mp3
https://www.jamendo.com/track/172015,00:00,01:30,What kind of accompaniment instruments are used in the song?,Digital Synths,Acoustic strings,Acoustic pianos,Electric guitar,Instrumentation,Sound Texture,Low,172015,Bad As Jonay,Jonay,The Darker The Sky Is The Brighter The Stars Shine,http://creativecommons.org/licenses/by/2.5/se/,q136_172015.mp3
https://www.jamendo.com/track/250001,00:30,02:00,Where do you think the song could be played?,Lounge bar,Jazz Club,Concert Hall,Open Air Concert,Functional Context,Genre and Style,Low,250001,SG-nifico,Bielebny,iutro',http://creativecommons.org/licenses/by-nc-sa/3.0/,q137_250001.mp3
https://www.jamendo.com/track/250001,00:30,02:00,Which instrument predominates in the solos?,Vibraphone,Piano,Bass,Voice,Instrumentation,Performance,Medium,250001,SG-nifico,Bielebny,iutro',http://creativecommons.org/licenses/by-nc-sa/3.0/,q138_250001.mp3
https://www.jamendo.com/track/250001,00:30,02:00,What type of articulation is used by lead synth in the introduction?,Legato,Tenuto,Marcato,Pizzicato,Performance,Instrumentation;Sound Texture,Medium,250001,SG-nifico,Bielebny,iutro',http://creativecommons.org/licenses/by-nc-sa/3.0/,q139_250001.mp3
https://www.jamendo.com/track/1138688,00:30,02:00,Which instrument predominates in the accompaniment?,Ukulele,Mandolin,Cuatro Venezolano,Electric guitar,Instrumentation,Sound Texture,Medium,1138688,Ma queue d'écureuil,Löhstana David,Poils de chiens,http://creativecommons.org/licenses/by-sa/3.0/,q140_1138688.mp3
https://www.jamendo.com/track/1138688,00:00,01:30,Where is this kind of string instrument mostly used?,South america,Africa,Europe,Asia,Historical and Cultural Context,Instrumentation,Low,1138688,Ma queue d'écureuil,Löhstana David,Poils de chiens,http://creativecommons.org/licenses/by-sa/3.0/,q141_1138688.mp3
https://www.jamendo.com/track/1138688,00:30,02:00,What kind of emotions does the song evoke?,Joy,Disgust,Fear,Anger,Mood and Expression,,Low,1138688,Ma queue d'écureuil,Löhstana David,Poils de chiens,http://creativecommons.org/licenses/by-sa/3.0/,q142_1138688.mp3
https://www.jamendo.com/track/14458,00:00,00:30,What is the predominant key in the intro?,B-flat Major,E-flat Major,C minor,A minor,Harmony,Structure;Melody,High,14458,Lit d'îles,Avec elle,A l'aube,http://creativecommons.org/licenses/by-nc-sa/2.5/,q143_14458.mp3
https://www.jamendo.com/track/14458,00:30,01:00,What type of interval is created between the lead voice and the backing vocalist?,Major intervals,Minor intervals,Diminished intervals,Augmented intervals,Melody,Harmony,High,14458,Lit d'îles,Avec elle,A l'aube,http://creativecommons.org/licenses/by-nc-sa/2.5/,q144_14458.mp3
https://www.jamendo.com/track/14458,04:00,04:50,What instrument is used to introduce the climax of the song?,Tambourine,Toms,Cymbal,Hi-hats,Instrumentation,Structure,Low,14458,Lit d'îles,Avec elle,A l'aube,http://creativecommons.org/licenses/by-nc-sa/2.5/,q145_14458.mp3
https://www.jamendo.com/track/179608,00:00,01:30,What kind of technique best describes the bass line?,Repeating Pattern,Root Fifth,Heavy Eighths,Slap,Musical Texture,Performance;Metre and Rhythm;Harmony,Low,179608,The Little Lies,Sickboys and Lowmen,White Buffalo,http://creativecommons.org/licenses/by-nc-nd/3.0/nl/,q146_179608.mp3
https://www.jamendo.com/track/179608,00:00,01:30,How are the sustained guitar chords being played in the verse?,Long duration,Breakdown,Straight,Arpeggiato,Performance,Musical Texture,Low,179608,The Little Lies,Sickboys and Lowmen,White Buffalo,http://creativecommons.org/licenses/by-nc-nd/3.0/nl/,q147_179608.mp3
https://www.jamendo.com/track/179608,02:40,03:11,What is the main musical feature of the outro?,Instrumental,Climax,Voice solo,Guitar solo,Instrumentation,Structure;Performance,Low,179608,The Little Lies,Sickboys and Lowmen,White Buffalo,http://creativecommons.org/licenses/by-nc-nd/3.0/nl/,q148_179608.mp3
https://www.jamendo.com/track/150794,00:00,01:11,How many times is the main theme played in the intro?,2,1,3,7,Structure,Melody,Medium,150794,Blue in Green,Still Playing Guitar,Still Playing Guitar,http://creativecommons.org/licenses/by-nc-sa/3.0/,q149_150794.mp3
https://www.jamendo.com/track/150794,00:00,01:30,Which is the main instrument that plays in the song?,Guitar,Bass,Drums,Piano,Instrumentation,,Low,150794,Blue in Green,Still Playing Guitar,Still Playing Guitar,http://creativecommons.org/licenses/by-nc-sa/3.0/,q150_150794.mp3
https://www.jamendo.com/track/150794,02:30,03:36,What kind of guitars are playing at the end of the song?,Acoustic & electric,Electic only,Only acoustic,Bass guitars,Instrumentation,Structure,Low,150794,Blue in Green,Still Playing Guitar,Still Playing Guitar,http://creativecommons.org/licenses/by-nc-sa/3.0/,q151_150794.mp3
https://www.jamendo.com/track/1051378,00:30,02:00,Where is this type of music usually played?,Clubs,Bars,Concert halls,Jazz clubs,Functional Context,Performance,Low,1051378,All Rights Reserved,Anny Sky,All Rights Reserved,http://creativecommons.org/licenses/by-nc-sa/3.0/,q152_1051378.mp3
https://www.jamendo.com/track/1051378,00:00,01:30,What kind of instruments are used in the song?,Digital Synths,Acoustic,Strings,Brass,Instrumentation,Sound Texture,Low,1051378,All Rights Reserved,Anny Sky,All Rights Reserved,http://creativecommons.org/licenses/by-nc-sa/3.0/,q153_1051378.mp3
https://www.jamendo.com/track/1051378,02:00,02:30,What key is used in the break?,F major,C major,Bb major,D major,Harmony,Structure,Medium,1051378,All Rights Reserved,Anny Sky,All Rights Reserved,http://creativecommons.org/licenses/by-nc-sa/3.0/,q154_1051378.mp3
https://www.jamendo.com/track/1199044,00:00,01:00,What mood do you think the song conveys?,optimistic,relaxing,epic,boring,Mood and Expression,Performance;Lyrics,Low,1199044,Feel Free,Safar Mirzoev,Feel Free,http://creativecommons.org/licenses/by-nd/3.0/,q155_1199044.mp3
https://www.jamendo.com/track/1199044,00:00,01:00,How would you describe the sound of the snare?,muddy,clean,focused,boring,Sound Texture,Instrumentation;Performance,Medium,1199044,Feel Free,Safar Mirzoev,Feel Free,http://creativecommons.org/licenses/by-nd/3.0/,q156_1199044.mp3
https://www.jamendo.com/track/1199044,00:35,01:35,What instrument adds syncopation to the verse?,piano,guitar,bass,saxophone,Metre and Rhythm,Instrumentation,Medium,1199044,Feel Free,Safar Mirzoev,Feel Free,http://creativecommons.org/licenses/by-nd/3.0/,q157_1199044.mp3
https://www.jamendo.com/track/14014,00:20,01:20,What musical style do the arpeggios remind you of?,Impressionism,Classicism,Contemporary academic music,Baroque,Genre and Style,Musical Texture;Harmony,Medium,14014,Old times,Galdson,Roots,http://creativecommons.org/licenses/by-nc-nd/2.5/,q158_14014.mp3
https://www.jamendo.com/track/14014,00:20,01:20,What can you say about the harmony?,It's tonal harmony without dissonances,It's tonal harmony with quite a lot of dissonances,It's modal harmony,It's polytonal,Harmony,,Medium,14014,Old times,Galdson,Roots,http://creativecommons.org/licenses/by-nc-nd/2.5/,q159_14014.mp3
https://www.jamendo.com/track/14014,00:20,01:20,What can you say about the bass notes?,It describes a melodic line,It does not describe a melodic line,It always plays the tonic or the dominant,It plays random notes,Melody,Musical Texture;Harmony,Medium,14014,Old times,Galdson,Roots,http://creativecommons.org/licenses/by-nc-nd/2.5/,q160_14014.mp3
https://www.jamendo.com/track/1177896,00:00,01:00,What would you add to the drums to make them more present?,A compressor,An equalizer,I would duplicate the track,I would play it in mono,Sound Texture,Performance,High,1177896,See Me When I Shine,Michael Ellis,The Complexity Of Things,http://creativecommons.org/licenses/by-nc-sa/3.0/,q161_1177896.mp3
https://www.jamendo.com/track/1177896,00:30,01:30,What can you say about the harmonic structure?,It is similar to a blues with some variations,It is a blues structure,It has a pop structure,It has a rock structure,Harmony,Genre and Style;Structure,Medium,1177896,See Me When I Shine,Michael Ellis,The Complexity Of Things,http://creativecommons.org/licenses/by-nc-sa/3.0/,q162_1177896.mp3
https://www.jamendo.com/track/1177896,00:30,01:30,Which age group is most likely to listen to this tune?,>40,30–40,20–30,10–20,Functional Context,Historical and Cultural Context,Low,1177896,See Me When I Shine,Michael Ellis,The Complexity Of Things,http://creativecommons.org/licenses/by-nc-sa/3.0/,q163_1177896.mp3
https://www.jamendo.com/track/1227240,00:00,01:20,Why can you say the piano is not acoustic?,It doesn't have decay,The attack is to long,The tuning,The voicing,Sound Texture,Performance;Instrumentation,Medium,1227240,Loneliest Dream,Devon Elizabeth,The Loneliest Dream,http://creativecommons.org/licenses/by/3.0/,q164_1227240.mp3
https://www.jamendo.com/track/1227240,02:20,03:00,"What notes are sung by the vocals when the lyrics say ""This is the loneliest""?",C# - E,C# - F,C# - D#,C# - F#,Melody,,High,1227240,Loneliest Dream,Devon Elizabeth,The Loneliest Dream,http://creativecommons.org/licenses/by/3.0/,q165_1227240.mp3
https://www.jamendo.com/track/1227240,03:00,04:00,What mood does the synth create at the end of the song?,dreamy,happy,optimistic,sad,Mood and Expression,Instrumentation;Sound Texture,Low,1227240,Loneliest Dream,Devon Elizabeth,The Loneliest Dream,http://creativecommons.org/licenses/by/3.0/,q166_1227240.mp3
https://www.jamendo.com/track/7096,00:50,01:50,What is the rhythm feeling of the vocals in the chorus?,swinged,straight,laid back,accelerando,Metre and Rhythm,Performance,Medium,7096,Un type banal,adel,chansons d'après midi,http://creativecommons.org/licenses/by-nc-nd/2.0/fr/,q167_7096.mp3
https://www.jamendo.com/track/7096,00:00,01:00,"Right before the first verse, there are chords that are reminiscent of a particular jazz style. Do you know which one?",Modal jazz,Be bop,Hard bop,Fusion jazz,Genre and Style,Harmony,High,7096,Un type banal,adel,chansons d'après midi,http://creativecommons.org/licenses/by-nc-nd/2.0/fr/,q168_7096.mp3
https://www.jamendo.com/track/7096,00:50,01:50,The chorus starts with two descending notes in the bass. Can you determine the intervallic movement?,Chromatic,diatonic,hexatonic,pentatonic,Melody,Harmony,Medium,7096,Un type banal,adel,chansons d'après midi,http://creativecommons.org/licenses/by-nc-nd/2.0/fr/,q169_7096.mp3
https://www.jamendo.com/track/1103980,00:00,01:00,There is an harmonic dissonance in the fourth eighth note of the piano introduction. Can you determine the interval?,major 2,minor 2,major 3rd,minor 3rd,Harmony,Melody,High,1103980,The One I Waited For,Anydoll,Electric Heart,http://creativecommons.org/licenses/by-nc-sa/3.0/,q170_1103980.mp3
https://www.jamendo.com/track/1103980,00:45,01:45,The chorus suddenly changes the vibe of the song. How does the music create this?,by modulating to the relative major key,modulating to another key,playing chords with fourths,thinking about something beautiful,Harmony,Mood and Expression;Structure,High,1103980,The One I Waited For,Anydoll,Electric Heart,http://creativecommons.org/licenses/by-nc-sa/3.0/,q171_1103980.mp3
https://www.jamendo.com/track/1103980,00:00,01:00,What instrument does the piano sound like with the arpeggio texture of the introduction?,guitar,bass guitar,cello,synthesizer,Instrumentation,Sound Texture;Musical Texture,Low,1103980,The One I Waited For,Anydoll,Electric Heart,http://creativecommons.org/licenses/by-nc-sa/3.0/,q172_1103980.mp3
https://www.jamendo.com/track/121123,00:00,01:00,What mode is used in the exposition of the melody?,Phrygian,Locrian,Hungarian minor,Arabic,Melody,Harmony,High,121123,Lucky Number Seven,Triplexity,Between Light And Shadow,http://creativecommons.org/licenses/by-nc-nd/3.0/,q173_121123.mp3
https://www.jamendo.com/track/121123,00:00,01:00,What is the subdivision of the beats in this tune?,Ternary and binary,Ternary,Binary,Quaternary,Metre and Rhythm,,Medium,121123,Lucky Number Seven,Triplexity,Between Light And Shadow,http://creativecommons.org/licenses/by-nc-nd/3.0/,q174_121123.mp3
https://www.jamendo.com/track/121123,00:00,01:00,What time signature would you say this is?,7/8,12/16,5/4,6/8,Metre and Rhythm,,High,121123,Lucky Number Seven,Triplexity,Between Light And Shadow,http://creativecommons.org/licenses/by-nc-nd/3.0/,q175_121123.mp3
https://www.jamendo.com/track/1076450,00:00,01:00,What type of rhythm is used in the guitar introduction?,shuffle,swing,straight notes,eighth notes,Metre and Rhythm,,Medium,1076450,Frontline,Daniel Catarino,Songs From The Attic Window,http://creativecommons.org/licenses/by-nc-nd/3.0/,q176_1076450.mp3
https://www.jamendo.com/track/1076450,00:00,01:00,What instruments seem to duplicate the melody in the beginning of the verse?,guitar and vocals,guitar and bass,guitar and piano,vocals and piano,Instrumentation,Musical Texture;Melody,Medium,1076450,Frontline,Daniel Catarino,Songs From The Attic Window,http://creativecommons.org/licenses/by-nc-nd/3.0/,q177_1076450.mp3
https://www.jamendo.com/track/1076450,01:00,02:00,"What is the most important word in the vocal melody, taking into account the melodic contour?",Frontline,Me,meet,you,Melody,Lyrics,Medium,1076450,Frontline,Daniel Catarino,Songs From The Attic Window,http://creativecommons.org/licenses/by-nc-nd/3.0/,q178_1076450.mp3
https://www.jamendo.com/track/1407836,00:00,01:00,When are the electric guitar chords played in the introduction?,Downbeat and upbeat,Upbeat,Odd beats,Downbeat,Metre and Rhythm,Instrumentation;Structure,Medium,1407836,Say Hello,Michael Ellis,Tavis Vor,http://creativecommons.org/licenses/by-nc-sa/3.0/,q179_1407836.mp3
https://www.jamendo.com/track/1407836,00:00,01:00,Which type of radio station would be more likely to play this tune?,Commercial radio station,Alternative music radio station,Rock radio station,World music radio station,Functional Context,Genre and Style,Low,1407836,Say Hello,Michael Ellis,Tavis Vor,http://creativecommons.org/licenses/by-nc-sa/3.0/,q180_1407836.mp3
https://www.jamendo.com/track/1407836,00:00,01:00,"If you were a teacher, at which moment of the lesson would you use this song?",Beginning,End,Middle,All of them,Functional Context,,Low,1407836,Say Hello,Michael Ellis,Tavis Vor,http://creativecommons.org/licenses/by-nc-sa/3.0/,q181_1407836.mp3
https://www.jamendo.com/track/357330,01:00,02:00,What could be the meaning of the lyrics?,The girl is pregnant,The girl wants to return to the relationship with the singer.,The girl is in another unsuccessful relationship.,The girl only thinks about another girl,Lyrics,Mood and Expression,Low,357330,NO ME DIGAS QUE NO - EL GRAN PROYECTO,EL GRAN PROYECTO,,http://creativecommons.org/licenses/by/3.0/,q182_357330.mp3
https://www.jamendo.com/track/357330,00:00,01:00,What is the rhythm pattern of the bass?,Cumbia,Salsa,Bossa Nova,Bolero,Metre and Rhythm,Genre and Style;Instrumentation,Medium,357330,NO ME DIGAS QUE NO - EL GRAN PROYECTO,EL GRAN PROYECTO,,http://creativecommons.org/licenses/by/3.0/,q183_357330.mp3
https://www.jamendo.com/track/357330,01:00,02:00,How could you interpret this song from a feminist perspective?,It is expressing jealousy,It would be the same if a girl sang this song.,"It creates nostalgia, which can actually be good after a relationship.",It has a happy mood.,Lyrics,Mood and Expression;Historical and Cultural Context,Low,357330,NO ME DIGAS QUE NO - EL GRAN PROYECTO,EL GRAN PROYECTO,,http://creativecommons.org/licenses/by/3.0/,q184_357330.mp3
https://www.jamendo.com/track/661634,00:00,01:00,What harmonic progression can be heard in the introduction?,ii-V-I over the sixth chord,I-VII-III,I-ii-V,V-ii-I,Harmony,Structure,High,661634,Left,JoosTVD,Volumed 10 [2007],http://creativecommons.org/licenses/by-nc-sa/3.0/nl/,q185_661634.mp3
https://www.jamendo.com/track/661634,00:00,01:00,Which musical element predominates over the others in this tune?,Harmony,Rhythm,Timbre,Metric,Harmony,Metre and Rhythm;Sound Texture,Medium,661634,Left,JoosTVD,Volumed 10 [2007],http://creativecommons.org/licenses/by-nc-sa/3.0/nl/,q186_661634.mp3
https://www.jamendo.com/track/661634,00:00,01:00,How does this tune enhance the tonal harmony?,secondary dominants,modulation,polyrhythms,polyphony,Harmony,,High,661634,Left,JoosTVD,Volumed 10 [2007],http://creativecommons.org/licenses/by-nc-sa/3.0/nl/,q187_661634.mp3
https://www.jamendo.com/track/312915,00:00,00:30,What brass instruments are played in the intro?,Trumpets & trombones,Only trumpets,Saxophones and trombones,Saxophones and trumpets,Instrumentation,Structure,Medium,312915,Dueña De Mi Vida,Jan y Su Son Latino,Naciendo Para El Mundo,http://creativecommons.org/licenses/by-nc-nd/3.0/,q188_312915.mp3
https://www.jamendo.com/track/312915,00:00,00:30,How are the phrases distributed among the brass section in the intro?,The first phrase played by two trumpets and responded with other phrase by the trombones in unison,All the brass section plays together,Trumpets play the phrase and it is repeated by trombones,Every voice plays a different phrase,Instrumentation,Musical Texture,Medium,312915,Dueña De Mi Vida,Jan y Su Son Latino,Naciendo Para El Mundo,http://creativecommons.org/licenses/by-nc-nd/3.0/,q189_312915.mp3
https://www.jamendo.com/track/312915,00:00,01:00,What region of the world does this type of rhythm usually remind you of?,Latin America,North America,Africa,Europe,Metre and Rhythm,Historical and Cultural Context;Genre and Style,Low,312915,Dueña De Mi Vida,Jan y Su Son Latino,Naciendo Para El Mundo,http://creativecommons.org/licenses/by-nc-nd/3.0/,q190_312915.mp3
https://www.jamendo.com/track/1381590,00:00,01:30,What is the main string instrument in the song apart from the ukulele?,Banjo,Only ukulele,Guitar,Bass,Instrumentation,Sound Texture,Low,1381590,Save Yer Love For Me,Brady Harris,Ukulele Days EP,http://creativecommons.org/licenses/by-nc/3.0/,q191_1381590.mp3
https://www.jamendo.com/track/1381590,00:00,00:50,How many voices are recorded in the song?,Two voices singing in unison,Two voices singing in thirds,Only one voice,Three voices singing in unison,Musical Texture,Performance;Instrumentation,Medium,1381590,Save Yer Love For Me,Brady Harris,Ukulele Days EP,http://creativecommons.org/licenses/by-nc/3.0/,q192_1381590.mp3
https://www.jamendo.com/track/1381590,00:30,02:00,Which percussion instruments are played in the song?,"Bass drum, shaker & tambourine",Bass drum & hi-hats,Full drum set,,Instrumentation,Sound Texture,Medium,1381590,Save Yer Love For Me,Brady Harris,Ukulele Days EP,http://creativecommons.org/licenses/by-nc/3.0/,q193_1381590.mp3
https://www.jamendo.com/track/1268901,00:30,02:00,What kind of guitar technique is used in this song?,Flamenco technique,Picking,Pull-off technique,String bending,Performance,Instrumentation;Genre and Style,Low,1268901,Sketch for Paco in the Rain,Manuel Díaz R.,Dystopian Sketches,http://creativecommons.org/licenses/by-nc-sa/3.0/,q194_1268901.mp3
https://www.jamendo.com/track/1268901,00:30,02:00,What mode is used in the song?,Aeolian,Lydian,Mixolydian,Locrian,Melody,Harmony,High,1268901,Sketch for Paco in the Rain,Manuel Díaz R.,Dystopian Sketches,http://creativecommons.org/licenses/by-nc-sa/3.0/,q195_1268901.mp3
https://www.jamendo.com/track/1268901,00:00,00:30,What is the first chord played by the guitarist?,F minor,F major,D minor,G minor,Harmony,Instrumentation,High,1268901,Sketch for Paco in the Rain,Manuel Díaz R.,Dystopian Sketches,http://creativecommons.org/licenses/by-nc-sa/3.0/,q196_1268901.mp3
https://www.jamendo.com/track/1078326,00:00,01:20,What is the name of the rhythm used by the drums during this period?,Half time shuffle,Motown groove,Million dollar beat,Four on the floor,Metre and Rhythm,Performance,Medium,1078326,Lazy Duck,Martin Eigenmann,Martins Funk Fusion,http://creativecommons.org/licenses/by-sa/3.0/,q197_1078326.mp3
https://www.jamendo.com/track/1078326,00:00,01:22,Which cymbal does the drummer use in the bridge?,Ride cymbal,Crash cymbal,Hi-hats,Splash cymbal,Instrumentation,Structure;Performance,Medium,1078326,Lazy Duck,Martin Eigenmann,Martins Funk Fusion,http://creativecommons.org/licenses/by-sa/3.0/,q198_1078326.mp3
https://www.jamendo.com/track/1078326,01:43,02:25,What is the predominant component used by the synth during the solo?,Glide effect,The modulation wheel,The sustain,The output volume,Sound Texture,Performance;Instrumentation,Medium,1078326,Lazy Duck,Martin Eigenmann,Martins Funk Fusion,http://creativecommons.org/licenses/by-sa/3.0/,q199_1078326.mp3
https://www.jamendo.com/track/1121398,00:00,00:30,What instruments are used in the intro as accompaniment to the voice?,Synth piano and synth drums,Acoustic piano and acoustic drums,Guitars and drums,Bass and drums,Instrumentation,Sound Texture;Musical Texture,Medium,1121398,Seven Billion People and You,Marco Margna,Marco Margna Music Library 1,http://creativecommons.org/licenses/by-nc-nd/3.0/,q200_1121398.mp3
https://www.jamendo.com/track/1121398,00:00,00:30,"Hearing the voice, is it a native English speaker singing?",No,Yes,It is not clear,It could be,Performance,Lyrics,Low,1121398,Seven Billion People and You,Marco Margna,Marco Margna Music Library 1,http://creativecommons.org/licenses/by-nc-nd/3.0/,q201_1121398.mp3
https://www.jamendo.com/track/1121398,00:53,01:30,What kind of synth effects are used to create more anticipation for the chorus?,"Reverbs, Phasers and Distortion",EQ and Compressors,Tremolo and flangers,Chorus and EQ,Sound Texture,Structure,Medium,1121398,Seven Billion People and You,Marco Margna,Marco Margna Music Library 1,http://creativecommons.org/licenses/by-nc-nd/3.0/,q202_1121398.mp3
https://www.jamendo.com/track/962064,02:58,03:28,What is the main pedal effect used in the guitar solo?,Distortion pedal,Delay Pedal,Chorus Pedal,Phaser Pedal,Sound Texture,Instrumentation,Low,962064,Des espoirs,Law',Sans gêne ni oxygène,http://creativecommons.org/licenses/by-sa/3.0/,q203_962064.mp3
https://www.jamendo.com/track/962064,00:00,01:30,What is the scale predominantly used by the singer?,F# minor pentatonic,F minor,F minor pentatonic,Fm blues,Melody,,High,962064,Des espoirs,Law',Sans gêne ni oxygène,http://creativecommons.org/licenses/by-sa/3.0/,q204_962064.mp3
https://www.jamendo.com/track/1221864,00:00,00:30,What kind of accompaniment is the ukulele using in the intro?,Arpeggio patterns,Chord patterns,Syncopated patterns,Strumming,Musical Texture,Performance;Instrumentation,Medium,1221864,Draw Me a Picture,The A.J. Gatz Project,Who is A.J. Gatz? Volume 2,http://creativecommons.org/licenses/by-nc-nd/3.0/,q205_1221864.mp3
https://www.jamendo.com/track/1221864,00:00,00:30,What chord is the ukulele playing in the intro?,C6,A diminished,A minor,C7,Harmony,Instrumentation;Structure,High,1221864,Draw Me a Picture,The A.J. Gatz Project,Who is A.J. Gatz? Volume 2,http://creativecommons.org/licenses/by-nc-nd/3.0/,q206_1221864.mp3
https://www.jamendo.com/track/1221864,01:00,02:30,What kind of percussion is used for the bass drum?,Cajon,Acoustic bass tom,Floor tom,Snare drum,Instrumentation,,Medium,1221864,Draw Me a Picture,The A.J. Gatz Project,Who is A.J. Gatz? Volume 2,http://creativecommons.org/licenses/by-nc-nd/3.0/,q207_1221864.mp3
https://www.jamendo.com/track/1374348,00:00,00:30,What technique does the drummer use on the snare drum to mark the upbeat during the intro?,Close rim-shot,Open rim-shot,General punch,Overtone rim-shot,Performance,Instrumentation;Metre and Rhythm,High,1374348,Adelaine,Christian Petermann,Chillout Lounge,http://creativecommons.org/licenses/by-nc-sa/3.0/,q208_1374348.mp3
https://www.jamendo.com/track/1374348,01:00,02:30,What is the instrumentation of the piece?,"Synth Piano, Guitar, Bass & Drums","Synth Piano, Bass & Drums","Guitar, Bass & Drums",Piano and Drums,Instrumentation,,Low,1374348,Adelaine,Christian Petermann,Chillout Lounge,http://creativecommons.org/licenses/by-nc-sa/3.0/,q209_1374348.mp3
https://www.jamendo.com/track/1374348,01:00,02:30,What kind of feeling do the acoustic guitar solos in the song produce?,Calming & relaxing,Dreamy,Energizing,Depressing,Mood and Expression,Instrumentation;Performance,Low,1374348,Adelaine,Christian Petermann,Chillout Lounge,http://creativecommons.org/licenses/by-nc-sa/3.0/,q210_1374348.mp3
https://www.jamendo.com/track/336086,00:30,02:00,What type of drum sticks are being used to accompany the song?,Drum Brushes,Rods,Mallets,Standard sticks,Instrumentation,Performance;Sound Texture,Medium,336086,Grünes Land VIIb,Still Playing Guitar,Grünes Land,http://creativecommons.org/licenses/by/3.0/,q211_336086.mp3
https://www.jamendo.com/track/336086,01:30,03:00,How many guitars are playing during the song?,2,3,1,,Instrumentation,,Medium,336086,Grünes Land VIIb,Still Playing Guitar,Grünes Land,http://creativecommons.org/licenses/by/3.0/,q212_336086.mp3
https://www.jamendo.com/track/336086,00:00,01:00,What type of guitar is playing the accompaniment?,Acoustic guitar,Electric guitar,Bass guitar,Flamenco guitar,Instrumentation,Sound Texture,Low,336086,Grünes Land VIIb,Still Playing Guitar,Grünes Land,http://creativecommons.org/licenses/by/3.0/,q213_336086.mp3
https://www.jamendo.com/track/1298301,00:00,01:30,What genre does the song evoke?,Songwriting,Country pop,Pop rock,Dance pop,Genre and Style,,Low,1298301,A Little More (Acoustic),Nemo Wilson,Naked,http://creativecommons.org/licenses/by-nc-sa/3.0/,q214_1298301.mp3
https://www.jamendo.com/track/1298301,00:30,02:00,What type of technique is the guitar using during the chorus?,Slapping,Palm Muting,String bending,Tapping,Performance,Instrumentation,Medium,1298301,A Little More (Acoustic),Nemo Wilson,Naked,http://creativecommons.org/licenses/by-nc-sa/3.0/,q215_1298301.mp3
https://www.jamendo.com/track/1298301,00:30,02:00,What musical technique is used by the guitar accompaniment to emphasize rhythm in the chorus?,Back beat,On beat,Cross beat,Down beat,Metre and Rhythm,Instrumentation;Performance,Medium,1298301,A Little More (Acoustic),Nemo Wilson,Naked,http://creativecommons.org/licenses/by-nc-sa/3.0/,q216_1298301.mp3
https://www.jamendo.com/track/770629,00:00,01:00,What is the time signature of the intro of the piece?,3/4,9/8,6/8,12/4,Metre and Rhythm,Structure,Medium,770629,rebirth,Stefano mocini,Rebirth (single),http://creativecommons.org/licenses/by-nc-sa/3.0/,q217_770629.mp3
https://www.jamendo.com/track/770629,00:00,01:30,For what type of music was this song made?,Movie Soundtrack,Waltz dancing,Lounge bar,Jazz bar,Functional Context,Genre and Style,Low,770629,rebirth,Stefano mocini,Rebirth (single),http://creativecommons.org/licenses/by-nc-sa/3.0/,q218_770629.mp3
https://www.jamendo.com/track/1133179,00:00,00:30,How many bars does the drum play in the intro before the guitar comes in?,4,6,8,2,Structure,Metre and Rhythm;Instrumentation,Medium,1133179,Pure love,JJ LlombArt,Darkness...and love,http://creativecommons.org/licenses/by-nd/3.0/,q219_1133179.mp3
https://www.jamendo.com/track/1133179,00:30,02:00,What type of snare drum is the drummer using?,Piccolo,Metal,Wood,Marching,Instrumentation,,Medium,1133179,Pure love,JJ LlombArt,Darkness...and love,http://creativecommons.org/licenses/by-nd/3.0/,q220_1133179.mp3
https://www.jamendo.com/track/1133179,00:30,02:00,Is the singer a native English speaker?,No,Yes,Probably,Can't tell,Performance,Lyrics;Sound Texture,Low,1133179,Pure love,JJ LlombArt,Darkness...and love,http://creativecommons.org/licenses/by-nd/3.0/,q221_1133179.mp3
https://www.jamendo.com/track/1227366,00:00,01:30,What is the key of the bass pattern?,Bb minor,F major,C minor,G minor,Harmony,,High,1227366,Born To Be Easy,Mazelo Nostra,,http://creativecommons.org/licenses/by-sa/3.0/,q222_1227366.mp3
https://www.jamendo.com/track/1227366,00:00,01:30,What extended technique is used by the flutist during the solo?,Flutter tonguing,Shake,Spitting,Jet whistle,Performance,Sound Texture;Instrumentation,High,1227366,Born To Be Easy,Mazelo Nostra,,http://creativecommons.org/licenses/by-sa/3.0/,q223_1227366.mp3
https://www.jamendo.com/track/1227366,00:30,02:00,What percussion instruments are playing during the song?,Tambourine & cow bell,Cajon,Triangle,marimba,Instrumentation,Sound Texture,Low,1227366,Born To Be Easy,Mazelo Nostra,,http://creativecommons.org/licenses/by-sa/3.0/,q224_1227366.mp3
https://www.jamendo.com/track/26435,00:00,01:00,How does the song begin?,tetric,anacrusis,acephalous,a combination of all three,Metre and Rhythm,Structure,High,26435,Atmosphere,Celestial Aeon Project,Aeon 3,http://creativecommons.org/licenses/by-nc-sa/2.5/,q225_26435.mp3
https://www.jamendo.com/track/26435,00:00,01:00,What is this genre of music good for?,studying and working,partying,exercising,a parade,Functional Context,Mood and Expression;Genre and Style,Low,26435,Atmosphere,Celestial Aeon Project,Aeon 3,http://creativecommons.org/licenses/by-nc-sa/2.5/,q226_26435.mp3
https://www.jamendo.com/track/26435,00:00,01:00,Which of these options is most related to this song?,bedroom producer,racial protests,avant-garde music,futurism,Functional Context,Genre and Style;Sound Texture;Performance,Medium,26435,Atmosphere,Celestial Aeon Project,Aeon 3,http://creativecommons.org/licenses/by-nc-sa/2.5/,q227_26435.mp3
https://www.jamendo.com/track/7360,00:00,01:00,How are the different instruments introduced in the song?,progressive,all at the same time,Different sections are added at different times.,All of them follow the vocals.,Instrumentation,Musical Texture;Structure,Low,7360,Better Man,Steven Dunston,To Get Home Before Night Comes,http://creativecommons.org/licenses/by-nc-sa/2.5/,q228_7360.mp3
https://www.jamendo.com/track/7360,00:00,01:00,Which instruments make the song groovy?,kick and bass,snare,hi-hat,vocals,Instrumentation,Metre and Rhythm;Performance,Medium,7360,Better Man,Steven Dunston,To Get Home Before Night Comes,http://creativecommons.org/licenses/by-nc-sa/2.5/,q229_7360.mp3
https://www.jamendo.com/track/7360,00:30,01:30,What harmonic techniques is the composer using in the chorus?,It uses secondary dominants,slash chords,pedal point,polytonality,Harmony,Structure,High,7360,Better Man,Steven Dunston,To Get Home Before Night Comes,http://creativecommons.org/licenses/by-nc-sa/2.5/,q230_7360.mp3
https://www.jamendo.com/track/1321293,00:00,01:00,What roots would you say this song has?,African,South American,North American,Asian,Historical and Cultural Context,Genre and Style,Low,1321293,Bryan Art - Knowledge is the Power (Forward Riddim J.A.R 026),Yuanan &quot;J.A.R&quot;,Forward Riddim Prod. By J.A.R (JAR 026-027),http://creativecommons.org/licenses/by-nc-nd/3.0/,q231_1321293.mp3
https://www.jamendo.com/track/1321293,00:30,01:30,What are these lyrics about?,personal empowering,love,work,society,Lyrics,Mood and Expression,Low,1321293,Bryan Art - Knowledge is the Power (Forward Riddim J.A.R 026),Yuanan &quot;J.A.R&quot;,Forward Riddim Prod. By J.A.R (JAR 026-027),http://creativecommons.org/licenses/by-nc-nd/3.0/,q232_1321293.mp3
https://www.jamendo.com/track/1321293,00:40,01:40,What type of language is used in the lyrics of the song?,Metaphoric and symbolic,Realistic,Narrative,Essay,Lyrics,Mood and Expression,Low,1321293,Bryan Art - Knowledge is the Power (Forward Riddim J.A.R 026),Yuanan &quot;J.A.R&quot;,Forward Riddim Prod. By J.A.R (JAR 026-027),http://creativecommons.org/licenses/by-nc-nd/3.0/,q233_1321293.mp3
https://www.jamendo.com/track/156528,00:00,01:00,To which city does the introduction of the song transport you?,Granada,London,Dublin,Moscow,Mood and Expression,Structure,Low,156528,Encuentros,DeAmalia,,http://creativecommons.org/licenses/by-nc-nd/3.0/,q234_156528.mp3
https://www.jamendo.com/track/156528,00:00,01:00,What harmonic system is used here?,Tonal and modal,Tonal,Modal,Atonal,Harmony,,High,156528,Encuentros,DeAmalia,,http://creativecommons.org/licenses/by-nc-nd/3.0/,q235_156528.mp3
https://www.jamendo.com/track/156528,00:00,01:00,Who do you imagine playing this song?,A man,A woman,A girl,A boy,Performance,,Low,156528,Encuentros,DeAmalia,,http://creativecommons.org/licenses/by-nc-nd/3.0/,q236_156528.mp3
https://www.jamendo.com/track/270070,00:00,01:00,What scene does the introduction of this song remind you of?,A dancer on a flamenco tablao,A football match,A country house in Scandinavia,People meditating,Mood and Expression,Performance;Genre and Style,Low,270070,En el olivar,"Xauen, la banda del mono Titi",En el olivar,http://creativecommons.org/licenses/by-nc-sa/2.5/es/,q237_270070.mp3
https://www.jamendo.com/track/270070,00:40,01:30,What could you say about the introduction?,It plays a motif from different grades of the scale,It plays the same motif always,It plays random motifs,There is no structure,Melody,Structure,Medium,270070,En el olivar,"Xauen, la banda del mono Titi",En el olivar,http://creativecommons.org/licenses/by-nc-sa/2.5/es/,q238_270070.mp3
https://www.jamendo.com/track/270070,05:00,05:53,What are these lyrics about?,About weed and getting high,Having an infusion,Getting up in the morning and having breakfast,Plants,Lyrics,,Low,270070,En el olivar,"Xauen, la banda del mono Titi",En el olivar,http://creativecommons.org/licenses/by-nc-sa/2.5/es/,q239_270070.mp3
https://www.jamendo.com/track/1163315,00:00,01:00,"This song could have been written recently. However, its style sounds like it was written...",Before bebop,After bebop,Before ragtime,After jazz fusion,Genre and Style,Historical and Cultural Context,Medium,1163315,Gipsy,Carl-Friedrich von Steegen,Sax Pack,http://creativecommons.org/licenses/by-sa/2.0/de/,q240_1163315.mp3
https://www.jamendo.com/track/1163315,00:00,01:00,What is the rhythmic accompaniment of the organ?,Combination of downbeat & upbeat,Downbeat,Upbeat,Random,Metre and Rhythm,Instrumentation,Medium,1163315,Gipsy,Carl-Friedrich von Steegen,Sax Pack,http://creativecommons.org/licenses/by-sa/2.0/de/,q241_1163315.mp3
https://www.jamendo.com/track/1163315,00:00,01:00,What instrument would mark the movement of the foot if you were to dance to this song?,double bass,electric guitar,saxophone,drums,Metre and Rhythm,Instrumentation,Medium,1163315,Gipsy,Carl-Friedrich von Steegen,Sax Pack,http://creativecommons.org/licenses/by-sa/2.0/de/,q242_1163315.mp3
https://www.jamendo.com/track/78733,00:00,01:00,What element in the introduction creates intrigue?,the half step in the guitar part,the bass,the absence of drums,the combination of instruments,Melody,Instrumentation;Mood and Expression,High,78733,Honcho Graham From Birmingham,Josh Woodward,Not Quite Connected,http://creativecommons.org/licenses/by/3.0/,q243_78733.mp3
https://www.jamendo.com/track/78733,00:00,01:00,Which instrument sometimes doubles the notes of the vocals?,guitar,bass,none,strings,Instrumentation,Musical Texture,Medium,78733,Honcho Graham From Birmingham,Josh Woodward,Not Quite Connected,http://creativecommons.org/licenses/by/3.0/,q244_78733.mp3
https://www.jamendo.com/track/78733,00:00,01:00,What resource is used here to make the song harmonically ambiguous?,Homonymous key,Modulation to neighboring keys,Each instrument plays on a different key,Chord tensions,Harmony,,High,78733,Honcho Graham From Birmingham,Josh Woodward,Not Quite Connected,http://creativecommons.org/licenses/by/3.0/,q245_78733.mp3
https://www.jamendo.com/track/785425,00:00,01:00,What interval is repeated in the bass voice?,4th,8th,3rd,6th,Melody,Musical Texture,High,785425,La rupture - INSTRUMENTAL VERSION,Löhstana David,Folk & Acoustic,http://creativecommons.org/licenses/by-nc-sa/3.0/,q246_785425.mp3
https://www.jamendo.com/track/785425,00:00,01:00,What roots would you say this song has?,East Europe,North America,South America,Africa,Historical and Cultural Context,Genre and Style,Medium,785425,La rupture - INSTRUMENTAL VERSION,Löhstana David,Folk & Acoustic,http://creativecommons.org/licenses/by-nc-sa/3.0/,q247_785425.mp3
https://www.jamendo.com/track/785425,00:00,01:00,How do the different instruments relate to each other?,They complement each other polyphonically,They complement each other homophonically.,They complement each other with counterpoint lines.,They don't complement each other.,Musical Texture,Instrumentation;Melody,Medium,785425,La rupture - INSTRUMENTAL VERSION,Löhstana David,Folk & Acoustic,http://creativecommons.org/licenses/by-nc-sa/3.0/,q248_785425.mp3
https://www.jamendo.com/track/6730,00:00,01:00,What is the theme of this song?,love,faith,religion,freedom,Lyrics,Mood and Expression,Low,6730,Man of Faith,Steven Dunston,Hymns About Her (advance),http://creativecommons.org/licenses/by-nc-sa/2.5/,q249_6730.mp3
https://www.jamendo.com/track/6730,02:26,03:26,What cadence is played at the end of the song?,Authentic Cadence,Plagal Cadence,Broken Cadence,Imperfect Cadence,Harmony,Structure,High,6730,Man of Faith,Steven Dunston,Hymns About Her (advance),http://creativecommons.org/licenses/by-nc-sa/2.5/,q250_6730.mp3
https://www.jamendo.com/track/6730,00:00,01:00,How was the tide in the story told by the singer?,Rising,Going down,He doesn't talk about that,High,Lyrics,Mood and Expression,Low,6730,Man of Faith,Steven Dunston,Hymns About Her (advance),http://creativecommons.org/licenses/by-nc-sa/2.5/,q251_6730.mp3
https://www.jamendo.com/track/231013,00:00,01:00,What drug is commonly associated with this genre of music?,Weed,Alcohol,Cocaine,Heroin,Genre and Style,Historical and Cultural Context,Low,231013,Music,Loudog,Party Thieves,http://creativecommons.org/licenses/by-nc-sa/2.0/de/,q252_231013.mp3
https://www.jamendo.com/track/231013,01:00,02:00,Which instrument sounds soft and shy?,saxophone,bass,drums,organ,Instrumentation,Sound Texture;Mood and Expression,Low,231013,Music,Loudog,Party Thieves,http://creativecommons.org/licenses/by-nc-sa/2.0/de/,q253_231013.mp3
https://www.jamendo.com/track/231013,00:00,01:00,How would you imagine the temperature in the place where this song was created?,Warm,Cold,Rainy,Extremely hot,Mood and Expression,Sound Texture;Genre and Style;Instrumentation,Low,231013,Music,Loudog,Party Thieves,http://creativecommons.org/licenses/by-nc-sa/2.0/de/,q254_231013.mp3
https://www.jamendo.com/track/266919,00:00,01:00,How would you rate the sound production of this track?,Amateur,Professional,Expert,Specialist,Sound Texture,Performance,Low,266919,Slow Groovin,Raphael Pistachio,Orange Grooves,http://creativecommons.org/licenses/by-nc-nd/3.0/,q255_266919.mp3
https://www.jamendo.com/track/266919,00:00,01:00,What is the main scale used in the song?,Blues,Whole-half step,Half-whole step,Whole tone scale,Melody,,High,266919,Slow Groovin,Raphael Pistachio,Orange Grooves,http://creativecommons.org/licenses/by-nc-nd/3.0/,q256_266919.mp3
https://www.jamendo.com/track/266919,01:00,02:00,What musical backgrounds would you guess these musicians have?,jazz and rock,classical,pop,songwriters,Genre and Style,,Medium,266919,Slow Groovin,Raphael Pistachio,Orange Grooves,http://creativecommons.org/licenses/by-nc-nd/3.0/,q257_266919.mp3
https://www.jamendo.com/track/349850,00:00,01:00,Where is the vocalist's accent from?,Brazil,Portugal,Cape Verde,Mozambique,Historical and Cultural Context,Performance,Low,349850,Órgão do Universo,Guilherme De Marco,Encruzilhada,http://creativecommons.org/licenses/by-nc-sa/3.0/,q258_349850.mp3
https://www.jamendo.com/track/349850,02:00,03:00,There is something strange in the mix. What is it?,The rhythmic guitars are panned in different sides of the stereo and they don't sound at the same time,The electric guitar is too loud,The percussion is too compressed,The reverb has parallel compression,Sound Texture,Metre and Rhythm;Instrumentation;Performance,Medium,349850,Órgão do Universo,Guilherme De Marco,Encruzilhada,http://creativecommons.org/licenses/by-nc-sa/3.0/,q259_349850.mp3
https://www.jamendo.com/track/349850,01:00,02:00,Which of these musical elements contributes to adding emotion to the song?,A broad melodic contour,A narrow melodic contour,Rhythmic percussion,Timbre of instruments used,Melody,Mood and Expression,Medium,349850,Órgão do Universo,Guilherme De Marco,Encruzilhada,http://creativecommons.org/licenses/by-nc-sa/3.0/,q260_349850.mp3
https://www.jamendo.com/track/924963,00:00,01:00,What could be the intended mood of this tune?,Relaxing,Delighting,Depressing,Sad,Mood and Expression,,Low,924963,Herbstsommer,Christian Zell,,http://creativecommons.org/licenses/by/2.0/de/,q261_924963.mp3
https://www.jamendo.com/track/924963,01:00,02:00,What does not contribute to creating this mood?,Tremolo,Reverb,The sound of the guitar,A clear and consonant harmony,Mood and Expression,Sound Texture;Instrumentation;Harmony;Performance,Medium,924963,Herbstsommer,Christian Zell,,http://creativecommons.org/licenses/by/2.0/de/,q262_924963.mp3
https://www.jamendo.com/track/924963,00:00,01:00,Which of these genres cannot be recognized in this tune?,Drone music,Ambient,New Age,Modern classical music,Genre and Style,,Medium,924963,Herbstsommer,Christian Zell,,http://creativecommons.org/licenses/by/2.0/de/,q263_924963.mp3
https://www.jamendo.com/track/1138775,00:00,01:00,Which of these genres cannot be recognized in this tune?,Flamenco,Hip hop,Pop,Soul,Genre and Style,,Low,1138775,Yesterday,Kellee Maize,Age of Feminine (2007),http://creativecommons.org/licenses/by-nc-sa/3.0/,q264_1138775.mp3
https://www.jamendo.com/track/1138775,00:00,01:00,What type of drums are featured in this song?,Drum machine,Acoustic Drums,Hybrid drums,Percussion,Instrumentation,Sound Texture,Low,1138775,Yesterday,Kellee Maize,Age of Feminine (2007),http://creativecommons.org/licenses/by-nc-sa/3.0/,q265_1138775.mp3
https://www.jamendo.com/track/1138775,00:00,01:00,Who is the primary audience intended for the song?,Young women,Elder women,Elder men,Other,Functional Context,,Low,1138775,Yesterday,Kellee Maize,Age of Feminine (2007),http://creativecommons.org/licenses/by-nc-sa/3.0/,q266_1138775.mp3
https://www.jamendo.com/track/1070646,00:00,01:00,Which instrument is not present in the song?,mandolin,castanets,flamenco cajón,guitar,Instrumentation,,Medium,1070646,SANGRIA COKTAIL,Guy Berrier,Sangria Coktail,http://creativecommons.org/licenses/by-nc-nd/2.0/fr/,q267_1070646.mp3
https://www.jamendo.com/track/1070646,00:00,01:00,Where could the roots of this song be?,Andalucia,Mexico,Cuba,Barcelona,Historical and Cultural Context,Genre and Style,Medium,1070646,SANGRIA COKTAIL,Guy Berrier,Sangria Coktail,http://creativecommons.org/licenses/by-nc-nd/2.0/fr/,q268_1070646.mp3
https://www.jamendo.com/track/1070646,00:00,01:00,Which scales or modes are related to the one we hear in this song?,Phrygian,Ionian,Lydian,Mixolydian,Melody,Harmony,High,1070646,SANGRIA COKTAIL,Guy Berrier,Sangria Coktail,http://creativecommons.org/licenses/by-nc-nd/2.0/fr/,q269_1070646.mp3
https://www.jamendo.com/track/17954,00:00,01:00,What instrument does the sound of the lead bass imitate at the beginning of the song?,Sitar,Piano,Organ,trumpet,Instrumentation,Sound Texture,Low,17954,Ventus Solaris,Revolution Void,Thread Soul,http://creativecommons.org/licenses/by-nc-nd/3.0/,q270_17954.mp3
https://www.jamendo.com/track/17954,01:00,02:00,What comping technique is used by the keyboard player?,Approaching chords,stride piano,Garland-style comping,,Performance,Harmony;Instrumentation,High,17954,Ventus Solaris,Revolution Void,Thread Soul,http://creativecommons.org/licenses/by-nc-nd/3.0/,q271_17954.mp3
https://www.jamendo.com/track/17954,03:50,04:50,What solo technique does the sax player use to make the improvisation harmonically interesting?,Playing momentarily outside the key of the song,Quoting popular melodies,Playing only one note,Playing the Hendrix scale,Harmony,Melody;Performance,High,17954,Ventus Solaris,Revolution Void,Thread Soul,http://creativecommons.org/licenses/by-nc-nd/3.0/,q272_17954.mp3
https://www.jamendo.com/track/1131366,00:00,01:00,Which of the following statements is true?,The introduction copies a popular classical melody,The end of the song doesn't use a melody from any other song,The melody of the chorus is related to the melody of the introduction,The introduction is motivically related to the rest of the song,Melody,Structure;Historical and Cultural Context,Low,1131366,Bariô,Dani Alba,Bariô,http://creativecommons.org/licenses/by/3.0/,q273_1131366.mp3
https://www.jamendo.com/track/1131366,00:30,02:00,Which of the following statements is not true?,The accompaniment doesn't use the leading note,The verse starts with a two-chord harmonic progression,The song uses the Andalusian cadence,The guitar plays filling motives between the vocal phrases,Harmony,Instrumentation;Musical Texture,High,1131366,Bariô,Dani Alba,Bariô,http://creativecommons.org/licenses/by/3.0/,q274_1131366.mp3
https://www.jamendo.com/track/1131366,01:00,02:00,What effect is created by modulating the song?,It creates excitement,It creates relaxation,It creates a different mood in the song.,It introduces different musical elements.,Mood and Expression,Harmony,Low,1131366,Bariô,Dani Alba,Bariô,http://creativecommons.org/licenses/by/3.0/,q275_1131366.mp3
https://www.jamendo.com/track/30259,00:00,01:00,Which of the following statements is true about the introduction?,The piano plays a pentatonic pattern,The piano plays a pentatonic scale,The piano plays a diatonic scale,The piano is not playing with the sustain pedal,Melody,Performance,High,30259,Reggae Reggae,Slap Stick,Where we belong to...,http://creativecommons.org/licenses/by-nc-nd/3.0/,q276_30259.mp3
https://www.jamendo.com/track/30259,00:00,01:00,What is this music intended for?,Dancing,Sleeping,a funeral,a religious ceremony,Functional Context,,Low,30259,Reggae Reggae,Slap Stick,Where we belong to...,http://creativecommons.org/licenses/by-nc-nd/3.0/,q277_30259.mp3
https://www.jamendo.com/track/30259,00:00,01:00,What topics do the lyrics cover?,Social change,Love,Friendship,The western world,Lyrics,Historical and Cultural Context,Low,30259,Reggae Reggae,Slap Stick,Where we belong to...,http://creativecommons.org/licenses/by-nc-nd/3.0/,q278_30259.mp3
https://www.jamendo.com/track/617329,00:00,01:00,Which instrument is least commonly associated with Reggae music?,Drums,Piano,Vocals,Organ,Instrumentation,Genre and Style,Low,617329,Tout va trop vite,DON VALDES,Dans mon coeur,http://creativecommons.org/licenses/by-nc-sa/2.0/fr/,q279_617329.mp3
https://www.jamendo.com/track/617329,00:00,01:00,What is the protest content of the lyrics?,High,Medium,Low,,Lyrics,Historical and Cultural Context;Mood and Expression,Low,617329,Tout va trop vite,DON VALDES,Dans mon coeur,http://creativecommons.org/licenses/by-nc-sa/2.0/fr/,q280_617329.mp3
https://www.jamendo.com/track/617329,00:30,02:00,Who sings the choir vocals?,The same singer as the lead voice,A different person than the lead singer,Other singers,A cloned voice,Performance,Instrumentation;Musical Texture,Medium,617329,Tout va trop vite,DON VALDES,Dans mon coeur,http://creativecommons.org/licenses/by-nc-sa/2.0/fr/,q281_617329.mp3
https://www.jamendo.com/track/852,00:00,01:00,Which instrument has a strong presence in the center of the mix?,Bass,guitar,trumpet,keyboard,Sound Texture,Instrumentation,Low,852,Né Funky,Kiff'On,Nés Funky,http://creativecommons.org/licenses/by-nc-nd/2.0/,q282_852.mp3
https://www.jamendo.com/track/852,00:00,01:00,What audio effect gives the guitar a funky vibe in this song?,Wah-wah,reverb,echo,delay,Sound Texture,Mood and Expression;Genre and Style,Low,852,Né Funky,Kiff'On,Nés Funky,http://creativecommons.org/licenses/by-nc-nd/2.0/,q283_852.mp3
https://www.jamendo.com/track/852,00:50,02:00,Which of these statements is true?,The vocal style of the chorus is very rhythmic and with few words,The vocal style of the chorus is a bit rhythmic and melismatic,There is no vocals,The vocal style of the chorus isn't syncopated,Performance,Metre and Rhythm;Lyrics,Low,852,Né Funky,Kiff'On,Nés Funky,http://creativecommons.org/licenses/by-nc-nd/2.0/,q284_852.mp3
https://www.jamendo.com/track/1222340,00:00,01:00,Which of the following situations would not be suitable for this music?,An anniversary party,A soundtrack of a movie,A theater play,A concert for children,Functional Context,Mood and Expression;Genre and Style,Low,1222340,Le Beau Blaireau,NICOCO,Mellow Man,http://creativecommons.org/licenses/by-nc-nd/3.0/,q285_1222340.mp3
https://www.jamendo.com/track/1222340,00:00,01:00,Which of the following musical elements is most prominent in this piece?,Melody,Harmony,Rhythm,Timbre,Melody,Harmony;Metre and Rhythm;Sound Texture,Low,1222340,Le Beau Blaireau,NICOCO,Mellow Man,http://creativecommons.org/licenses/by-nc-nd/3.0/,q286_1222340.mp3
https://www.jamendo.com/track/1222340,00:00,01:00,What do the melodic instruments imitate?,A conversation,A painting,A sculpture,An essay,Melody,Musical Texture,Low,1222340,Le Beau Blaireau,NICOCO,Mellow Man,http://creativecommons.org/licenses/by-nc-nd/3.0/,q287_1222340.mp3
https://www.jamendo.com/track/1222369,00:00,01:00,What type of movie theme would you say this song fits?,Epic,Love,Adventure,Mystery,Genre and Style,Mood and Expression;Functional Context,Low,1222369,Give Way Choir,NICOCO,Mellow Man,http://creativecommons.org/licenses/by-nc-nd/3.0/,q288_1222369.mp3
https://www.jamendo.com/track/1222369,00:00,01:00,What feeling does this song add to the picture?,tension,calm,intrigue,excitement,Mood and Expression,,Low,1222369,Give Way Choir,NICOCO,Mellow Man,http://creativecommons.org/licenses/by-nc-nd/3.0/,q289_1222369.mp3
https://www.jamendo.com/track/1222369,01:40,02:40,Which of these elements does not contribute to creating tension in the song?,long notes played by the trumpet,ostinato,accents,percussion,Mood and Expression,Instrumentation;Performance;Musical Texture,Low,1222369,Give Way Choir,NICOCO,Mellow Man,http://creativecommons.org/licenses/by-nc-nd/3.0/,q290_1222369.mp3
https://www.jamendo.com/track/1352257,00:00,01:00,Which of these statements is true?,The instruments do not sound as they were quantized,There are no instruments being played,The instruments sound as if they were quantized,The production uses a lot of compression,Metre and Rhythm,Performance;Sound Texture,Medium,1352257,Still The One,ÿ⇾㸄㬄㸄㈄䰄㔄㈄ က㴄㐄䀄㔄㤄,Time Of Silence,http://creativecommons.org/licenses/by-nc-nd/3.0/,q291_1352257.mp3
https://www.jamendo.com/track/1352257,01:00,02:00,Which country does this music remind you of?,Brazil,Spain,Cuba,Mexico,Historical and Cultural Context,Genre and Style;Mood and Expression,Low,1352257,Still The One,ÿ⇾㸄㬄㸄㈄䰄㔄㈄ က㴄㐄䀄㔄㤄,Time Of Silence,http://creativecommons.org/licenses/by-nc-nd/3.0/,q292_1352257.mp3
https://www.jamendo.com/track/1352257,01:00,02:00,What is the main goal of the bass line?,Play the fundamental and the 5th,Play the fundamental,Play the fundamental and the 7th,Play the fundamental and the 3rd,Harmony,Instrumentation;Musical Texture,High,1352257,Still The One,ÿ⇾㸄㬄㸄㈄䰄㔄㈄ က㴄㐄䀄㔄㤄,Time Of Silence,http://creativecommons.org/licenses/by-nc-nd/3.0/,q293_1352257.mp3
https://www.jamendo.com/track/1936726,00:00,01:00,What is the most important element in this song?,Texture/Timbre,Melody,Harmony,Rhythm,Sound Texture,Musical Texture;Melody;Harmony;Metre and Rhythm,Medium,1936726,Sun Spot - Emptiness (Original Mix),Sun Spot,,http://creativecommons.org/licenses/by-nc-nd/3.0/,q294_1936726.mp3
https://www.jamendo.com/track/1936726,00:00,01:00,What is the decay time of the reverb used in this song?,Long,Short,Medium,Very short,Sound Texture,Performance,Medium,1936726,Sun Spot - Emptiness (Original Mix),Sun Spot,,http://creativecommons.org/licenses/by-nc-nd/3.0/,q295_1936726.mp3
https://www.jamendo.com/track/1936726,00:00,01:00,How is the reverb size used in this song?,Large,Small,Medium,Very small,Sound Texture,Mood and Expression,Medium,1936726,Sun Spot - Emptiness (Original Mix),Sun Spot,,http://creativecommons.org/licenses/by-nc-nd/3.0/,q296_1936726.mp3
https://www.jamendo.com/track/1320579,00:00,00:30,What type of pedal effect is applied on the voice in the intro?,Fuzz pedal,Distortion pedal,Delay pedal,Octaver pedal,Sound Texture,,High,1320579,Mercy,The Man In Washington,Sea Green,http://creativecommons.org/licenses/by-nc-sa/3.0/,q297_1320579.mp3
https://www.jamendo.com/track/1320579,00:00,01:30,What instrument plays the bass line?,Bass Guitar,Acoustic bass,Synth Bass,There´s no bass,Instrumentation,Musical Texture,Low,1320579,Mercy,The Man In Washington,Sea Green,http://creativecommons.org/licenses/by-nc-sa/3.0/,q298_1320579.mp3
https://www.jamendo.com/track/1320579,00:30,02:00,What region of the US does this type of music usually remind you of?,Southern music,Midwest music,East coast music,Northwest music,Historical and Cultural Context,Genre and Style,Low,1320579,Mercy,The Man In Washington,Sea Green,http://creativecommons.org/licenses/by-nc-sa/3.0/,q299_1320579.mp3
https://www.jamendo.com/track/1079319,00:00,00:30,Which instruments are used to accompany the voice in the intro?,Synth & drum pads,Piano and percussion,Drums & Bass,Guitar & piano,Instrumentation,Structure;Musical Texture,Low,1079319,Let It Go,Raphelle Andrews,Let It Go,http://creativecommons.org/licenses/by-sa/3.0/,q300_1079319.mp3
https://www.jamendo.com/track/1079319,00:30,01:30,What do the lyrics suggest?,Sexual connotation,Romantic connotation,Love,Hope,Lyrics,Mood and Expression,Low,1079319,Let It Go,Raphelle Andrews,Let It Go,http://creativecommons.org/licenses/by-sa/3.0/,q301_1079319.mp3
https://www.jamendo.com/track/1079319,00:00,01:30,What´s the style of the song?,Neo hip hop,Pop,Rap,Jazz,Genre and Style,,High,1079319,Let It Go,Raphelle Andrews,Let It Go,http://creativecommons.org/licenses/by-sa/3.0/,q302_1079319.mp3
https://www.jamendo.com/track/498814,00:00,00:55,What kind of music does the intro evoke?,Middle eastern music,Mediterranean,Latin music,Asian music,Genre and Style,Historical and Cultural Context,Low,498814,Morning with her,Jimi Sobara,Midnight Motel,http://creativecommons.org/licenses/by-sa/2.5/bg/,q303_498814.mp3
https://www.jamendo.com/track/498814,00:00,00:55,Which tonality is used in the intro?,E minor,G major,C minor,A major,Harmony,Structure,High,498814,Morning with her,Jimi Sobara,Midnight Motel,http://creativecommons.org/licenses/by-sa/2.5/bg/,q304_498814.mp3
https://www.jamendo.com/track/498814,01:00,02:30,What mode is mainly played by the guitar?,Phrygian,Dorian,Locrian,Ionian,Melody,Instrumentation,High,498814,Morning with her,Jimi Sobara,Midnight Motel,http://creativecommons.org/licenses/by-sa/2.5/bg/,q305_498814.mp3
https://www.jamendo.com/track/785413,00:30,02:00,How many guitars are playing during the song?,Three,Two,Four,One,Instrumentation,Musical Texture,Medium,785413,Alexandra 03 - INSTRUMENTAL VERSION,Löhstana David,Folk & Acoustic,http://creativecommons.org/licenses/by-nc-sa/3.0/,q306_785413.mp3
https://www.jamendo.com/track/785413,00:30,02:00,What type of guitars are used?,Acoustic & electric,Only acoustic,Only electric,Bass guitar,Instrumentation,,Low,785413,Alexandra 03 - INSTRUMENTAL VERSION,Löhstana David,Folk & Acoustic,http://creativecommons.org/licenses/by-nc-sa/3.0/,q307_785413.mp3
https://www.jamendo.com/track/785413,00:30,02:00,Which percussion instruments are used in the song?,Cajón Peruano and brushes,Congas,Timbal and buss drum,Bongo,Instrumentation,Sound Texture,Medium,785413,Alexandra 03 - INSTRUMENTAL VERSION,Löhstana David,Folk & Acoustic,http://creativecommons.org/licenses/by-nc-sa/3.0/,q308_785413.mp3
https://www.jamendo.com/track/964594,00:30,02:00,What is the configuration in the brass section?,"2 trumpets, 1 trombone, 2 Saxos","1 trumpet, 1 trombone , 1 sax","1 Sax, 1 Trumpet",3 trumpets,Instrumentation,,Medium,964594,A ESTHER FORERO - Jan Y Su Son Latino,Jan y Su Son Latino,Homenaje a Esthercita Forero. La Novia de Barranquilla,http://creativecommons.org/licenses/by-nc-nd/3.0/,q309_964594.mp3
https://www.jamendo.com/track/964594,00:00,01:30,What type of genre is this song?,Merengue,Salsa,Cumbia,Ska,Genre and Style,,Medium,964594,A ESTHER FORERO - Jan Y Su Son Latino,Jan y Su Son Latino,Homenaje a Esthercita Forero. La Novia de Barranquilla,http://creativecommons.org/licenses/by-nc-nd/3.0/,q310_964594.mp3
https://www.jamendo.com/track/964594,00:30,02:00,What's the instrument used to mark the rhythm?,Metallic guiro,Wooden guiro,Cow bell,Congas,Instrumentation,Metre and Rhythm,Medium,964594,A ESTHER FORERO - Jan Y Su Son Latino,Jan y Su Son Latino,Homenaje a Esthercita Forero. La Novia de Barranquilla,http://creativecommons.org/licenses/by-nc-nd/3.0/,q311_964594.mp3
https://www.jamendo.com/track/1051203,00:00,01:30,Which piano technique is used during the accompaniment?,Rhythmic arpeggios,Block chords,Counterpoint,Rhythmic comping,Musical Texture,Performance;Metre and Rhythm,Medium,1051203,The Letter,Jill Zimmerman,Souls to Fuse,http://creativecommons.org/licenses/by-nc-sa/3.0/,q312_1051203.mp3
https://www.jamendo.com/track/1051203,00:30,02:00,What emotions do the lyrics evoke?,Sadness,Dreaminess,Joy,Triumph,Mood and Expression,Lyrics,Low,1051203,The Letter,Jill Zimmerman,Souls to Fuse,http://creativecommons.org/licenses/by-nc-sa/3.0/,q313_1051203.mp3
https://www.jamendo.com/track/1051203,01:00,02:00,What dynamics are used by the piano to accompany the bridge?,Crescendo/Discrescendo,Fortissimo,Pianissimo,Mezzo piano,Performance,Structure;Instrumentation,Medium,1051203,The Letter,Jill Zimmerman,Souls to Fuse,http://creativecommons.org/licenses/by-nc-sa/3.0/,q314_1051203.mp3
https://www.jamendo.com/track/1351134,00:30,02:00,What´s the rhythm used by the drums in the song?,Four on the floor,,Swing,Shuffle,Metre and Rhythm,Instrumentation;Performance,Medium,1351134,Highway 84,Not From Georgia,Willie's Gone,http://creativecommons.org/licenses/by-nc-nd/3.0/,q315_1351134.mp3
https://www.jamendo.com/track/1351134,00:00,01:30,Where is this type of music usually played?,Honky Tonk bars,Jazz clubs,Night clubs,Restaurants,Functional Context,Genre and Style,Low,1351134,Highway 84,Not From Georgia,Willie's Gone,http://creativecommons.org/licenses/by-nc-nd/3.0/,q316_1351134.mp3
https://www.jamendo.com/track/1351134,01:00,02:30,What percussion instrument is used to divide tempo?,Tambourine,Cow Bell,Maracas,Congas,Metre and Rhythm,Instrumentation,Low,1351134,Highway 84,Not From Georgia,Willie's Gone,http://creativecommons.org/licenses/by-nc-nd/3.0/,q317_1351134.mp3
https://www.jamendo.com/track/307395,00:00,01:30,What type of technique is used by the guitar?,Fingerpicking,Palm mute,Travis picking,Tremolo picking,Performance,Instrumentation,Medium,307395,El escultor.,Emilio Pineda,Amor Luna,http://creativecommons.org/licenses/by-nc-nd/3.0/,q318_307395.mp3
https://www.jamendo.com/track/307395,00:15,01:15,What kind of clave is used by the percussion?,3+2,2+3,2+2,3+3,Metre and Rhythm,Genre and Style;Historical and Cultural Context;Instrumentation,High,307395,El escultor.,Emilio Pineda,Amor Luna,http://creativecommons.org/licenses/by-nc-nd/3.0/,q319_307395.mp3
https://www.jamendo.com/track/307395,00:30,02:00,What is this genre called?,Trova cubana,Flamenco,Folk,Jazz,Genre and Style,Historical and Cultural Context,High,307395,El escultor.,Emilio Pineda,Amor Luna,http://creativecommons.org/licenses/by-nc-nd/3.0/,q320_307395.mp3
